[Stage1] Sync-VAD (speech) for box...

======================================================================
SYNCHRONIZED X-Y SPECTROGRAM VAD PROCESSING SUMMARY
======================================================================
X input directory: /Users/sbplab/LDV-data-processed/speech_original_data_no_edge
Y input directory: /Users/sbplab/LDV-data-processed/speech_box_data_no_edge
X output directory: /Users/sbplab/LDV-data-processed/speech_original_data_no_edge_sync_vad
Y output directory: /Users/sbplab/LDV-data-processed/speech_box_data_no_edge_sync_vad
VAD threshold: 1.00e-06
VAD method: hard
Files processed: 111
Common angles: 37
Average X energy retained: 99.8%
Average Y energy retained: 100.0%
Synchronization success rate: 100.0%

Ready for NMF reconstruction testing with synchronized VAD-processed X-Y data!

2025-11-11 16:46:57,547 - INFO - Using synchronized X-Y spectrogram VAD threshold: 1.00e-06
2025-11-11 16:46:57,547 - INFO - STFT config: n_fft=2048, hop_length=512, freq_range=[500.0, 3000.0]
2025-11-11 16:46:57,547 - INFO - X input has no angle_* directories; using flat X for all Y angles
2025-11-11 16:46:57,547 - INFO - Found 37 common angles: ['angle_0', 'angle_10', 'angle_100', 'angle_105', 'angle_110', 'angle_115', 'angle_120', 'angle_125', 'angle_130', 'angle_135', 'angle_140', 'angle_145', 'angle_15', 'angle_150', 'angle_155', 'angle_160', 'angle_165', 'angle_170', 'angle_175', 'angle_180', 'angle_20', 'angle_25', 'angle_30', 'angle_35', 'angle_40', 'angle_45', 'angle_5', 'angle_50', 'angle_55', 'angle_60', 'angle_65', 'angle_70', 'angle_75', 'angle_80', 'angle_85', 'angle_90', 'angle_95']
2025-11-11 16:46:57,547 - INFO - Processing angle_0...
2025-11-11 16:46:57,548 - INFO - Starting synchronized X-Y VAD processing:
2025-11-11 16:46:57,548 - INFO -   X audio shape: (131584,), range: [-0.707001, 0.610229]
2025-11-11 16:46:57,548 - INFO -   Y audio shape: (131584,), range: [-0.190968, 0.202825]
2025-11-11 16:46:57,551 - INFO - Spectrogram shapes: X=(1025, 87), Y=(1025, 87)
2025-11-11 16:46:57,552 - INFO - Filtered spectrogram shapes: X=(108, 87), Y=(108, 87)
2025-11-11 16:46:57,552 - INFO - Original Y magnitude stats: mean=1.421069e-04, std=1.145661e-03
2025-11-11 16:46:57,552 - INFO - Original X magnitude stats: mean=8.618890e-04, std=3.908593e-03
2025-11-11 16:46:57,552 - INFO - Y values below threshold 1.00e-06: 0.9%
2025-11-11 16:46:57,552 - INFO - VAD mask applied: 99.1% time-frequency points retained
2025-11-11 16:46:57,553 - INFO - Y energy retained: 1.000
2025-11-11 16:46:57,553 - INFO - X energy retained: 0.999
2025-11-11 16:46:57,553 - INFO - Audio energy scaling: X=0.999, Y=1.000
2025-11-11 16:46:57,554 - INFO - Starting synchronized X-Y VAD processing:
2025-11-11 16:46:57,554 - INFO -   X audio shape: (132608,), range: [-0.468628, 0.518311]
2025-11-11 16:46:57,554 - INFO -   Y audio shape: (132608,), range: [-0.139477, 0.142637]
2025-11-11 16:46:57,557 - INFO - Spectrogram shapes: X=(1025, 88), Y=(1025, 88)
2025-11-11 16:46:57,557 - INFO - Filtered spectrogram shapes: X=(108, 88), Y=(108, 88)
2025-11-11 16:46:57,558 - INFO - Original Y magnitude stats: mean=1.164081e-04, std=8.112208e-04
2025-11-11 16:46:57,558 - INFO - Original X magnitude stats: mean=6.736821e-04, std=2.460992e-03
2025-11-11 16:46:57,558 - INFO - Y values below threshold 1.00e-06: 1.8%
2025-11-11 16:46:57,558 - INFO - VAD mask applied: 98.2% time-frequency points retained
2025-11-11 16:46:57,558 - INFO - Y energy retained: 1.000
2025-11-11 16:46:57,558 - INFO - X energy retained: 0.999
2025-11-11 16:46:57,558 - INFO - Audio energy scaling: X=0.999, Y=1.000
2025-11-11 16:46:57,559 - INFO - Starting synchronized X-Y VAD processing:
2025-11-11 16:46:57,559 - INFO -   X audio shape: (148480,), range: [-0.418335, 0.471100]
2025-11-11 16:46:57,559 - INFO -   Y audio shape: (148480,), range: [-0.140865, 0.173235]
2025-11-11 16:46:57,563 - INFO - Spectrogram shapes: X=(1025, 98), Y=(1025, 98)
2025-11-11 16:46:57,563 - INFO - Filtered spectrogram shapes: X=(108, 98), Y=(108, 98)
2025-11-11 16:46:57,563 - INFO - Original Y magnitude stats: mean=1.453681e-04, std=1.045576e-03
2025-11-11 16:46:57,563 - INFO - Original X magnitude stats: mean=9.816989e-04, std=3.711045e-03
2025-11-11 16:46:57,563 - INFO - Y values below threshold 1.00e-06: 0.8%
2025-11-11 16:46:57,563 - INFO - VAD mask applied: 99.2% time-frequency points retained
2025-11-11 16:46:57,563 - INFO - Y energy retained: 1.000
2025-11-11 16:46:57,563 - INFO - X energy retained: 0.999
2025-11-11 16:46:57,563 - INFO - Audio energy scaling: X=0.999, Y=1.000
2025-11-11 16:46:57,564 - INFO - Processing angle_10...
2025-11-11 16:46:57,565 - INFO - Starting synchronized X-Y VAD processing:
2025-11-11 16:46:57,565 - INFO -   X audio shape: (131584,), range: [-0.707001, 0.610229]
2025-11-11 16:46:57,565 - INFO -   Y audio shape: (131584,), range: [-0.103296, 0.121802]
2025-11-11 16:46:57,567 - INFO - Spectrogram shapes: X=(1025, 87), Y=(1025, 87)
2025-11-11 16:46:57,567 - INFO - Filtered spectrogram shapes: X=(108, 87), Y=(108, 87)
2025-11-11 16:46:57,568 - INFO - Original Y magnitude stats: mean=9.519832e-05, std=5.504021e-04
2025-11-11 16:46:57,568 - INFO - Original X magnitude stats: mean=8.618890e-04, std=3.908593e-03
2025-11-11 16:46:57,568 - INFO - Y values below threshold 1.00e-06: 2.0%
2025-11-11 16:46:57,568 - INFO - VAD mask applied: 98.0% time-frequency points retained
2025-11-11 16:46:57,568 - INFO - Y energy retained: 1.000
2025-11-11 16:46:57,568 - INFO - X energy retained: 0.998
2025-11-11 16:46:57,568 - INFO - Audio energy scaling: X=0.998, Y=1.000
2025-11-11 16:46:57,569 - INFO - Starting synchronized X-Y VAD processing:
2025-11-11 16:46:57,569 - INFO -   X audio shape: (132608,), range: [-0.468628, 0.518311]
2025-11-11 16:46:57,569 - INFO -   Y audio shape: (132608,), range: [-0.101422, 0.108142]
2025-11-11 16:46:57,572 - INFO - Spectrogram shapes: X=(1025, 88), Y=(1025, 88)
2025-11-11 16:46:57,572 - INFO - Filtered spectrogram shapes: X=(108, 88), Y=(108, 88)
2025-11-11 16:46:57,572 - INFO - Original Y magnitude stats: mean=7.052274e-05, std=3.978919e-04
2025-11-11 16:46:57,572 - INFO - Original X magnitude stats: mean=6.736821e-04, std=2.460992e-03
2025-11-11 16:46:57,572 - INFO - Y values below threshold 1.00e-06: 3.0%
2025-11-11 16:46:57,572 - INFO - VAD mask applied: 97.0% time-frequency points retained
2025-11-11 16:46:57,572 - INFO - Y energy retained: 1.000
2025-11-11 16:46:57,572 - INFO - X energy retained: 0.997
2025-11-11 16:46:57,572 - INFO - Audio energy scaling: X=0.997, Y=1.000
2025-11-11 16:46:57,573 - INFO - Starting synchronized X-Y VAD processing:
2025-11-11 16:46:57,573 - INFO -   X audio shape: (148480,), range: [-0.418335, 0.471100]
2025-11-11 16:46:57,573 - INFO -   Y audio shape: (148480,), range: [-0.087218, 0.119508]
2025-11-11 16:46:57,577 - INFO - Spectrogram shapes: X=(1025, 98), Y=(1025, 98)
2025-11-11 16:46:57,577 - INFO - Filtered spectrogram shapes: X=(108, 98), Y=(108, 98)
2025-11-11 16:46:57,577 - INFO - Original Y magnitude stats: mean=9.581821e-05, std=6.277903e-04
2025-11-11 16:46:57,577 - INFO - Original X magnitude stats: mean=9.816989e-04, std=3.711045e-03
2025-11-11 16:46:57,577 - INFO - Y values below threshold 1.00e-06: 1.9%
2025-11-11 16:46:57,577 - INFO - VAD mask applied: 98.1% time-frequency points retained
2025-11-11 16:46:57,577 - INFO - Y energy retained: 1.000
2025-11-11 16:46:57,577 - INFO - X energy retained: 0.996
2025-11-11 16:46:57,577 - INFO - Audio energy scaling: X=0.996, Y=1.000
2025-11-11 16:46:57,578 - INFO - Processing angle_100...
2025-11-11 16:46:57,579 - INFO - Starting synchronized X-Y VAD processing:
2025-11-11 16:46:57,579 - INFO -   X audio shape: (131584,), range: [-0.707001, 0.610229]
2025-11-11 16:46:57,579 - INFO -   Y audio shape: (131584,), range: [-0.115136, 0.105801]
2025-11-11 16:46:57,581 - INFO - Spectrogram shapes: X=(1025, 87), Y=(1025, 87)
2025-11-11 16:46:57,581 - INFO - Filtered spectrogram shapes: X=(108, 87), Y=(108, 87)
2025-11-11 16:46:57,582 - INFO - Original Y magnitude stats: mean=9.555084e-05, std=5.823673e-04
2025-11-11 16:46:57,582 - INFO - Original X magnitude stats: mean=8.618890e-04, std=3.908593e-03
2025-11-11 16:46:57,582 - INFO - Y values below threshold 1.00e-06: 2.7%
2025-11-11 16:46:57,582 - INFO - VAD mask applied: 97.3% time-frequency points retained
2025-11-11 16:46:57,582 - INFO - Y energy retained: 1.000
2025-11-11 16:46:57,582 - INFO - X energy retained: 0.998
2025-11-11 16:46:57,582 - INFO - Audio energy scaling: X=0.998, Y=1.000
2025-11-11 16:46:57,583 - INFO - Starting synchronized X-Y VAD processing:
2025-11-11 16:46:57,583 - INFO -   X audio shape: (132608,), range: [-0.468628, 0.518311]
2025-11-11 16:46:57,583 - INFO -   Y audio shape: (132608,), range: [-0.142318, 0.132956]
2025-11-11 16:46:57,586 - INFO - Spectrogram shapes: X=(1025, 88), Y=(1025, 88)
2025-11-11 16:46:57,586 - INFO - Filtered spectrogram shapes: X=(108, 88), Y=(108, 88)
2025-11-11 16:46:57,586 - INFO - Original Y magnitude stats: mean=7.917827e-05, std=4.166453e-04
2025-11-11 16:46:57,586 - INFO - Original X magnitude stats: mean=6.736821e-04, std=2.460992e-03
2025-11-11 16:46:57,586 - INFO - Y values below threshold 1.00e-06: 3.1%
2025-11-11 16:46:57,586 - INFO - VAD mask applied: 96.9% time-frequency points retained
2025-11-11 16:46:57,587 - INFO - Y energy retained: 1.000
2025-11-11 16:46:57,587 - INFO - X energy retained: 0.996
2025-11-11 16:46:57,587 - INFO - Audio energy scaling: X=0.996, Y=1.000
2025-11-11 16:46:57,588 - INFO - Starting synchronized X-Y VAD processing:
2025-11-11 16:46:57,588 - INFO -   X audio shape: (148480,), range: [-0.418335, 0.471100]
2025-11-11 16:46:57,588 - INFO -   Y audio shape: (148480,), range: [-0.166937, 0.117581]
2025-11-11 16:46:57,591 - INFO - Spectrogram shapes: X=(1025, 98), Y=(1025, 98)
2025-11-11 16:46:57,591 - INFO - Filtered spectrogram shapes: X=(108, 98), Y=(108, 98)
2025-11-11 16:46:57,591 - INFO - Original Y magnitude stats: mean=1.145931e-04, std=6.284702e-04
2025-11-11 16:46:57,591 - INFO - Original X magnitude stats: mean=9.816989e-04, std=3.711045e-03
2025-11-11 16:46:57,591 - INFO - Y values below threshold 1.00e-06: 1.4%
2025-11-11 16:46:57,591 - INFO - VAD mask applied: 98.6% time-frequency points retained
2025-11-11 16:46:57,591 - INFO - Y energy retained: 1.000
2025-11-11 16:46:57,591 - INFO - X energy retained: 0.998
2025-11-11 16:46:57,592 - INFO - Audio energy scaling: X=0.998, Y=1.000
2025-11-11 16:46:57,593 - INFO - Processing angle_105...
2025-11-11 16:46:57,593 - INFO - Starting synchronized X-Y VAD processing:
2025-11-11 16:46:57,593 - INFO -   X audio shape: (131584,), range: [-0.707001, 0.610229]
2025-11-11 16:46:57,593 - INFO -   Y audio shape: (131584,), range: [-0.090675, 0.116038]
2025-11-11 16:46:57,596 - INFO - Spectrogram shapes: X=(1025, 87), Y=(1025, 87)
2025-11-11 16:46:57,596 - INFO - Filtered spectrogram shapes: X=(108, 87), Y=(108, 87)
2025-11-11 16:46:57,596 - INFO - Original Y magnitude stats: mean=7.761901e-05, std=4.374393e-04
2025-11-11 16:46:57,596 - INFO - Original X magnitude stats: mean=8.618890e-04, std=3.908593e-03
2025-11-11 16:46:57,596 - INFO - Y values below threshold 1.00e-06: 2.4%
2025-11-11 16:46:57,596 - INFO - VAD mask applied: 97.6% time-frequency points retained
2025-11-11 16:46:57,596 - INFO - Y energy retained: 1.000
2025-11-11 16:46:57,596 - INFO - X energy retained: 0.998
2025-11-11 16:46:57,596 - INFO - Audio energy scaling: X=0.998, Y=1.000
2025-11-11 16:46:57,598 - INFO - Starting synchronized X-Y VAD processing:
2025-11-11 16:46:57,598 - INFO -   X audio shape: (132608,), range: [-0.468628, 0.518311]
2025-11-11 16:46:57,598 - INFO -   Y audio shape: (132608,), range: [-0.131531, 0.130286]
2025-11-11 16:46:57,600 - INFO - Spectrogram shapes: X=(1025, 88), Y=(1025, 88)
2025-11-11 16:46:57,601 - INFO - Filtered spectrogram shapes: X=(108, 88), Y=(108, 88)
2025-11-11 16:46:57,601 - INFO - Original Y magnitude stats: mean=6.270404e-05, std=3.721791e-04
2025-11-11 16:46:57,601 - INFO - Original X magnitude stats: mean=6.736821e-04, std=2.460992e-03
2025-11-11 16:46:57,601 - INFO - Y values below threshold 1.00e-06: 3.2%
2025-11-11 16:46:57,601 - INFO - VAD mask applied: 96.8% time-frequency points retained
2025-11-11 16:46:57,601 - INFO - Y energy retained: 1.000
2025-11-11 16:46:57,601 - INFO - X energy retained: 0.997
2025-11-11 16:46:57,601 - INFO - Audio energy scaling: X=0.997, Y=1.000
2025-11-11 16:46:57,602 - INFO - Starting synchronized X-Y VAD processing:
2025-11-11 16:46:57,602 - INFO -   X audio shape: (148480,), range: [-0.418335, 0.471100]
2025-11-11 16:46:57,602 - INFO -   Y audio shape: (148480,), range: [-0.147804, 0.127317]
2025-11-11 16:46:57,606 - INFO - Spectrogram shapes: X=(1025, 98), Y=(1025, 98)
2025-11-11 16:46:57,606 - INFO - Filtered spectrogram shapes: X=(108, 98), Y=(108, 98)
2025-11-11 16:46:57,606 - INFO - Original Y magnitude stats: mean=9.005435e-05, std=5.210825e-04
2025-11-11 16:46:57,606 - INFO - Original X magnitude stats: mean=9.816989e-04, std=3.711045e-03
2025-11-11 16:46:57,606 - INFO - Y values below threshold 1.00e-06: 2.3%
2025-11-11 16:46:57,606 - INFO - VAD mask applied: 97.7% time-frequency points retained
2025-11-11 16:46:57,606 - INFO - Y energy retained: 1.000
2025-11-11 16:46:57,606 - INFO - X energy retained: 0.997
2025-11-11 16:46:57,606 - INFO - Audio energy scaling: X=0.997, Y=1.000
2025-11-11 16:46:57,607 - INFO - Processing angle_110...
2025-11-11 16:46:57,608 - INFO - Starting synchronized X-Y VAD processing:
2025-11-11 16:46:57,608 - INFO -   X audio shape: (131584,), range: [-0.707001, 0.610229]
2025-11-11 16:46:57,608 - INFO -   Y audio shape: (131584,), range: [-0.080876, 0.109064]
2025-11-11 16:46:57,610 - INFO - Spectrogram shapes: X=(1025, 87), Y=(1025, 87)
2025-11-11 16:46:57,610 - INFO - Filtered spectrogram shapes: X=(108, 87), Y=(108, 87)
2025-11-11 16:46:57,611 - INFO - Original Y magnitude stats: mean=8.241107e-05, std=4.533081e-04
2025-11-11 16:46:57,611 - INFO - Original X magnitude stats: mean=8.618890e-04, std=3.908593e-03
2025-11-11 16:46:57,611 - INFO - Y values below threshold 1.00e-06: 2.0%
2025-11-11 16:46:57,611 - INFO - VAD mask applied: 98.0% time-frequency points retained
2025-11-11 16:46:57,611 - INFO - Y energy retained: 1.000
2025-11-11 16:46:57,611 - INFO - X energy retained: 0.998
2025-11-11 16:46:57,611 - INFO - Audio energy scaling: X=0.998, Y=1.000
2025-11-11 16:46:57,612 - INFO - Starting synchronized X-Y VAD processing:
2025-11-11 16:46:57,612 - INFO -   X audio shape: (132608,), range: [-0.468628, 0.518311]
2025-11-11 16:46:57,612 - INFO -   Y audio shape: (132608,), range: [-0.143736, 0.135335]
2025-11-11 16:46:57,615 - INFO - Spectrogram shapes: X=(1025, 88), Y=(1025, 88)
2025-11-11 16:46:57,615 - INFO - Filtered spectrogram shapes: X=(108, 88), Y=(108, 88)
2025-11-11 16:46:57,615 - INFO - Original Y magnitude stats: mean=8.324641e-05, std=4.113161e-04
2025-11-11 16:46:57,615 - INFO - Original X magnitude stats: mean=6.736821e-04, std=2.460992e-03
2025-11-11 16:46:57,615 - INFO - Y values below threshold 1.00e-06: 2.2%
2025-11-11 16:46:57,615 - INFO - VAD mask applied: 97.8% time-frequency points retained
2025-11-11 16:46:57,615 - INFO - Y energy retained: 1.000
2025-11-11 16:46:57,615 - INFO - X energy retained: 0.998
2025-11-11 16:46:57,616 - INFO - Audio energy scaling: X=0.998, Y=1.000
2025-11-11 16:46:57,617 - INFO - Starting synchronized X-Y VAD processing:
2025-11-11 16:46:57,617 - INFO -   X audio shape: (148480,), range: [-0.418335, 0.471100]
2025-11-11 16:46:57,617 - INFO -   Y audio shape: (148480,), range: [-0.155941, 0.137741]
2025-11-11 16:46:57,620 - INFO - Spectrogram shapes: X=(1025, 98), Y=(1025, 98)
2025-11-11 16:46:57,620 - INFO - Filtered spectrogram shapes: X=(108, 98), Y=(108, 98)
2025-11-11 16:46:57,620 - INFO - Original Y magnitude stats: mean=9.905118e-05, std=5.806319e-04
2025-11-11 16:46:57,620 - INFO - Original X magnitude stats: mean=9.816989e-04, std=3.711045e-03
2025-11-11 16:46:57,620 - INFO - Y values below threshold 1.00e-06: 1.6%
2025-11-11 16:46:57,620 - INFO - VAD mask applied: 98.4% time-frequency points retained
2025-11-11 16:46:57,620 - INFO - Y energy retained: 1.000
2025-11-11 16:46:57,620 - INFO - X energy retained: 0.997
2025-11-11 16:46:57,621 - INFO - Audio energy scaling: X=0.997, Y=1.000
2025-11-11 16:46:57,621 - INFO - Processing angle_115...
2025-11-11 16:46:57,622 - INFO - Starting synchronized X-Y VAD processing:
2025-11-11 16:46:57,622 - INFO -   X audio shape: (131584,), range: [-0.707001, 0.610229]
2025-11-11 16:46:57,622 - INFO -   Y audio shape: (131584,), range: [-0.093574, 0.095757]
2025-11-11 16:46:57,625 - INFO - Spectrogram shapes: X=(1025, 87), Y=(1025, 87)
2025-11-11 16:46:57,625 - INFO - Filtered spectrogram shapes: X=(108, 87), Y=(108, 87)
2025-11-11 16:46:57,625 - INFO - Original Y magnitude stats: mean=7.261035e-05, std=3.981178e-04
2025-11-11 16:46:57,625 - INFO - Original X magnitude stats: mean=8.618890e-04, std=3.908593e-03
2025-11-11 16:46:57,625 - INFO - Y values below threshold 1.00e-06: 2.2%
2025-11-11 16:46:57,625 - INFO - VAD mask applied: 97.8% time-frequency points retained
2025-11-11 16:46:57,625 - INFO - Y energy retained: 1.000
2025-11-11 16:46:57,625 - INFO - X energy retained: 0.998
2025-11-11 16:46:57,625 - INFO - Audio energy scaling: X=0.998, Y=1.000
2025-11-11 16:46:57,626 - INFO - Starting synchronized X-Y VAD processing:
2025-11-11 16:46:57,626 - INFO -   X audio shape: (132608,), range: [-0.468628, 0.518311]
2025-11-11 16:46:57,626 - INFO -   Y audio shape: (132608,), range: [-0.138916, 0.105708]
2025-11-11 16:46:57,629 - INFO - Spectrogram shapes: X=(1025, 88), Y=(1025, 88)
2025-11-11 16:46:57,629 - INFO - Filtered spectrogram shapes: X=(108, 88), Y=(108, 88)
2025-11-11 16:46:57,629 - INFO - Original Y magnitude stats: mean=6.082015e-05, std=3.586012e-04
2025-11-11 16:46:57,629 - INFO - Original X magnitude stats: mean=6.736821e-04, std=2.460992e-03
2025-11-11 16:46:57,629 - INFO - Y values below threshold 1.00e-06: 2.6%
2025-11-11 16:46:57,629 - INFO - VAD mask applied: 97.4% time-frequency points retained
2025-11-11 16:46:57,629 - INFO - Y energy retained: 1.000
2025-11-11 16:46:57,629 - INFO - X energy retained: 0.998
2025-11-11 16:46:57,630 - INFO - Audio energy scaling: X=0.998, Y=1.000
2025-11-11 16:46:57,631 - INFO - Starting synchronized X-Y VAD processing:
2025-11-11 16:46:57,631 - INFO -   X audio shape: (148480,), range: [-0.418335, 0.471100]
2025-11-11 16:46:57,631 - INFO -   Y audio shape: (148480,), range: [-0.128813, 0.129403]
2025-11-11 16:46:57,634 - INFO - Spectrogram shapes: X=(1025, 98), Y=(1025, 98)
2025-11-11 16:46:57,634 - INFO - Filtered spectrogram shapes: X=(108, 98), Y=(108, 98)
2025-11-11 16:46:57,634 - INFO - Original Y magnitude stats: mean=8.164290e-05, std=4.621827e-04
2025-11-11 16:46:57,634 - INFO - Original X magnitude stats: mean=9.816989e-04, std=3.711045e-03
2025-11-11 16:46:57,634 - INFO - Y values below threshold 1.00e-06: 1.9%
2025-11-11 16:46:57,634 - INFO - VAD mask applied: 98.1% time-frequency points retained
2025-11-11 16:46:57,634 - INFO - Y energy retained: 1.000
2025-11-11 16:46:57,635 - INFO - X energy retained: 0.998
2025-11-11 16:46:57,635 - INFO - Audio energy scaling: X=0.998, Y=1.000
2025-11-11 16:46:57,636 - INFO - Processing angle_120...
2025-11-11 16:46:57,636 - INFO - Starting synchronized X-Y VAD processing:
2025-11-11 16:46:57,636 - INFO -   X audio shape: (131584,), range: [-0.707001, 0.610229]
2025-11-11 16:46:57,636 - INFO -   Y audio shape: (131584,), range: [-0.107219, 0.071234]
2025-11-11 16:46:57,639 - INFO - Spectrogram shapes: X=(1025, 87), Y=(1025, 87)
2025-11-11 16:46:57,639 - INFO - Filtered spectrogram shapes: X=(108, 87), Y=(108, 87)
2025-11-11 16:46:57,639 - INFO - Original Y magnitude stats: mean=7.341590e-05, std=4.450783e-04
2025-11-11 16:46:57,639 - INFO - Original X magnitude stats: mean=8.618890e-04, std=3.908593e-03
2025-11-11 16:46:57,639 - INFO - Y values below threshold 1.00e-06: 0.9%
2025-11-11 16:46:57,639 - INFO - VAD mask applied: 99.1% time-frequency points retained
2025-11-11 16:46:57,639 - INFO - Y energy retained: 1.000
2025-11-11 16:46:57,639 - INFO - X energy retained: 0.999
2025-11-11 16:46:57,640 - INFO - Audio energy scaling: X=0.999, Y=1.000
2025-11-11 16:46:57,641 - INFO - Starting synchronized X-Y VAD processing:
2025-11-11 16:46:57,641 - INFO -   X audio shape: (132608,), range: [-0.468628, 0.518311]
2025-11-11 16:46:57,641 - INFO -   Y audio shape: (132608,), range: [-0.106087, 0.118957]
2025-11-11 16:46:57,643 - INFO - Spectrogram shapes: X=(1025, 88), Y=(1025, 88)
2025-11-11 16:46:57,643 - INFO - Filtered spectrogram shapes: X=(108, 88), Y=(108, 88)
2025-11-11 16:46:57,644 - INFO - Original Y magnitude stats: mean=5.880768e-05, std=3.294884e-04
2025-11-11 16:46:57,644 - INFO - Original X magnitude stats: mean=6.736821e-04, std=2.460992e-03
2025-11-11 16:46:57,644 - INFO - Y values below threshold 1.00e-06: 2.0%
2025-11-11 16:46:57,644 - INFO - VAD mask applied: 98.0% time-frequency points retained
2025-11-11 16:46:57,644 - INFO - Y energy retained: 1.000
2025-11-11 16:46:57,644 - INFO - X energy retained: 0.998
2025-11-11 16:46:57,644 - INFO - Audio energy scaling: X=0.998, Y=1.000
2025-11-11 16:46:57,645 - INFO - Starting synchronized X-Y VAD processing:
2025-11-11 16:46:57,645 - INFO -   X audio shape: (148480,), range: [-0.418335, 0.471100]
2025-11-11 16:46:57,645 - INFO -   Y audio shape: (148480,), range: [-0.100997, 0.092488]
2025-11-11 16:46:57,648 - INFO - Spectrogram shapes: X=(1025, 98), Y=(1025, 98)
2025-11-11 16:46:57,649 - INFO - Filtered spectrogram shapes: X=(108, 98), Y=(108, 98)
2025-11-11 16:46:57,649 - INFO - Original Y magnitude stats: mean=7.331716e-05, std=3.891811e-04
2025-11-11 16:46:57,649 - INFO - Original X magnitude stats: mean=9.816989e-04, std=3.711045e-03
2025-11-11 16:46:57,649 - INFO - Y values below threshold 1.00e-06: 1.4%
2025-11-11 16:46:57,649 - INFO - VAD mask applied: 98.6% time-frequency points retained
2025-11-11 16:46:57,649 - INFO - Y energy retained: 1.000
2025-11-11 16:46:57,649 - INFO - X energy retained: 0.998
2025-11-11 16:46:57,649 - INFO - Audio energy scaling: X=0.998, Y=1.000
2025-11-11 16:46:57,650 - INFO - Processing angle_125...
2025-11-11 16:46:57,651 - INFO - Starting synchronized X-Y VAD processing:
2025-11-11 16:46:57,651 - INFO -   X audio shape: (131584,), range: [-0.707001, 0.610229]
2025-11-11 16:46:57,651 - INFO -   Y audio shape: (131584,), range: [-0.069000, 0.100558]
2025-11-11 16:46:57,653 - INFO - Spectrogram shapes: X=(1025, 87), Y=(1025, 87)
2025-11-11 16:46:57,653 - INFO - Filtered spectrogram shapes: X=(108, 87), Y=(108, 87)
2025-11-11 16:46:57,654 - INFO - Original Y magnitude stats: mean=6.840500e-05, std=3.892012e-04
2025-11-11 16:46:57,654 - INFO - Original X magnitude stats: mean=8.618890e-04, std=3.908593e-03
2025-11-11 16:46:57,654 - INFO - Y values below threshold 1.00e-06: 1.5%
2025-11-11 16:46:57,654 - INFO - VAD mask applied: 98.5% time-frequency points retained
2025-11-11 16:46:57,654 - INFO - Y energy retained: 1.000
2025-11-11 16:46:57,654 - INFO - X energy retained: 0.999
2025-11-11 16:46:57,654 - INFO - Audio energy scaling: X=0.999, Y=1.000
2025-11-11 16:46:57,655 - INFO - Starting synchronized X-Y VAD processing:
2025-11-11 16:46:57,655 - INFO -   X audio shape: (132608,), range: [-0.468628, 0.518311]
2025-11-11 16:46:57,655 - INFO -   Y audio shape: (132608,), range: [-0.102720, 0.124717]
2025-11-11 16:46:57,658 - INFO - Spectrogram shapes: X=(1025, 88), Y=(1025, 88)
2025-11-11 16:46:57,658 - INFO - Filtered spectrogram shapes: X=(108, 88), Y=(108, 88)
2025-11-11 16:46:57,658 - INFO - Original Y magnitude stats: mean=5.669900e-05, std=3.098005e-04
2025-11-11 16:46:57,658 - INFO - Original X magnitude stats: mean=6.736821e-04, std=2.460992e-03
2025-11-11 16:46:57,658 - INFO - Y values below threshold 1.00e-06: 2.0%
2025-11-11 16:46:57,658 - INFO - VAD mask applied: 98.0% time-frequency points retained
2025-11-11 16:46:57,658 - INFO - Y energy retained: 1.000
2025-11-11 16:46:57,658 - INFO - X energy retained: 0.999
2025-11-11 16:46:57,658 - INFO - Audio energy scaling: X=0.999, Y=1.000
2025-11-11 16:46:57,659 - INFO - Starting synchronized X-Y VAD processing:
2025-11-11 16:46:57,659 - INFO -   X audio shape: (148480,), range: [-0.418335, 0.471100]
2025-11-11 16:46:57,659 - INFO -   Y audio shape: (148480,), range: [-0.102683, 0.093058]
2025-11-11 16:46:57,663 - INFO - Spectrogram shapes: X=(1025, 98), Y=(1025, 98)
2025-11-11 16:46:57,663 - INFO - Filtered spectrogram shapes: X=(108, 98), Y=(108, 98)
2025-11-11 16:46:57,663 - INFO - Original Y magnitude stats: mean=7.567111e-05, std=3.993257e-04
2025-11-11 16:46:57,663 - INFO - Original X magnitude stats: mean=9.816989e-04, std=3.711045e-03
2025-11-11 16:46:57,663 - INFO - Y values below threshold 1.00e-06: 0.9%
2025-11-11 16:46:57,663 - INFO - VAD mask applied: 99.1% time-frequency points retained
2025-11-11 16:46:57,663 - INFO - Y energy retained: 1.000
2025-11-11 16:46:57,663 - INFO - X energy retained: 0.998
2025-11-11 16:46:57,663 - INFO - Audio energy scaling: X=0.998, Y=1.000
2025-11-11 16:46:57,664 - INFO - Processing angle_130...
2025-11-11 16:46:57,665 - INFO - Starting synchronized X-Y VAD processing:
2025-11-11 16:46:57,665 - INFO -   X audio shape: (131584,), range: [-0.707001, 0.610229]
2025-11-11 16:46:57,665 - INFO -   Y audio shape: (131584,), range: [-0.069051, 0.085728]
2025-11-11 16:46:57,667 - INFO - Spectrogram shapes: X=(1025, 87), Y=(1025, 87)
2025-11-11 16:46:57,668 - INFO - Filtered spectrogram shapes: X=(108, 87), Y=(108, 87)
2025-11-11 16:46:57,668 - INFO - Original Y magnitude stats: mean=7.173367e-05, std=4.141802e-04
2025-11-11 16:46:57,668 - INFO - Original X magnitude stats: mean=8.618890e-04, std=3.908593e-03
2025-11-11 16:46:57,668 - INFO - Y values below threshold 1.00e-06: 0.8%
2025-11-11 16:46:57,668 - INFO - VAD mask applied: 99.2% time-frequency points retained
2025-11-11 16:46:57,668 - INFO - Y energy retained: 1.000
2025-11-11 16:46:57,668 - INFO - X energy retained: 0.999
2025-11-11 16:46:57,668 - INFO - Audio energy scaling: X=0.999, Y=1.000
2025-11-11 16:46:57,669 - INFO - Starting synchronized X-Y VAD processing:
2025-11-11 16:46:57,669 - INFO -   X audio shape: (132608,), range: [-0.468628, 0.518311]
2025-11-11 16:46:57,669 - INFO -   Y audio shape: (132608,), range: [-0.099514, 0.102996]
2025-11-11 16:46:57,672 - INFO - Spectrogram shapes: X=(1025, 88), Y=(1025, 88)
2025-11-11 16:46:57,672 - INFO - Filtered spectrogram shapes: X=(108, 88), Y=(108, 88)
2025-11-11 16:46:57,672 - INFO - Original Y magnitude stats: mean=5.594436e-05, std=2.742721e-04
2025-11-11 16:46:57,672 - INFO - Original X magnitude stats: mean=6.736821e-04, std=2.460992e-03
2025-11-11 16:46:57,672 - INFO - Y values below threshold 1.00e-06: 2.0%
2025-11-11 16:46:57,672 - INFO - VAD mask applied: 98.0% time-frequency points retained
2025-11-11 16:46:57,672 - INFO - Y energy retained: 1.000
2025-11-11 16:46:57,672 - INFO - X energy retained: 0.998
2025-11-11 16:46:57,673 - INFO - Audio energy scaling: X=0.998, Y=1.000
2025-11-11 16:46:57,674 - INFO - Starting synchronized X-Y VAD processing:
2025-11-11 16:46:57,674 - INFO -   X audio shape: (148480,), range: [-0.418335, 0.471100]
2025-11-11 16:46:57,674 - INFO -   Y audio shape: (148480,), range: [-0.105068, 0.105238]
2025-11-11 16:46:57,677 - INFO - Spectrogram shapes: X=(1025, 98), Y=(1025, 98)
2025-11-11 16:46:57,677 - INFO - Filtered spectrogram shapes: X=(108, 98), Y=(108, 98)
2025-11-11 16:46:57,677 - INFO - Original Y magnitude stats: mean=7.457044e-05, std=3.729704e-04
2025-11-11 16:46:57,677 - INFO - Original X magnitude stats: mean=9.816989e-04, std=3.711045e-03
2025-11-11 16:46:57,677 - INFO - Y values below threshold 1.00e-06: 0.9%
2025-11-11 16:46:57,677 - INFO - VAD mask applied: 99.1% time-frequency points retained
2025-11-11 16:46:57,677 - INFO - Y energy retained: 1.000
2025-11-11 16:46:57,677 - INFO - X energy retained: 0.998
2025-11-11 16:46:57,678 - INFO - Audio energy scaling: X=0.998, Y=1.000
2025-11-11 16:46:57,678 - INFO - Processing angle_135...
2025-11-11 16:46:57,679 - INFO - Starting synchronized X-Y VAD processing:
2025-11-11 16:46:57,679 - INFO -   X audio shape: (131584,), range: [-0.707001, 0.610229]
2025-11-11 16:46:57,679 - INFO -   Y audio shape: (131584,), range: [-0.071964, 0.072707]
2025-11-11 16:46:57,681 - INFO - Spectrogram shapes: X=(1025, 87), Y=(1025, 87)
2025-11-11 16:46:57,682 - INFO - Filtered spectrogram shapes: X=(108, 87), Y=(108, 87)
2025-11-11 16:46:57,682 - INFO - Original Y magnitude stats: mean=6.182465e-05, std=3.433951e-04
2025-11-11 16:46:57,682 - INFO - Original X magnitude stats: mean=8.618890e-04, std=3.908593e-03
2025-11-11 16:46:57,682 - INFO - Y values below threshold 1.00e-06: 1.2%
2025-11-11 16:46:57,682 - INFO - VAD mask applied: 98.8% time-frequency points retained
2025-11-11 16:46:57,682 - INFO - Y energy retained: 1.000
2025-11-11 16:46:57,682 - INFO - X energy retained: 0.999
2025-11-11 16:46:57,682 - INFO - Audio energy scaling: X=0.999, Y=1.000
2025-11-11 16:46:57,683 - INFO - Starting synchronized X-Y VAD processing:
2025-11-11 16:46:57,683 - INFO -   X audio shape: (132608,), range: [-0.468628, 0.518311]
2025-11-11 16:46:57,683 - INFO -   Y audio shape: (132608,), range: [-0.083274, 0.098970]
2025-11-11 16:46:57,686 - INFO - Spectrogram shapes: X=(1025, 88), Y=(1025, 88)
2025-11-11 16:46:57,686 - INFO - Filtered spectrogram shapes: X=(108, 88), Y=(108, 88)
2025-11-11 16:46:57,687 - INFO - Original Y magnitude stats: mean=4.683344e-05, std=2.170094e-04
2025-11-11 16:46:57,687 - INFO - Original X magnitude stats: mean=6.736821e-04, std=2.460992e-03
2025-11-11 16:46:57,687 - INFO - Y values below threshold 1.00e-06: 2.1%
2025-11-11 16:46:57,687 - INFO - VAD mask applied: 97.9% time-frequency points retained
2025-11-11 16:46:57,687 - INFO - Y energy retained: 1.000
2025-11-11 16:46:57,687 - INFO - X energy retained: 0.998
2025-11-11 16:46:57,687 - INFO - Audio energy scaling: X=0.998, Y=1.000
2025-11-11 16:46:57,688 - INFO - Starting synchronized X-Y VAD processing:
2025-11-11 16:46:57,688 - INFO -   X audio shape: (148480,), range: [-0.418335, 0.471100]
2025-11-11 16:46:57,688 - INFO -   Y audio shape: (148480,), range: [-0.085652, 0.084651]
2025-11-11 16:46:57,691 - INFO - Spectrogram shapes: X=(1025, 98), Y=(1025, 98)
2025-11-11 16:46:57,691 - INFO - Filtered spectrogram shapes: X=(108, 98), Y=(108, 98)
2025-11-11 16:46:57,692 - INFO - Original Y magnitude stats: mean=6.527332e-05, std=3.585101e-04
2025-11-11 16:46:57,692 - INFO - Original X magnitude stats: mean=9.816989e-04, std=3.711045e-03
2025-11-11 16:46:57,692 - INFO - Y values below threshold 1.00e-06: 1.0%
2025-11-11 16:46:57,692 - INFO - VAD mask applied: 99.0% time-frequency points retained
2025-11-11 16:46:57,692 - INFO - Y energy retained: 1.000
2025-11-11 16:46:57,692 - INFO - X energy retained: 0.998
2025-11-11 16:46:57,692 - INFO - Audio energy scaling: X=0.998, Y=1.000
2025-11-11 16:46:57,693 - INFO - Processing angle_140...
2025-11-11 16:46:57,693 - INFO - Starting synchronized X-Y VAD processing:
2025-11-11 16:46:57,693 - INFO -   X audio shape: (131584,), range: [-0.707001, 0.610229]
2025-11-11 16:46:57,693 - INFO -   Y audio shape: (131584,), range: [-0.068694, 0.095456]
2025-11-11 16:46:57,696 - INFO - Spectrogram shapes: X=(1025, 87), Y=(1025, 87)
2025-11-11 16:46:57,696 - INFO - Filtered spectrogram shapes: X=(108, 87), Y=(108, 87)
2025-11-11 16:46:57,696 - INFO - Original Y magnitude stats: mean=5.821745e-05, std=3.167258e-04
2025-11-11 16:46:57,696 - INFO - Original X magnitude stats: mean=8.618890e-04, std=3.908593e-03
2025-11-11 16:46:57,696 - INFO - Y values below threshold 1.00e-06: 1.8%
2025-11-11 16:46:57,696 - INFO - VAD mask applied: 98.2% time-frequency points retained
2025-11-11 16:46:57,696 - INFO - Y energy retained: 1.000
2025-11-11 16:46:57,697 - INFO - X energy retained: 0.999
2025-11-11 16:46:57,697 - INFO - Audio energy scaling: X=0.999, Y=1.000
2025-11-11 16:46:57,698 - INFO - Starting synchronized X-Y VAD processing:
2025-11-11 16:46:57,698 - INFO -   X audio shape: (132608,), range: [-0.468628, 0.518311]
2025-11-11 16:46:57,698 - INFO -   Y audio shape: (132608,), range: [-0.088013, 0.119364]
2025-11-11 16:46:57,701 - INFO - Spectrogram shapes: X=(1025, 88), Y=(1025, 88)
2025-11-11 16:46:57,701 - INFO - Filtered spectrogram shapes: X=(108, 88), Y=(108, 88)
2025-11-11 16:46:57,701 - INFO - Original Y magnitude stats: mean=4.839607e-05, std=2.372405e-04
2025-11-11 16:46:57,701 - INFO - Original X magnitude stats: mean=6.736821e-04, std=2.460992e-03
2025-11-11 16:46:57,701 - INFO - Y values below threshold 1.00e-06: 2.3%
2025-11-11 16:46:57,701 - INFO - VAD mask applied: 97.7% time-frequency points retained
2025-11-11 16:46:57,701 - INFO - Y energy retained: 1.000
2025-11-11 16:46:57,701 - INFO - X energy retained: 0.998
2025-11-11 16:46:57,701 - INFO - Audio energy scaling: X=0.998, Y=1.000
2025-11-11 16:46:57,702 - INFO - Starting synchronized X-Y VAD processing:
2025-11-11 16:46:57,703 - INFO -   X audio shape: (148480,), range: [-0.418335, 0.471100]
2025-11-11 16:46:57,703 - INFO -   Y audio shape: (148480,), range: [-0.075842, 0.088621]
2025-11-11 16:46:57,706 - INFO - Spectrogram shapes: X=(1025, 98), Y=(1025, 98)
2025-11-11 16:46:57,706 - INFO - Filtered spectrogram shapes: X=(108, 98), Y=(108, 98)
2025-11-11 16:46:57,707 - INFO - Original Y magnitude stats: mean=6.345368e-05, std=3.466609e-04
2025-11-11 16:46:57,707 - INFO - Original X magnitude stats: mean=9.816989e-04, std=3.711045e-03
2025-11-11 16:46:57,707 - INFO - Y values below threshold 1.00e-06: 1.2%
2025-11-11 16:46:57,707 - INFO - VAD mask applied: 98.8% time-frequency points retained
2025-11-11 16:46:57,707 - INFO - Y energy retained: 1.000
2025-11-11 16:46:57,707 - INFO - X energy retained: 0.998
2025-11-11 16:46:57,707 - INFO - Audio energy scaling: X=0.998, Y=1.000
2025-11-11 16:46:57,708 - INFO - Processing angle_145...
2025-11-11 16:46:57,708 - INFO - Starting synchronized X-Y VAD processing:
2025-11-11 16:46:57,709 - INFO -   X audio shape: (131584,), range: [-0.707001, 0.610229]
2025-11-11 16:46:57,709 - INFO -   Y audio shape: (131584,), range: [-0.084229, 0.099541]
2025-11-11 16:46:57,711 - INFO - Spectrogram shapes: X=(1025, 87), Y=(1025, 87)
2025-11-11 16:46:57,711 - INFO - Filtered spectrogram shapes: X=(108, 87), Y=(108, 87)
2025-11-11 16:46:57,711 - INFO - Original Y magnitude stats: mean=6.621658e-05, std=4.102654e-04
2025-11-11 16:46:57,711 - INFO - Original X magnitude stats: mean=8.618890e-04, std=3.908593e-03
2025-11-11 16:46:57,711 - INFO - Y values below threshold 1.00e-06: 0.7%
2025-11-11 16:46:57,712 - INFO - VAD mask applied: 99.3% time-frequency points retained
2025-11-11 16:46:57,712 - INFO - Y energy retained: 1.000
2025-11-11 16:46:57,712 - INFO - X energy retained: 0.999
2025-11-11 16:46:57,712 - INFO - Audio energy scaling: X=0.999, Y=1.000
2025-11-11 16:46:57,713 - INFO - Starting synchronized X-Y VAD processing:
2025-11-11 16:46:57,713 - INFO -   X audio shape: (132608,), range: [-0.468628, 0.518311]
2025-11-11 16:46:57,713 - INFO -   Y audio shape: (132608,), range: [-0.109091, 0.111905]
2025-11-11 16:46:57,716 - INFO - Spectrogram shapes: X=(1025, 88), Y=(1025, 88)
2025-11-11 16:46:57,716 - INFO - Filtered spectrogram shapes: X=(108, 88), Y=(108, 88)
2025-11-11 16:46:57,716 - INFO - Original Y magnitude stats: mean=5.553843e-05, std=2.696079e-04
2025-11-11 16:46:57,716 - INFO - Original X magnitude stats: mean=6.736821e-04, std=2.460992e-03
2025-11-11 16:46:57,716 - INFO - Y values below threshold 1.00e-06: 1.7%
2025-11-11 16:46:57,716 - INFO - VAD mask applied: 98.3% time-frequency points retained
2025-11-11 16:46:57,716 - INFO - Y energy retained: 1.000
2025-11-11 16:46:57,716 - INFO - X energy retained: 0.999
2025-11-11 16:46:57,716 - INFO - Audio energy scaling: X=0.999, Y=1.000
2025-11-11 16:46:57,717 - INFO - Starting synchronized X-Y VAD processing:
2025-11-11 16:46:57,717 - INFO -   X audio shape: (148480,), range: [-0.418335, 0.471100]
2025-11-11 16:46:57,717 - INFO -   Y audio shape: (148480,), range: [-0.085419, 0.099195]
2025-11-11 16:46:57,721 - INFO - Spectrogram shapes: X=(1025, 98), Y=(1025, 98)
2025-11-11 16:46:57,721 - INFO - Filtered spectrogram shapes: X=(108, 98), Y=(108, 98)
2025-11-11 16:46:57,721 - INFO - Original Y magnitude stats: mean=6.980984e-05, std=3.871816e-04
2025-11-11 16:46:57,721 - INFO - Original X magnitude stats: mean=9.816989e-04, std=3.711045e-03
2025-11-11 16:46:57,721 - INFO - Y values below threshold 1.00e-06: 0.7%
2025-11-11 16:46:57,721 - INFO - VAD mask applied: 99.3% time-frequency points retained
2025-11-11 16:46:57,721 - INFO - Y energy retained: 1.000
2025-11-11 16:46:57,721 - INFO - X energy retained: 0.998
2025-11-11 16:46:57,721 - INFO - Audio energy scaling: X=0.998, Y=1.000
2025-11-11 16:46:57,722 - INFO - Processing angle_15...
2025-11-11 16:46:57,722 - INFO - Starting synchronized X-Y VAD processing:
2025-11-11 16:46:57,722 - INFO -   X audio shape: (131584,), range: [-0.707001, 0.610229]
2025-11-11 16:46:57,723 - INFO -   Y audio shape: (131584,), range: [-0.103124, 0.107367]
2025-11-11 16:46:57,725 - INFO - Spectrogram shapes: X=(1025, 87), Y=(1025, 87)
2025-11-11 16:46:57,725 - INFO - Filtered spectrogram shapes: X=(108, 87), Y=(108, 87)
2025-11-11 16:46:57,725 - INFO - Original Y magnitude stats: mean=8.682461e-05, std=5.496896e-04
2025-11-11 16:46:57,725 - INFO - Original X magnitude stats: mean=8.618890e-04, std=3.908593e-03
2025-11-11 16:46:57,725 - INFO - Y values below threshold 1.00e-06: 1.3%
2025-11-11 16:46:57,725 - INFO - VAD mask applied: 98.7% time-frequency points retained
2025-11-11 16:46:57,725 - INFO - Y energy retained: 1.000
2025-11-11 16:46:57,725 - INFO - X energy retained: 0.999
2025-11-11 16:46:57,726 - INFO - Audio energy scaling: X=0.999, Y=1.000
2025-11-11 16:46:57,727 - INFO - Starting synchronized X-Y VAD processing:
2025-11-11 16:46:57,727 - INFO -   X audio shape: (132608,), range: [-0.468628, 0.518311]
2025-11-11 16:46:57,727 - INFO -   Y audio shape: (132608,), range: [-0.103163, 0.101368]
2025-11-11 16:46:57,729 - INFO - Spectrogram shapes: X=(1025, 88), Y=(1025, 88)
2025-11-11 16:46:57,729 - INFO - Filtered spectrogram shapes: X=(108, 88), Y=(108, 88)
2025-11-11 16:46:57,729 - INFO - Original Y magnitude stats: mean=7.802682e-05, std=4.098020e-04
2025-11-11 16:46:57,729 - INFO - Original X magnitude stats: mean=6.736821e-04, std=2.460992e-03
2025-11-11 16:46:57,729 - INFO - Y values below threshold 1.00e-06: 2.5%
2025-11-11 16:46:57,730 - INFO - VAD mask applied: 97.5% time-frequency points retained
2025-11-11 16:46:57,730 - INFO - Y energy retained: 1.000
2025-11-11 16:46:57,730 - INFO - X energy retained: 0.997
2025-11-11 16:46:57,730 - INFO - Audio energy scaling: X=0.997, Y=1.000
2025-11-11 16:46:57,731 - INFO - Starting synchronized X-Y VAD processing:
2025-11-11 16:46:57,731 - INFO -   X audio shape: (148480,), range: [-0.418335, 0.471100]
2025-11-11 16:46:57,731 - INFO -   Y audio shape: (148480,), range: [-0.138049, 0.106465]
2025-11-11 16:46:57,734 - INFO - Spectrogram shapes: X=(1025, 98), Y=(1025, 98)
2025-11-11 16:46:57,734 - INFO - Filtered spectrogram shapes: X=(108, 98), Y=(108, 98)
2025-11-11 16:46:57,734 - INFO - Original Y magnitude stats: mean=9.522466e-05, std=5.788259e-04
2025-11-11 16:46:57,734 - INFO - Original X magnitude stats: mean=9.816989e-04, std=3.711045e-03
2025-11-11 16:46:57,734 - INFO - Y values below threshold 1.00e-06: 1.4%
2025-11-11 16:46:57,734 - INFO - VAD mask applied: 98.6% time-frequency points retained
2025-11-11 16:46:57,734 - INFO - Y energy retained: 1.000
2025-11-11 16:46:57,734 - INFO - X energy retained: 0.997
2025-11-11 16:46:57,735 - INFO - Audio energy scaling: X=0.997, Y=1.000
2025-11-11 16:46:57,735 - INFO - Processing angle_150...
2025-11-11 16:46:57,736 - INFO - Starting synchronized X-Y VAD processing:
2025-11-11 16:46:57,736 - INFO -   X audio shape: (131584,), range: [-0.707001, 0.610229]
2025-11-11 16:46:57,736 - INFO -   Y audio shape: (131584,), range: [-0.082288, 0.111054]
2025-11-11 16:46:57,739 - INFO - Spectrogram shapes: X=(1025, 87), Y=(1025, 87)
2025-11-11 16:46:57,739 - INFO - Filtered spectrogram shapes: X=(108, 87), Y=(108, 87)
2025-11-11 16:46:57,739 - INFO - Original Y magnitude stats: mean=5.949858e-05, std=4.070929e-04
2025-11-11 16:46:57,739 - INFO - Original X magnitude stats: mean=8.618890e-04, std=3.908593e-03
2025-11-11 16:46:57,739 - INFO - Y values below threshold 1.00e-06: 1.4%
2025-11-11 16:46:57,739 - INFO - VAD mask applied: 98.6% time-frequency points retained
2025-11-11 16:46:57,739 - INFO - Y energy retained: 1.000
2025-11-11 16:46:57,739 - INFO - X energy retained: 0.999
2025-11-11 16:46:57,739 - INFO - Audio energy scaling: X=0.999, Y=1.000
2025-11-11 16:46:57,740 - INFO - Starting synchronized X-Y VAD processing:
2025-11-11 16:46:57,740 - INFO -   X audio shape: (132608,), range: [-0.468628, 0.518311]
2025-11-11 16:46:57,740 - INFO -   Y audio shape: (132608,), range: [-0.102600, 0.111500]
2025-11-11 16:46:57,743 - INFO - Spectrogram shapes: X=(1025, 88), Y=(1025, 88)
2025-11-11 16:46:57,743 - INFO - Filtered spectrogram shapes: X=(108, 88), Y=(108, 88)
2025-11-11 16:46:57,743 - INFO - Original Y magnitude stats: mean=4.968822e-05, std=2.936057e-04
2025-11-11 16:46:57,743 - INFO - Original X magnitude stats: mean=6.736821e-04, std=2.460992e-03
2025-11-11 16:46:57,743 - INFO - Y values below threshold 1.00e-06: 2.0%
2025-11-11 16:46:57,743 - INFO - VAD mask applied: 98.0% time-frequency points retained
2025-11-11 16:46:57,743 - INFO - Y energy retained: 1.000
2025-11-11 16:46:57,743 - INFO - X energy retained: 0.999
2025-11-11 16:46:57,743 - INFO - Audio energy scaling: X=0.999, Y=1.000
2025-11-11 16:46:57,744 - INFO - Starting synchronized X-Y VAD processing:
2025-11-11 16:46:57,744 - INFO -   X audio shape: (148480,), range: [-0.418335, 0.471100]
2025-11-11 16:46:57,745 - INFO -   Y audio shape: (148480,), range: [-0.090860, 0.081700]
2025-11-11 16:46:57,748 - INFO - Spectrogram shapes: X=(1025, 98), Y=(1025, 98)
2025-11-11 16:46:57,748 - INFO - Filtered spectrogram shapes: X=(108, 98), Y=(108, 98)
2025-11-11 16:46:57,748 - INFO - Original Y magnitude stats: mean=6.657399e-05, std=3.888626e-04
2025-11-11 16:46:57,748 - INFO - Original X magnitude stats: mean=9.816989e-04, std=3.711045e-03
2025-11-11 16:46:57,748 - INFO - Y values below threshold 1.00e-06: 0.9%
2025-11-11 16:46:57,748 - INFO - VAD mask applied: 99.1% time-frequency points retained
2025-11-11 16:46:57,748 - INFO - Y energy retained: 1.000
2025-11-11 16:46:57,748 - INFO - X energy retained: 0.999
2025-11-11 16:46:57,749 - INFO - Audio energy scaling: X=0.999, Y=1.000
2025-11-11 16:46:57,749 - INFO - Processing angle_155...
2025-11-11 16:46:57,750 - INFO - Starting synchronized X-Y VAD processing:
2025-11-11 16:46:57,750 - INFO -   X audio shape: (131584,), range: [-0.707001, 0.610229]
2025-11-11 16:46:57,750 - INFO -   Y audio shape: (131584,), range: [-0.091786, 0.109580]
2025-11-11 16:46:57,752 - INFO - Spectrogram shapes: X=(1025, 87), Y=(1025, 87)
2025-11-11 16:46:57,752 - INFO - Filtered spectrogram shapes: X=(108, 87), Y=(108, 87)
2025-11-11 16:46:57,753 - INFO - Original Y magnitude stats: mean=6.514409e-05, std=4.112209e-04
2025-11-11 16:46:57,753 - INFO - Original X magnitude stats: mean=8.618890e-04, std=3.908593e-03
2025-11-11 16:46:57,753 - INFO - Y values below threshold 1.00e-06: 1.8%
2025-11-11 16:46:57,753 - INFO - VAD mask applied: 98.2% time-frequency points retained
2025-11-11 16:46:57,753 - INFO - Y energy retained: 1.000
2025-11-11 16:46:57,753 - INFO - X energy retained: 0.999
2025-11-11 16:46:57,753 - INFO - Audio energy scaling: X=0.999, Y=1.000
2025-11-11 16:46:57,754 - INFO - Starting synchronized X-Y VAD processing:
2025-11-11 16:46:57,754 - INFO -   X audio shape: (132608,), range: [-0.468628, 0.518311]
2025-11-11 16:46:57,754 - INFO -   Y audio shape: (132608,), range: [-0.106925, 0.087129]
2025-11-11 16:46:57,757 - INFO - Spectrogram shapes: X=(1025, 88), Y=(1025, 88)
2025-11-11 16:46:57,757 - INFO - Filtered spectrogram shapes: X=(108, 88), Y=(108, 88)
2025-11-11 16:46:57,757 - INFO - Original Y magnitude stats: mean=5.962127e-05, std=3.735478e-04
2025-11-11 16:46:57,757 - INFO - Original X magnitude stats: mean=6.736821e-04, std=2.460992e-03
2025-11-11 16:46:57,757 - INFO - Y values below threshold 1.00e-06: 2.5%
2025-11-11 16:46:57,757 - INFO - VAD mask applied: 97.5% time-frequency points retained
2025-11-11 16:46:57,757 - INFO - Y energy retained: 1.000
2025-11-11 16:46:57,757 - INFO - X energy retained: 0.998
2025-11-11 16:46:57,758 - INFO - Audio energy scaling: X=0.998, Y=1.000
2025-11-11 16:46:57,759 - INFO - Starting synchronized X-Y VAD processing:
2025-11-11 16:46:57,759 - INFO -   X audio shape: (148480,), range: [-0.418335, 0.471100]
2025-11-11 16:46:57,759 - INFO -   Y audio shape: (148480,), range: [-0.085797, 0.092313]
2025-11-11 16:46:57,762 - INFO - Spectrogram shapes: X=(1025, 98), Y=(1025, 98)
2025-11-11 16:46:57,762 - INFO - Filtered spectrogram shapes: X=(108, 98), Y=(108, 98)
2025-11-11 16:46:57,762 - INFO - Original Y magnitude stats: mean=7.124307e-05, std=4.363361e-04
2025-11-11 16:46:57,762 - INFO - Original X magnitude stats: mean=9.816989e-04, std=3.711045e-03
2025-11-11 16:46:57,762 - INFO - Y values below threshold 1.00e-06: 1.3%
2025-11-11 16:46:57,762 - INFO - VAD mask applied: 98.7% time-frequency points retained
2025-11-11 16:46:57,762 - INFO - Y energy retained: 1.000
2025-11-11 16:46:57,762 - INFO - X energy retained: 0.998
2025-11-11 16:46:57,763 - INFO - Audio energy scaling: X=0.998, Y=1.000
2025-11-11 16:46:57,763 - INFO - Processing angle_160...
2025-11-11 16:46:57,764 - INFO - Starting synchronized X-Y VAD processing:
2025-11-11 16:46:57,764 - INFO -   X audio shape: (131584,), range: [-0.707001, 0.610229]
2025-11-11 16:46:57,764 - INFO -   Y audio shape: (131584,), range: [-0.173663, 0.186916]
2025-11-11 16:46:57,766 - INFO - Spectrogram shapes: X=(1025, 87), Y=(1025, 87)
2025-11-11 16:46:57,767 - INFO - Filtered spectrogram shapes: X=(108, 87), Y=(108, 87)
2025-11-11 16:46:57,767 - INFO - Original Y magnitude stats: mean=1.243677e-04, std=8.782893e-04
2025-11-11 16:46:57,767 - INFO - Original X magnitude stats: mean=8.618890e-04, std=3.908593e-03
2025-11-11 16:46:57,767 - INFO - Y values below threshold 1.00e-06: 0.8%
2025-11-11 16:46:57,767 - INFO - VAD mask applied: 99.2% time-frequency points retained
2025-11-11 16:46:57,767 - INFO - Y energy retained: 1.000
2025-11-11 16:46:57,767 - INFO - X energy retained: 0.999
2025-11-11 16:46:57,767 - INFO - Audio energy scaling: X=0.999, Y=1.000
2025-11-11 16:46:57,768 - INFO - Starting synchronized X-Y VAD processing:
2025-11-11 16:46:57,768 - INFO -   X audio shape: (132608,), range: [-0.468628, 0.518311]
2025-11-11 16:46:57,768 - INFO -   Y audio shape: (132608,), range: [-0.168171, 0.155822]
2025-11-11 16:46:57,771 - INFO - Spectrogram shapes: X=(1025, 88), Y=(1025, 88)
2025-11-11 16:46:57,771 - INFO - Filtered spectrogram shapes: X=(108, 88), Y=(108, 88)
2025-11-11 16:46:57,771 - INFO - Original Y magnitude stats: mean=1.131764e-04, std=7.087596e-04
2025-11-11 16:46:57,771 - INFO - Original X magnitude stats: mean=6.736821e-04, std=2.460992e-03
2025-11-11 16:46:57,771 - INFO - Y values below threshold 1.00e-06: 1.7%
2025-11-11 16:46:57,771 - INFO - VAD mask applied: 98.3% time-frequency points retained
2025-11-11 16:46:57,771 - INFO - Y energy retained: 1.000
2025-11-11 16:46:57,771 - INFO - X energy retained: 0.999
2025-11-11 16:46:57,772 - INFO - Audio energy scaling: X=0.999, Y=1.000
2025-11-11 16:46:57,773 - INFO - Starting synchronized X-Y VAD processing:
2025-11-11 16:46:57,773 - INFO -   X audio shape: (148480,), range: [-0.418335, 0.471100]
2025-11-11 16:46:57,773 - INFO -   Y audio shape: (148480,), range: [-0.166524, 0.146542]
2025-11-11 16:46:57,776 - INFO - Spectrogram shapes: X=(1025, 98), Y=(1025, 98)
2025-11-11 16:46:57,776 - INFO - Filtered spectrogram shapes: X=(108, 98), Y=(108, 98)
2025-11-11 16:46:57,776 - INFO - Original Y magnitude stats: mean=1.351449e-04, std=8.653497e-04
2025-11-11 16:46:57,776 - INFO - Original X magnitude stats: mean=9.816989e-04, std=3.711045e-03
2025-11-11 16:46:57,776 - INFO - Y values below threshold 1.00e-06: 0.7%
2025-11-11 16:46:57,776 - INFO - VAD mask applied: 99.3% time-frequency points retained
2025-11-11 16:46:57,776 - INFO - Y energy retained: 1.000
2025-11-11 16:46:57,776 - INFO - X energy retained: 0.999
2025-11-11 16:46:57,776 - INFO - Audio energy scaling: X=0.999, Y=1.000
2025-11-11 16:46:57,777 - INFO - Processing angle_165...
2025-11-11 16:46:57,778 - INFO - Starting synchronized X-Y VAD processing:
2025-11-11 16:46:57,778 - INFO -   X audio shape: (131584,), range: [-0.707001, 0.610229]
2025-11-11 16:46:57,778 - INFO -   Y audio shape: (131584,), range: [-0.171574, 0.168678]
2025-11-11 16:46:57,780 - INFO - Spectrogram shapes: X=(1025, 87), Y=(1025, 87)
2025-11-11 16:46:57,780 - INFO - Filtered spectrogram shapes: X=(108, 87), Y=(108, 87)
2025-11-11 16:46:57,780 - INFO - Original Y magnitude stats: mean=1.169801e-04, std=8.593479e-04
2025-11-11 16:46:57,780 - INFO - Original X magnitude stats: mean=8.618890e-04, std=3.908593e-03
2025-11-11 16:46:57,780 - INFO - Y values below threshold 1.00e-06: 0.9%
2025-11-11 16:46:57,781 - INFO - VAD mask applied: 99.1% time-frequency points retained
2025-11-11 16:46:57,781 - INFO - Y energy retained: 1.000
2025-11-11 16:46:57,781 - INFO - X energy retained: 0.999
2025-11-11 16:46:57,781 - INFO - Audio energy scaling: X=0.999, Y=1.000
2025-11-11 16:46:57,782 - INFO - Starting synchronized X-Y VAD processing:
2025-11-11 16:46:57,782 - INFO -   X audio shape: (132608,), range: [-0.468628, 0.518311]
2025-11-11 16:46:57,782 - INFO -   Y audio shape: (132608,), range: [-0.148289, 0.134340]
2025-11-11 16:46:57,784 - INFO - Spectrogram shapes: X=(1025, 88), Y=(1025, 88)
2025-11-11 16:46:57,784 - INFO - Filtered spectrogram shapes: X=(108, 88), Y=(108, 88)
2025-11-11 16:46:57,785 - INFO - Original Y magnitude stats: mean=1.010681e-04, std=6.561645e-04
2025-11-11 16:46:57,785 - INFO - Original X magnitude stats: mean=6.736821e-04, std=2.460992e-03
2025-11-11 16:46:57,785 - INFO - Y values below threshold 1.00e-06: 1.7%
2025-11-11 16:46:57,785 - INFO - VAD mask applied: 98.3% time-frequency points retained
2025-11-11 16:46:57,785 - INFO - Y energy retained: 1.000
2025-11-11 16:46:57,785 - INFO - X energy retained: 0.999
2025-11-11 16:46:57,785 - INFO - Audio energy scaling: X=0.999, Y=1.000
2025-11-11 16:46:57,786 - INFO - Starting synchronized X-Y VAD processing:
2025-11-11 16:46:57,786 - INFO -   X audio shape: (148480,), range: [-0.418335, 0.471100]
2025-11-11 16:46:57,786 - INFO -   Y audio shape: (148480,), range: [-0.140104, 0.150503]
2025-11-11 16:46:57,789 - INFO - Spectrogram shapes: X=(1025, 98), Y=(1025, 98)
2025-11-11 16:46:57,789 - INFO - Filtered spectrogram shapes: X=(108, 98), Y=(108, 98)
2025-11-11 16:46:57,790 - INFO - Original Y magnitude stats: mean=1.242490e-04, std=8.377273e-04
2025-11-11 16:46:57,790 - INFO - Original X magnitude stats: mean=9.816989e-04, std=3.711045e-03
2025-11-11 16:46:57,790 - INFO - Y values below threshold 1.00e-06: 1.1%
2025-11-11 16:46:57,790 - INFO - VAD mask applied: 98.9% time-frequency points retained
2025-11-11 16:46:57,790 - INFO - Y energy retained: 1.000
2025-11-11 16:46:57,790 - INFO - X energy retained: 0.998
2025-11-11 16:46:57,790 - INFO - Audio energy scaling: X=0.998, Y=1.000
2025-11-11 16:46:57,791 - INFO - Processing angle_170...
2025-11-11 16:46:57,791 - INFO - Starting synchronized X-Y VAD processing:
2025-11-11 16:46:57,791 - INFO -   X audio shape: (131584,), range: [-0.707001, 0.610229]
2025-11-11 16:46:57,791 - INFO -   Y audio shape: (131584,), range: [-0.155350, 0.190238]
2025-11-11 16:46:57,794 - INFO - Spectrogram shapes: X=(1025, 87), Y=(1025, 87)
2025-11-11 16:46:57,794 - INFO - Filtered spectrogram shapes: X=(108, 87), Y=(108, 87)
2025-11-11 16:46:57,794 - INFO - Original Y magnitude stats: mean=1.292091e-04, std=9.155759e-04
2025-11-11 16:46:57,794 - INFO - Original X magnitude stats: mean=8.618890e-04, std=3.908593e-03
2025-11-11 16:46:57,794 - INFO - Y values below threshold 1.00e-06: 0.8%
2025-11-11 16:46:57,795 - INFO - VAD mask applied: 99.2% time-frequency points retained
2025-11-11 16:46:57,795 - INFO - Y energy retained: 1.000
2025-11-11 16:46:57,795 - INFO - X energy retained: 0.999
2025-11-11 16:46:57,795 - INFO - Audio energy scaling: X=0.999, Y=1.000
2025-11-11 16:46:57,796 - INFO - Starting synchronized X-Y VAD processing:
2025-11-11 16:46:57,796 - INFO -   X audio shape: (132608,), range: [-0.468628, 0.518311]
2025-11-11 16:46:57,796 - INFO -   Y audio shape: (132608,), range: [-0.166056, 0.136349]
2025-11-11 16:46:57,799 - INFO - Spectrogram shapes: X=(1025, 88), Y=(1025, 88)
2025-11-11 16:46:57,799 - INFO - Filtered spectrogram shapes: X=(108, 88), Y=(108, 88)
2025-11-11 16:46:57,799 - INFO - Original Y magnitude stats: mean=1.120399e-04, std=6.623062e-04
2025-11-11 16:46:57,799 - INFO - Original X magnitude stats: mean=6.736821e-04, std=2.460992e-03
2025-11-11 16:46:57,799 - INFO - Y values below threshold 1.00e-06: 1.8%
2025-11-11 16:46:57,799 - INFO - VAD mask applied: 98.2% time-frequency points retained
2025-11-11 16:46:57,799 - INFO - Y energy retained: 1.000
2025-11-11 16:46:57,799 - INFO - X energy retained: 0.999
2025-11-11 16:46:57,799 - INFO - Audio energy scaling: X=0.999, Y=1.000
2025-11-11 16:46:57,801 - INFO - Starting synchronized X-Y VAD processing:
2025-11-11 16:46:57,801 - INFO -   X audio shape: (148480,), range: [-0.418335, 0.471100]
2025-11-11 16:46:57,801 - INFO -   Y audio shape: (148480,), range: [-0.155603, 0.144594]
2025-11-11 16:46:57,804 - INFO - Spectrogram shapes: X=(1025, 98), Y=(1025, 98)
2025-11-11 16:46:57,804 - INFO - Filtered spectrogram shapes: X=(108, 98), Y=(108, 98)
2025-11-11 16:46:57,804 - INFO - Original Y magnitude stats: mean=1.338761e-04, std=8.889386e-04
2025-11-11 16:46:57,804 - INFO - Original X magnitude stats: mean=9.816989e-04, std=3.711045e-03
2025-11-11 16:46:57,804 - INFO - Y values below threshold 1.00e-06: 0.6%
2025-11-11 16:46:57,804 - INFO - VAD mask applied: 99.4% time-frequency points retained
2025-11-11 16:46:57,804 - INFO - Y energy retained: 1.000
2025-11-11 16:46:57,804 - INFO - X energy retained: 0.999
2025-11-11 16:46:57,805 - INFO - Audio energy scaling: X=0.999, Y=1.000
2025-11-11 16:46:57,806 - INFO - Processing angle_175...
2025-11-11 16:46:57,806 - INFO - Starting synchronized X-Y VAD processing:
2025-11-11 16:46:57,806 - INFO -   X audio shape: (131584,), range: [-0.707001, 0.610229]
2025-11-11 16:46:57,806 - INFO -   Y audio shape: (131584,), range: [-0.141865, 0.211053]
2025-11-11 16:46:57,809 - INFO - Spectrogram shapes: X=(1025, 87), Y=(1025, 87)
2025-11-11 16:46:57,809 - INFO - Filtered spectrogram shapes: X=(108, 87), Y=(108, 87)
2025-11-11 16:46:57,809 - INFO - Original Y magnitude stats: mean=1.265019e-04, std=9.351419e-04
2025-11-11 16:46:57,809 - INFO - Original X magnitude stats: mean=8.618890e-04, std=3.908593e-03
2025-11-11 16:46:57,809 - INFO - Y values below threshold 1.00e-06: 0.8%
2025-11-11 16:46:57,809 - INFO - VAD mask applied: 99.2% time-frequency points retained
2025-11-11 16:46:57,809 - INFO - Y energy retained: 1.000
2025-11-11 16:46:57,809 - INFO - X energy retained: 0.999
2025-11-11 16:46:57,809 - INFO - Audio energy scaling: X=0.999, Y=1.000
2025-11-11 16:46:57,810 - INFO - Starting synchronized X-Y VAD processing:
2025-11-11 16:46:57,810 - INFO -   X audio shape: (132608,), range: [-0.468628, 0.518311]
2025-11-11 16:46:57,810 - INFO -   Y audio shape: (132608,), range: [-0.143206, 0.149635]
2025-11-11 16:46:57,813 - INFO - Spectrogram shapes: X=(1025, 88), Y=(1025, 88)
2025-11-11 16:46:57,813 - INFO - Filtered spectrogram shapes: X=(108, 88), Y=(108, 88)
2025-11-11 16:46:57,813 - INFO - Original Y magnitude stats: mean=1.095055e-04, std=6.767128e-04
2025-11-11 16:46:57,813 - INFO - Original X magnitude stats: mean=6.736821e-04, std=2.460992e-03
2025-11-11 16:46:57,813 - INFO - Y values below threshold 1.00e-06: 1.8%
2025-11-11 16:46:57,813 - INFO - VAD mask applied: 98.2% time-frequency points retained
2025-11-11 16:46:57,813 - INFO - Y energy retained: 1.000
2025-11-11 16:46:57,813 - INFO - X energy retained: 0.999
2025-11-11 16:46:57,814 - INFO - Audio energy scaling: X=0.999, Y=1.000
2025-11-11 16:46:57,815 - INFO - Starting synchronized X-Y VAD processing:
2025-11-11 16:46:57,815 - INFO -   X audio shape: (148480,), range: [-0.418335, 0.471100]
2025-11-11 16:46:57,815 - INFO -   Y audio shape: (148480,), range: [-0.151875, 0.170975]
2025-11-11 16:46:57,818 - INFO - Spectrogram shapes: X=(1025, 98), Y=(1025, 98)
2025-11-11 16:46:57,818 - INFO - Filtered spectrogram shapes: X=(108, 98), Y=(108, 98)
2025-11-11 16:46:57,818 - INFO - Original Y magnitude stats: mean=1.343789e-04, std=9.526215e-04
2025-11-11 16:46:57,818 - INFO - Original X magnitude stats: mean=9.816989e-04, std=3.711045e-03
2025-11-11 16:46:57,818 - INFO - Y values below threshold 1.00e-06: 0.9%
2025-11-11 16:46:57,818 - INFO - VAD mask applied: 99.1% time-frequency points retained
2025-11-11 16:46:57,819 - INFO - Y energy retained: 1.000
2025-11-11 16:46:57,819 - INFO - X energy retained: 0.998
2025-11-11 16:46:57,819 - INFO - Audio energy scaling: X=0.998, Y=1.000
2025-11-11 16:46:57,819 - INFO - Processing angle_180...
2025-11-11 16:46:57,820 - INFO - Starting synchronized X-Y VAD processing:
2025-11-11 16:46:57,820 - INFO -   X audio shape: (131584,), range: [-0.707001, 0.610229]
2025-11-11 16:46:57,820 - INFO -   Y audio shape: (131584,), range: [-0.151930, 0.183665]
2025-11-11 16:46:57,823 - INFO - Spectrogram shapes: X=(1025, 87), Y=(1025, 87)
2025-11-11 16:46:57,823 - INFO - Filtered spectrogram shapes: X=(108, 87), Y=(108, 87)
2025-11-11 16:46:57,823 - INFO - Original Y magnitude stats: mean=1.245866e-04, std=8.944022e-04
2025-11-11 16:46:57,823 - INFO - Original X magnitude stats: mean=8.618890e-04, std=3.908593e-03
2025-11-11 16:46:57,823 - INFO - Y values below threshold 1.00e-06: 0.6%
2025-11-11 16:46:57,823 - INFO - VAD mask applied: 99.4% time-frequency points retained
2025-11-11 16:46:57,823 - INFO - Y energy retained: 1.000
2025-11-11 16:46:57,823 - INFO - X energy retained: 1.000
2025-11-11 16:46:57,823 - INFO - Audio energy scaling: X=1.000, Y=1.000
2025-11-11 16:46:57,824 - INFO - Starting synchronized X-Y VAD processing:
2025-11-11 16:46:57,824 - INFO -   X audio shape: (132608,), range: [-0.468628, 0.518311]
2025-11-11 16:46:57,824 - INFO -   Y audio shape: (132608,), range: [-0.148071, 0.138947]
2025-11-11 16:46:57,827 - INFO - Spectrogram shapes: X=(1025, 88), Y=(1025, 88)
2025-11-11 16:46:57,827 - INFO - Filtered spectrogram shapes: X=(108, 88), Y=(108, 88)
2025-11-11 16:46:57,827 - INFO - Original Y magnitude stats: mean=1.082710e-04, std=6.269708e-04
2025-11-11 16:46:57,827 - INFO - Original X magnitude stats: mean=6.736821e-04, std=2.460992e-03
2025-11-11 16:46:57,827 - INFO - Y values below threshold 1.00e-06: 1.9%
2025-11-11 16:46:57,828 - INFO - VAD mask applied: 98.1% time-frequency points retained
2025-11-11 16:46:57,828 - INFO - Y energy retained: 1.000
2025-11-11 16:46:57,828 - INFO - X energy retained: 0.999
2025-11-11 16:46:57,828 - INFO - Audio energy scaling: X=0.999, Y=1.000
2025-11-11 16:46:57,829 - INFO - Starting synchronized X-Y VAD processing:
2025-11-11 16:46:57,829 - INFO -   X audio shape: (148480,), range: [-0.418335, 0.471100]
2025-11-11 16:46:57,829 - INFO -   Y audio shape: (148480,), range: [-0.143035, 0.163782]
2025-11-11 16:46:57,832 - INFO - Spectrogram shapes: X=(1025, 98), Y=(1025, 98)
2025-11-11 16:46:57,832 - INFO - Filtered spectrogram shapes: X=(108, 98), Y=(108, 98)
2025-11-11 16:46:57,833 - INFO - Original Y magnitude stats: mean=1.356993e-04, std=9.182841e-04
2025-11-11 16:46:57,833 - INFO - Original X magnitude stats: mean=9.816989e-04, std=3.711045e-03
2025-11-11 16:46:57,833 - INFO - Y values below threshold 1.00e-06: 0.7%
2025-11-11 16:46:57,833 - INFO - VAD mask applied: 99.3% time-frequency points retained
2025-11-11 16:46:57,833 - INFO - Y energy retained: 1.000
2025-11-11 16:46:57,833 - INFO - X energy retained: 0.999
2025-11-11 16:46:57,833 - INFO - Audio energy scaling: X=0.999, Y=1.000
2025-11-11 16:46:57,834 - INFO - Processing angle_20...
2025-11-11 16:46:57,834 - INFO - Starting synchronized X-Y VAD processing:
2025-11-11 16:46:57,834 - INFO -   X audio shape: (131584,), range: [-0.707001, 0.610229]
2025-11-11 16:46:57,834 - INFO -   Y audio shape: (131584,), range: [-0.106314, 0.123289]
2025-11-11 16:46:57,837 - INFO - Spectrogram shapes: X=(1025, 87), Y=(1025, 87)
2025-11-11 16:46:57,837 - INFO - Filtered spectrogram shapes: X=(108, 87), Y=(108, 87)
2025-11-11 16:46:57,837 - INFO - Original Y magnitude stats: mean=9.240759e-05, std=5.908255e-04
2025-11-11 16:46:57,837 - INFO - Original X magnitude stats: mean=8.618890e-04, std=3.908593e-03
2025-11-11 16:46:57,837 - INFO - Y values below threshold 1.00e-06: 1.3%
2025-11-11 16:46:57,837 - INFO - VAD mask applied: 98.7% time-frequency points retained
2025-11-11 16:46:57,837 - INFO - Y energy retained: 1.000
2025-11-11 16:46:57,837 - INFO - X energy retained: 0.999
2025-11-11 16:46:57,837 - INFO - Audio energy scaling: X=0.999, Y=1.000
2025-11-11 16:46:57,838 - INFO - Starting synchronized X-Y VAD processing:
2025-11-11 16:46:57,838 - INFO -   X audio shape: (132608,), range: [-0.468628, 0.518311]
2025-11-11 16:46:57,838 - INFO -   Y audio shape: (132608,), range: [-0.092446, 0.092398]
2025-11-11 16:46:57,841 - INFO - Spectrogram shapes: X=(1025, 88), Y=(1025, 88)
2025-11-11 16:46:57,841 - INFO - Filtered spectrogram shapes: X=(108, 88), Y=(108, 88)
2025-11-11 16:46:57,842 - INFO - Original Y magnitude stats: mean=7.928393e-05, std=4.480344e-04
2025-11-11 16:46:57,842 - INFO - Original X magnitude stats: mean=6.736821e-04, std=2.460992e-03
2025-11-11 16:46:57,842 - INFO - Y values below threshold 1.00e-06: 2.4%
2025-11-11 16:46:57,842 - INFO - VAD mask applied: 97.6% time-frequency points retained
2025-11-11 16:46:57,842 - INFO - Y energy retained: 1.000
2025-11-11 16:46:57,842 - INFO - X energy retained: 0.999
2025-11-11 16:46:57,842 - INFO - Audio energy scaling: X=0.999, Y=1.000
2025-11-11 16:46:57,843 - INFO - Starting synchronized X-Y VAD processing:
2025-11-11 16:46:57,843 - INFO -   X audio shape: (148480,), range: [-0.418335, 0.471100]
2025-11-11 16:46:57,843 - INFO -   Y audio shape: (148480,), range: [-0.114535, 0.102714]
2025-11-11 16:46:57,846 - INFO - Spectrogram shapes: X=(1025, 98), Y=(1025, 98)
2025-11-11 16:46:57,846 - INFO - Filtered spectrogram shapes: X=(108, 98), Y=(108, 98)
2025-11-11 16:46:57,847 - INFO - Original Y magnitude stats: mean=9.618044e-05, std=5.517697e-04
2025-11-11 16:46:57,847 - INFO - Original X magnitude stats: mean=9.816989e-04, std=3.711045e-03
2025-11-11 16:46:57,847 - INFO - Y values below threshold 1.00e-06: 1.6%
2025-11-11 16:46:57,847 - INFO - VAD mask applied: 98.4% time-frequency points retained
2025-11-11 16:46:57,847 - INFO - Y energy retained: 1.000
2025-11-11 16:46:57,847 - INFO - X energy retained: 0.998
2025-11-11 16:46:57,847 - INFO - Audio energy scaling: X=0.998, Y=1.000
2025-11-11 16:46:57,848 - INFO - Processing angle_25...
2025-11-11 16:46:57,848 - INFO - Starting synchronized X-Y VAD processing:
2025-11-11 16:46:57,848 - INFO -   X audio shape: (131584,), range: [-0.707001, 0.610229]
2025-11-11 16:46:57,848 - INFO -   Y audio shape: (131584,), range: [-0.124154, 0.127407]
2025-11-11 16:46:57,851 - INFO - Spectrogram shapes: X=(1025, 87), Y=(1025, 87)
2025-11-11 16:46:57,851 - INFO - Filtered spectrogram shapes: X=(108, 87), Y=(108, 87)
2025-11-11 16:46:57,851 - INFO - Original Y magnitude stats: mean=9.266207e-05, std=5.409477e-04
2025-11-11 16:46:57,851 - INFO - Original X magnitude stats: mean=8.618890e-04, std=3.908593e-03
2025-11-11 16:46:57,851 - INFO - Y values below threshold 1.00e-06: 1.3%
2025-11-11 16:46:57,851 - INFO - VAD mask applied: 98.7% time-frequency points retained
2025-11-11 16:46:57,851 - INFO - Y energy retained: 1.000
2025-11-11 16:46:57,851 - INFO - X energy retained: 0.999
2025-11-11 16:46:57,852 - INFO - Audio energy scaling: X=0.999, Y=1.000
2025-11-11 16:46:57,853 - INFO - Starting synchronized X-Y VAD processing:
2025-11-11 16:46:57,853 - INFO -   X audio shape: (132608,), range: [-0.468628, 0.518311]
2025-11-11 16:46:57,853 - INFO -   Y audio shape: (132608,), range: [-0.100174, 0.131560]
2025-11-11 16:46:57,855 - INFO - Spectrogram shapes: X=(1025, 88), Y=(1025, 88)
2025-11-11 16:46:57,855 - INFO - Filtered spectrogram shapes: X=(108, 88), Y=(108, 88)
2025-11-11 16:46:57,856 - INFO - Original Y magnitude stats: mean=7.081865e-05, std=3.357167e-04
2025-11-11 16:46:57,856 - INFO - Original X magnitude stats: mean=6.736821e-04, std=2.460992e-03
2025-11-11 16:46:57,856 - INFO - Y values below threshold 1.00e-06: 2.3%
2025-11-11 16:46:57,856 - INFO - VAD mask applied: 97.7% time-frequency points retained
2025-11-11 16:46:57,856 - INFO - Y energy retained: 1.000
2025-11-11 16:46:57,856 - INFO - X energy retained: 0.998
2025-11-11 16:46:57,856 - INFO - Audio energy scaling: X=0.998, Y=1.000
2025-11-11 16:46:57,857 - INFO - Starting synchronized X-Y VAD processing:
2025-11-11 16:46:57,857 - INFO -   X audio shape: (148480,), range: [-0.418335, 0.471100]
2025-11-11 16:46:57,857 - INFO -   Y audio shape: (148480,), range: [-0.129043, 0.107153]
2025-11-11 16:46:57,860 - INFO - Spectrogram shapes: X=(1025, 98), Y=(1025, 98)
2025-11-11 16:46:57,860 - INFO - Filtered spectrogram shapes: X=(108, 98), Y=(108, 98)
2025-11-11 16:46:57,860 - INFO - Original Y magnitude stats: mean=9.974792e-05, std=5.735808e-04
2025-11-11 16:46:57,860 - INFO - Original X magnitude stats: mean=9.816989e-04, std=3.711045e-03
2025-11-11 16:46:57,860 - INFO - Y values below threshold 1.00e-06: 1.0%
2025-11-11 16:46:57,861 - INFO - VAD mask applied: 99.0% time-frequency points retained
2025-11-11 16:46:57,861 - INFO - Y energy retained: 1.000
2025-11-11 16:46:57,861 - INFO - X energy retained: 0.999
2025-11-11 16:46:57,861 - INFO - Audio energy scaling: X=0.999, Y=1.000
2025-11-11 16:46:57,862 - INFO - Processing angle_30...
2025-11-11 16:46:57,862 - INFO - Starting synchronized X-Y VAD processing:
2025-11-11 16:46:57,862 - INFO -   X audio shape: (131584,), range: [-0.707001, 0.610229]
2025-11-11 16:46:57,862 - INFO -   Y audio shape: (131584,), range: [-0.083551, 0.094766]
2025-11-11 16:46:57,865 - INFO - Spectrogram shapes: X=(1025, 87), Y=(1025, 87)
2025-11-11 16:46:57,865 - INFO - Filtered spectrogram shapes: X=(108, 87), Y=(108, 87)
2025-11-11 16:46:57,865 - INFO - Original Y magnitude stats: mean=7.809341e-05, std=4.291562e-04
2025-11-11 16:46:57,865 - INFO - Original X magnitude stats: mean=8.618890e-04, std=3.908593e-03
2025-11-11 16:46:57,865 - INFO - Y values below threshold 1.00e-06: 1.5%
2025-11-11 16:46:57,865 - INFO - VAD mask applied: 98.5% time-frequency points retained
2025-11-11 16:46:57,865 - INFO - Y energy retained: 1.000
2025-11-11 16:46:57,865 - INFO - X energy retained: 0.999
2025-11-11 16:46:57,865 - INFO - Audio energy scaling: X=0.999, Y=1.000
2025-11-11 16:46:57,866 - INFO - Starting synchronized X-Y VAD processing:
2025-11-11 16:46:57,866 - INFO -   X audio shape: (132608,), range: [-0.468628, 0.518311]
2025-11-11 16:46:57,866 - INFO -   Y audio shape: (132608,), range: [-0.121888, 0.112324]
2025-11-11 16:46:57,869 - INFO - Spectrogram shapes: X=(1025, 88), Y=(1025, 88)
2025-11-11 16:46:57,869 - INFO - Filtered spectrogram shapes: X=(108, 88), Y=(108, 88)
2025-11-11 16:46:57,869 - INFO - Original Y magnitude stats: mean=6.088562e-05, std=3.152107e-04
2025-11-11 16:46:57,869 - INFO - Original X magnitude stats: mean=6.736821e-04, std=2.460992e-03
2025-11-11 16:46:57,869 - INFO - Y values below threshold 1.00e-06: 2.5%
2025-11-11 16:46:57,870 - INFO - VAD mask applied: 97.5% time-frequency points retained
2025-11-11 16:46:57,870 - INFO - Y energy retained: 1.000
2025-11-11 16:46:57,870 - INFO - X energy retained: 0.997
2025-11-11 16:46:57,870 - INFO - Audio energy scaling: X=0.997, Y=1.000
2025-11-11 16:46:57,871 - INFO - Starting synchronized X-Y VAD processing:
2025-11-11 16:46:57,871 - INFO -   X audio shape: (148480,), range: [-0.418335, 0.471100]
2025-11-11 16:46:57,871 - INFO -   Y audio shape: (148480,), range: [-0.074410, 0.068899]
2025-11-11 16:46:57,874 - INFO - Spectrogram shapes: X=(1025, 98), Y=(1025, 98)
2025-11-11 16:46:57,874 - INFO - Filtered spectrogram shapes: X=(108, 98), Y=(108, 98)
2025-11-11 16:46:57,874 - INFO - Original Y magnitude stats: mean=8.588440e-05, std=5.065911e-04
2025-11-11 16:46:57,874 - INFO - Original X magnitude stats: mean=9.816989e-04, std=3.711045e-03
2025-11-11 16:46:57,874 - INFO - Y values below threshold 1.00e-06: 1.2%
2025-11-11 16:46:57,874 - INFO - VAD mask applied: 98.8% time-frequency points retained
2025-11-11 16:46:57,875 - INFO - Y energy retained: 1.000
2025-11-11 16:46:57,875 - INFO - X energy retained: 0.998
2025-11-11 16:46:57,875 - INFO - Audio energy scaling: X=0.998, Y=1.000
2025-11-11 16:46:57,876 - INFO - Processing angle_35...
2025-11-11 16:46:57,876 - INFO - Starting synchronized X-Y VAD processing:
2025-11-11 16:46:57,876 - INFO -   X audio shape: (131584,), range: [-0.707001, 0.610229]
2025-11-11 16:46:57,876 - INFO -   Y audio shape: (131584,), range: [-0.092760, 0.111354]
2025-11-11 16:46:57,879 - INFO - Spectrogram shapes: X=(1025, 87), Y=(1025, 87)
2025-11-11 16:46:57,879 - INFO - Filtered spectrogram shapes: X=(108, 87), Y=(108, 87)
2025-11-11 16:46:57,879 - INFO - Original Y magnitude stats: mean=7.846628e-05, std=4.632445e-04
2025-11-11 16:46:57,879 - INFO - Original X magnitude stats: mean=8.618890e-04, std=3.908593e-03
2025-11-11 16:46:57,879 - INFO - Y values below threshold 1.00e-06: 1.9%
2025-11-11 16:46:57,879 - INFO - VAD mask applied: 98.1% time-frequency points retained
2025-11-11 16:46:57,879 - INFO - Y energy retained: 1.000
2025-11-11 16:46:57,879 - INFO - X energy retained: 0.998
2025-11-11 16:46:57,879 - INFO - Audio energy scaling: X=0.998, Y=1.000
2025-11-11 16:46:57,880 - INFO - Starting synchronized X-Y VAD processing:
2025-11-11 16:46:57,880 - INFO -   X audio shape: (132608,), range: [-0.468628, 0.518311]
2025-11-11 16:46:57,880 - INFO -   Y audio shape: (132608,), range: [-0.145676, 0.125817]
2025-11-11 16:46:57,883 - INFO - Spectrogram shapes: X=(1025, 88), Y=(1025, 88)
2025-11-11 16:46:57,883 - INFO - Filtered spectrogram shapes: X=(108, 88), Y=(108, 88)
2025-11-11 16:46:57,883 - INFO - Original Y magnitude stats: mean=6.292354e-05, std=3.495576e-04
2025-11-11 16:46:57,883 - INFO - Original X magnitude stats: mean=6.736821e-04, std=2.460992e-03
2025-11-11 16:46:57,884 - INFO - Y values below threshold 1.00e-06: 2.7%
2025-11-11 16:46:57,884 - INFO - VAD mask applied: 97.3% time-frequency points retained
2025-11-11 16:46:57,884 - INFO - Y energy retained: 1.000
2025-11-11 16:46:57,884 - INFO - X energy retained: 0.997
2025-11-11 16:46:57,884 - INFO - Audio energy scaling: X=0.997, Y=1.000
2025-11-11 16:46:57,885 - INFO - Starting synchronized X-Y VAD processing:
2025-11-11 16:46:57,885 - INFO -   X audio shape: (148480,), range: [-0.418335, 0.471100]
2025-11-11 16:46:57,885 - INFO -   Y audio shape: (148480,), range: [-0.111869, 0.089889]
2025-11-11 16:46:57,888 - INFO - Spectrogram shapes: X=(1025, 98), Y=(1025, 98)
2025-11-11 16:46:57,888 - INFO - Filtered spectrogram shapes: X=(108, 98), Y=(108, 98)
2025-11-11 16:46:57,888 - INFO - Original Y magnitude stats: mean=8.324378e-05, std=4.785810e-04
2025-11-11 16:46:57,888 - INFO - Original X magnitude stats: mean=9.816989e-04, std=3.711045e-03
2025-11-11 16:46:57,888 - INFO - Y values below threshold 1.00e-06: 1.8%
2025-11-11 16:46:57,888 - INFO - VAD mask applied: 98.2% time-frequency points retained
2025-11-11 16:46:57,889 - INFO - Y energy retained: 1.000
2025-11-11 16:46:57,889 - INFO - X energy retained: 0.998
2025-11-11 16:46:57,889 - INFO - Audio energy scaling: X=0.998, Y=1.000
2025-11-11 16:46:57,890 - INFO - Processing angle_40...
2025-11-11 16:46:57,890 - INFO - Starting synchronized X-Y VAD processing:
2025-11-11 16:46:57,890 - INFO -   X audio shape: (131584,), range: [-0.707001, 0.610229]
2025-11-11 16:46:57,890 - INFO -   Y audio shape: (131584,), range: [-0.108263, 0.125717]
2025-11-11 16:46:57,893 - INFO - Spectrogram shapes: X=(1025, 87), Y=(1025, 87)
2025-11-11 16:46:57,893 - INFO - Filtered spectrogram shapes: X=(108, 87), Y=(108, 87)
2025-11-11 16:46:57,893 - INFO - Original Y magnitude stats: mean=8.791592e-05, std=5.758601e-04
2025-11-11 16:46:57,893 - INFO - Original X magnitude stats: mean=8.618890e-04, std=3.908593e-03
2025-11-11 16:46:57,893 - INFO - Y values below threshold 1.00e-06: 1.4%
2025-11-11 16:46:57,893 - INFO - VAD mask applied: 98.6% time-frequency points retained
2025-11-11 16:46:57,893 - INFO - Y energy retained: 1.000
2025-11-11 16:46:57,893 - INFO - X energy retained: 0.999
2025-11-11 16:46:57,894 - INFO - Audio energy scaling: X=0.999, Y=1.000
2025-11-11 16:46:57,895 - INFO - Starting synchronized X-Y VAD processing:
2025-11-11 16:46:57,895 - INFO -   X audio shape: (132608,), range: [-0.468628, 0.518311]
2025-11-11 16:46:57,895 - INFO -   Y audio shape: (132608,), range: [-0.134110, 0.156008]
2025-11-11 16:46:57,898 - INFO - Spectrogram shapes: X=(1025, 88), Y=(1025, 88)
2025-11-11 16:46:57,898 - INFO - Filtered spectrogram shapes: X=(108, 88), Y=(108, 88)
2025-11-11 16:46:57,898 - INFO - Original Y magnitude stats: mean=7.408737e-05, std=4.114858e-04
2025-11-11 16:46:57,898 - INFO - Original X magnitude stats: mean=6.736821e-04, std=2.460992e-03
2025-11-11 16:46:57,898 - INFO - Y values below threshold 1.00e-06: 2.4%
2025-11-11 16:46:57,898 - INFO - VAD mask applied: 97.6% time-frequency points retained
2025-11-11 16:46:57,898 - INFO - Y energy retained: 1.000
2025-11-11 16:46:57,898 - INFO - X energy retained: 0.998
2025-11-11 16:46:57,898 - INFO - Audio energy scaling: X=0.998, Y=1.000
2025-11-11 16:46:57,899 - INFO - Starting synchronized X-Y VAD processing:
2025-11-11 16:46:57,899 - INFO -   X audio shape: (148480,), range: [-0.418335, 0.471100]
2025-11-11 16:46:57,899 - INFO -   Y audio shape: (148480,), range: [-0.121264, 0.109408]
2025-11-11 16:46:57,903 - INFO - Spectrogram shapes: X=(1025, 98), Y=(1025, 98)
2025-11-11 16:46:57,903 - INFO - Filtered spectrogram shapes: X=(108, 98), Y=(108, 98)
2025-11-11 16:46:57,903 - INFO - Original Y magnitude stats: mean=9.087271e-05, std=5.199025e-04
2025-11-11 16:46:57,903 - INFO - Original X magnitude stats: mean=9.816989e-04, std=3.711045e-03
2025-11-11 16:46:57,903 - INFO - Y values below threshold 1.00e-06: 1.2%
2025-11-11 16:46:57,903 - INFO - VAD mask applied: 98.8% time-frequency points retained
2025-11-11 16:46:57,903 - INFO - Y energy retained: 1.000
2025-11-11 16:46:57,903 - INFO - X energy retained: 0.998
2025-11-11 16:46:57,903 - INFO - Audio energy scaling: X=0.998, Y=1.000
2025-11-11 16:46:57,904 - INFO - Processing angle_45...
2025-11-11 16:46:57,904 - INFO - Starting synchronized X-Y VAD processing:
2025-11-11 16:46:57,905 - INFO -   X audio shape: (131584,), range: [-0.707001, 0.610229]
2025-11-11 16:46:57,905 - INFO -   Y audio shape: (131584,), range: [-0.057833, 0.084015]
2025-11-11 16:46:57,907 - INFO - Spectrogram shapes: X=(1025, 87), Y=(1025, 87)
2025-11-11 16:46:57,907 - INFO - Filtered spectrogram shapes: X=(108, 87), Y=(108, 87)
2025-11-11 16:46:57,908 - INFO - Original Y magnitude stats: mean=6.915954e-05, std=3.862507e-04
2025-11-11 16:46:57,908 - INFO - Original X magnitude stats: mean=8.618890e-04, std=3.908593e-03
2025-11-11 16:46:57,908 - INFO - Y values below threshold 1.00e-06: 1.6%
2025-11-11 16:46:57,908 - INFO - VAD mask applied: 98.4% time-frequency points retained
2025-11-11 16:46:57,908 - INFO - Y energy retained: 1.000
2025-11-11 16:46:57,908 - INFO - X energy retained: 0.999
2025-11-11 16:46:57,908 - INFO - Audio energy scaling: X=0.999, Y=1.000
2025-11-11 16:46:57,909 - INFO - Starting synchronized X-Y VAD processing:
2025-11-11 16:46:57,909 - INFO -   X audio shape: (132608,), range: [-0.468628, 0.518311]
2025-11-11 16:46:57,909 - INFO -   Y audio shape: (132608,), range: [-0.065941, 0.071612]
2025-11-11 16:46:57,912 - INFO - Spectrogram shapes: X=(1025, 88), Y=(1025, 88)
2025-11-11 16:46:57,912 - INFO - Filtered spectrogram shapes: X=(108, 88), Y=(108, 88)
2025-11-11 16:46:57,912 - INFO - Original Y magnitude stats: mean=5.555322e-05, std=2.914383e-04
2025-11-11 16:46:57,912 - INFO - Original X magnitude stats: mean=6.736821e-04, std=2.460992e-03
2025-11-11 16:46:57,912 - INFO - Y values below threshold 1.00e-06: 2.3%
2025-11-11 16:46:57,912 - INFO - VAD mask applied: 97.7% time-frequency points retained
2025-11-11 16:46:57,912 - INFO - Y energy retained: 1.000
2025-11-11 16:46:57,912 - INFO - X energy retained: 0.998
2025-11-11 16:46:57,913 - INFO - Audio energy scaling: X=0.998, Y=1.000
2025-11-11 16:46:57,914 - INFO - Starting synchronized X-Y VAD processing:
2025-11-11 16:46:57,914 - INFO -   X audio shape: (148480,), range: [-0.418335, 0.471100]
2025-11-11 16:46:57,914 - INFO -   Y audio shape: (148480,), range: [-0.076721, 0.070404]
2025-11-11 16:46:57,917 - INFO - Spectrogram shapes: X=(1025, 98), Y=(1025, 98)
2025-11-11 16:46:57,917 - INFO - Filtered spectrogram shapes: X=(108, 98), Y=(108, 98)
2025-11-11 16:46:57,917 - INFO - Original Y magnitude stats: mean=7.130266e-05, std=4.116477e-04
2025-11-11 16:46:57,917 - INFO - Original X magnitude stats: mean=9.816989e-04, std=3.711045e-03
2025-11-11 16:46:57,917 - INFO - Y values below threshold 1.00e-06: 1.6%
2025-11-11 16:46:57,917 - INFO - VAD mask applied: 98.4% time-frequency points retained
2025-11-11 16:46:57,917 - INFO - Y energy retained: 1.000
2025-11-11 16:46:57,917 - INFO - X energy retained: 0.998
2025-11-11 16:46:57,918 - INFO - Audio energy scaling: X=0.998, Y=1.000
2025-11-11 16:46:57,918 - INFO - Processing angle_5...
2025-11-11 16:46:57,919 - INFO - Starting synchronized X-Y VAD processing:
2025-11-11 16:46:57,919 - INFO -   X audio shape: (131584,), range: [-0.707001, 0.610229]
2025-11-11 16:46:57,919 - INFO -   Y audio shape: (131584,), range: [-0.188147, 0.216483]
2025-11-11 16:46:57,922 - INFO - Spectrogram shapes: X=(1025, 87), Y=(1025, 87)
2025-11-11 16:46:57,922 - INFO - Filtered spectrogram shapes: X=(108, 87), Y=(108, 87)
2025-11-11 16:46:57,922 - INFO - Original Y magnitude stats: mean=1.446417e-04, std=1.115362e-03
2025-11-11 16:46:57,922 - INFO - Original X magnitude stats: mean=8.618890e-04, std=3.908593e-03
2025-11-11 16:46:57,922 - INFO - Y values below threshold 1.00e-06: 0.8%
2025-11-11 16:46:57,922 - INFO - VAD mask applied: 99.2% time-frequency points retained
2025-11-11 16:46:57,922 - INFO - Y energy retained: 1.000
2025-11-11 16:46:57,922 - INFO - X energy retained: 0.999
2025-11-11 16:46:57,922 - INFO - Audio energy scaling: X=0.999, Y=1.000
2025-11-11 16:46:57,923 - INFO - Starting synchronized X-Y VAD processing:
2025-11-11 16:46:57,923 - INFO -   X audio shape: (132608,), range: [-0.468628, 0.518311]
2025-11-11 16:46:57,923 - INFO -   Y audio shape: (132608,), range: [-0.162154, 0.131426]
2025-11-11 16:46:57,926 - INFO - Spectrogram shapes: X=(1025, 88), Y=(1025, 88)
2025-11-11 16:46:57,926 - INFO - Filtered spectrogram shapes: X=(108, 88), Y=(108, 88)
2025-11-11 16:46:57,926 - INFO - Original Y magnitude stats: mean=1.287832e-04, std=9.226364e-04
2025-11-11 16:46:57,926 - INFO - Original X magnitude stats: mean=6.736821e-04, std=2.460992e-03
2025-11-11 16:46:57,926 - INFO - Y values below threshold 1.00e-06: 2.1%
2025-11-11 16:46:57,927 - INFO - VAD mask applied: 97.9% time-frequency points retained
2025-11-11 16:46:57,927 - INFO - Y energy retained: 1.000
2025-11-11 16:46:57,927 - INFO - X energy retained: 0.998
2025-11-11 16:46:57,927 - INFO - Audio energy scaling: X=0.998, Y=1.000
2025-11-11 16:46:57,928 - INFO - Starting synchronized X-Y VAD processing:
2025-11-11 16:46:57,928 - INFO -   X audio shape: (148480,), range: [-0.418335, 0.471100]
2025-11-11 16:46:57,928 - INFO -   Y audio shape: (148480,), range: [-0.174053, 0.215371]
2025-11-11 16:46:57,931 - INFO - Spectrogram shapes: X=(1025, 98), Y=(1025, 98)
2025-11-11 16:46:57,931 - INFO - Filtered spectrogram shapes: X=(108, 98), Y=(108, 98)
2025-11-11 16:46:57,931 - INFO - Original Y magnitude stats: mean=1.556132e-04, std=1.132038e-03
2025-11-11 16:46:57,931 - INFO - Original X magnitude stats: mean=9.816989e-04, std=3.711045e-03
2025-11-11 16:46:57,931 - INFO - Y values below threshold 1.00e-06: 0.8%
2025-11-11 16:46:57,931 - INFO - VAD mask applied: 99.2% time-frequency points retained
2025-11-11 16:46:57,931 - INFO - Y energy retained: 1.000
2025-11-11 16:46:57,931 - INFO - X energy retained: 0.999
2025-11-11 16:46:57,932 - INFO - Audio energy scaling: X=0.999, Y=1.000
2025-11-11 16:46:57,932 - INFO - Processing angle_50...
2025-11-11 16:46:57,933 - INFO - Starting synchronized X-Y VAD processing:
2025-11-11 16:46:57,933 - INFO -   X audio shape: (131584,), range: [-0.707001, 0.610229]
2025-11-11 16:46:57,933 - INFO -   Y audio shape: (131584,), range: [-0.129700, 0.158577]
2025-11-11 16:46:57,936 - INFO - Spectrogram shapes: X=(1025, 87), Y=(1025, 87)
2025-11-11 16:46:57,936 - INFO - Filtered spectrogram shapes: X=(108, 87), Y=(108, 87)
2025-11-11 16:46:57,936 - INFO - Original Y magnitude stats: mean=9.791588e-05, std=7.108261e-04
2025-11-11 16:46:57,936 - INFO - Original X magnitude stats: mean=8.618890e-04, std=3.908593e-03
2025-11-11 16:46:57,936 - INFO - Y values below threshold 1.00e-06: 1.3%
2025-11-11 16:46:57,936 - INFO - VAD mask applied: 98.7% time-frequency points retained
2025-11-11 16:46:57,936 - INFO - Y energy retained: 1.000
2025-11-11 16:46:57,936 - INFO - X energy retained: 0.998
2025-11-11 16:46:57,936 - INFO - Audio energy scaling: X=0.998, Y=1.000
2025-11-11 16:46:57,937 - INFO - Starting synchronized X-Y VAD processing:
2025-11-11 16:46:57,937 - INFO -   X audio shape: (132608,), range: [-0.468628, 0.518311]
2025-11-11 16:46:57,937 - INFO -   Y audio shape: (132608,), range: [-0.136707, 0.140398]
2025-11-11 16:46:57,940 - INFO - Spectrogram shapes: X=(1025, 88), Y=(1025, 88)
2025-11-11 16:46:57,940 - INFO - Filtered spectrogram shapes: X=(108, 88), Y=(108, 88)
2025-11-11 16:46:57,941 - INFO - Original Y magnitude stats: mean=8.127267e-05, std=4.997838e-04
2025-11-11 16:46:57,941 - INFO - Original X magnitude stats: mean=6.736821e-04, std=2.460992e-03
2025-11-11 16:46:57,941 - INFO - Y values below threshold 1.00e-06: 2.0%
2025-11-11 16:46:57,941 - INFO - VAD mask applied: 98.0% time-frequency points retained
2025-11-11 16:46:57,941 - INFO - Y energy retained: 1.000
2025-11-11 16:46:57,941 - INFO - X energy retained: 0.999
2025-11-11 16:46:57,941 - INFO - Audio energy scaling: X=0.999, Y=1.000
2025-11-11 16:46:57,942 - INFO - Starting synchronized X-Y VAD processing:
2025-11-11 16:46:57,942 - INFO -   X audio shape: (148480,), range: [-0.418335, 0.471100]
2025-11-11 16:46:57,942 - INFO -   Y audio shape: (148480,), range: [-0.128940, 0.107993]
2025-11-11 16:46:57,945 - INFO - Spectrogram shapes: X=(1025, 98), Y=(1025, 98)
2025-11-11 16:46:57,945 - INFO - Filtered spectrogram shapes: X=(108, 98), Y=(108, 98)
2025-11-11 16:46:57,946 - INFO - Original Y magnitude stats: mean=9.882072e-05, std=6.076871e-04
2025-11-11 16:46:57,946 - INFO - Original X magnitude stats: mean=9.816989e-04, std=3.711045e-03
2025-11-11 16:46:57,946 - INFO - Y values below threshold 1.00e-06: 1.0%
2025-11-11 16:46:57,946 - INFO - VAD mask applied: 99.0% time-frequency points retained
2025-11-11 16:46:57,946 - INFO - Y energy retained: 1.000
2025-11-11 16:46:57,946 - INFO - X energy retained: 0.996
2025-11-11 16:46:57,946 - INFO - Audio energy scaling: X=0.996, Y=1.000
2025-11-11 16:46:57,947 - INFO - Processing angle_55...
2025-11-11 16:46:57,947 - INFO - Starting synchronized X-Y VAD processing:
2025-11-11 16:46:57,947 - INFO -   X audio shape: (131584,), range: [-0.707001, 0.610229]
2025-11-11 16:46:57,947 - INFO -   Y audio shape: (131584,), range: [-0.124406, 0.137271]
2025-11-11 16:46:57,950 - INFO - Spectrogram shapes: X=(1025, 87), Y=(1025, 87)
2025-11-11 16:46:57,950 - INFO - Filtered spectrogram shapes: X=(108, 87), Y=(108, 87)
2025-11-11 16:46:57,950 - INFO - Original Y magnitude stats: mean=9.164040e-05, std=6.724187e-04
2025-11-11 16:46:57,951 - INFO - Original X magnitude stats: mean=8.618890e-04, std=3.908593e-03
2025-11-11 16:46:57,951 - INFO - Y values below threshold 1.00e-06: 1.0%
2025-11-11 16:46:57,951 - INFO - VAD mask applied: 99.0% time-frequency points retained
2025-11-11 16:46:57,951 - INFO - Y energy retained: 1.000
2025-11-11 16:46:57,951 - INFO - X energy retained: 0.999
2025-11-11 16:46:57,951 - INFO - Audio energy scaling: X=0.999, Y=1.000
2025-11-11 16:46:57,952 - INFO - Starting synchronized X-Y VAD processing:
2025-11-11 16:46:57,952 - INFO -   X audio shape: (132608,), range: [-0.468628, 0.518311]
2025-11-11 16:46:57,952 - INFO -   Y audio shape: (132608,), range: [-0.123263, 0.129841]
2025-11-11 16:46:57,955 - INFO - Spectrogram shapes: X=(1025, 88), Y=(1025, 88)
2025-11-11 16:46:57,955 - INFO - Filtered spectrogram shapes: X=(108, 88), Y=(108, 88)
2025-11-11 16:46:57,955 - INFO - Original Y magnitude stats: mean=7.605441e-05, std=4.695328e-04
2025-11-11 16:46:57,955 - INFO - Original X magnitude stats: mean=6.736821e-04, std=2.460992e-03
2025-11-11 16:46:57,955 - INFO - Y values below threshold 1.00e-06: 2.2%
2025-11-11 16:46:57,955 - INFO - VAD mask applied: 97.8% time-frequency points retained
2025-11-11 16:46:57,955 - INFO - Y energy retained: 1.000
2025-11-11 16:46:57,955 - INFO - X energy retained: 0.998
2025-11-11 16:46:57,955 - INFO - Audio energy scaling: X=0.998, Y=1.000
2025-11-11 16:46:57,957 - INFO - Starting synchronized X-Y VAD processing:
2025-11-11 16:46:57,957 - INFO -   X audio shape: (148480,), range: [-0.418335, 0.471100]
2025-11-11 16:46:57,957 - INFO -   Y audio shape: (148480,), range: [-0.123006, 0.105567]
2025-11-11 16:46:57,960 - INFO - Spectrogram shapes: X=(1025, 98), Y=(1025, 98)
2025-11-11 16:46:57,960 - INFO - Filtered spectrogram shapes: X=(108, 98), Y=(108, 98)
2025-11-11 16:46:57,960 - INFO - Original Y magnitude stats: mean=9.455412e-05, std=5.841980e-04
2025-11-11 16:46:57,960 - INFO - Original X magnitude stats: mean=9.816989e-04, std=3.711045e-03
2025-11-11 16:46:57,960 - INFO - Y values below threshold 1.00e-06: 0.9%
2025-11-11 16:46:57,960 - INFO - VAD mask applied: 99.1% time-frequency points retained
2025-11-11 16:46:57,960 - INFO - Y energy retained: 1.000
2025-11-11 16:46:57,961 - INFO - X energy retained: 0.999
2025-11-11 16:46:57,961 - INFO - Audio energy scaling: X=0.999, Y=1.000
2025-11-11 16:46:57,962 - INFO - Processing angle_60...
2025-11-11 16:46:57,962 - INFO - Starting synchronized X-Y VAD processing:
2025-11-11 16:46:57,962 - INFO -   X audio shape: (131584,), range: [-0.707001, 0.610229]
2025-11-11 16:46:57,962 - INFO -   Y audio shape: (131584,), range: [-0.127164, 0.142166]
2025-11-11 16:46:57,965 - INFO - Spectrogram shapes: X=(1025, 87), Y=(1025, 87)
2025-11-11 16:46:57,965 - INFO - Filtered spectrogram shapes: X=(108, 87), Y=(108, 87)
2025-11-11 16:46:57,965 - INFO - Original Y magnitude stats: mean=9.846374e-05, std=7.021860e-04
2025-11-11 16:46:57,965 - INFO - Original X magnitude stats: mean=8.618890e-04, std=3.908593e-03
2025-11-11 16:46:57,965 - INFO - Y values below threshold 1.00e-06: 1.3%
2025-11-11 16:46:57,965 - INFO - VAD mask applied: 98.7% time-frequency points retained
2025-11-11 16:46:57,965 - INFO - Y energy retained: 1.000
2025-11-11 16:46:57,965 - INFO - X energy retained: 0.999
2025-11-11 16:46:57,966 - INFO - Audio energy scaling: X=0.999, Y=1.000
2025-11-11 16:46:57,967 - INFO - Starting synchronized X-Y VAD processing:
2025-11-11 16:46:57,967 - INFO -   X audio shape: (132608,), range: [-0.468628, 0.518311]
2025-11-11 16:46:57,967 - INFO -   Y audio shape: (132608,), range: [-0.126402, 0.105977]
2025-11-11 16:46:57,970 - INFO - Spectrogram shapes: X=(1025, 88), Y=(1025, 88)
2025-11-11 16:46:57,970 - INFO - Filtered spectrogram shapes: X=(108, 88), Y=(108, 88)
2025-11-11 16:46:57,970 - INFO - Original Y magnitude stats: mean=7.819820e-05, std=4.597883e-04
2025-11-11 16:46:57,970 - INFO - Original X magnitude stats: mean=6.736821e-04, std=2.460992e-03
2025-11-11 16:46:57,970 - INFO - Y values below threshold 1.00e-06: 2.4%
2025-11-11 16:46:57,970 - INFO - VAD mask applied: 97.6% time-frequency points retained
2025-11-11 16:46:57,970 - INFO - Y energy retained: 1.000
2025-11-11 16:46:57,970 - INFO - X energy retained: 0.995
2025-11-11 16:46:57,970 - INFO - Audio energy scaling: X=0.995, Y=1.000
2025-11-11 16:46:57,971 - INFO - Starting synchronized X-Y VAD processing:
2025-11-11 16:46:57,971 - INFO -   X audio shape: (148480,), range: [-0.418335, 0.471100]
2025-11-11 16:46:57,971 - INFO -   Y audio shape: (148480,), range: [-0.127618, 0.117988]
2025-11-11 16:46:57,975 - INFO - Spectrogram shapes: X=(1025, 98), Y=(1025, 98)
2025-11-11 16:46:57,975 - INFO - Filtered spectrogram shapes: X=(108, 98), Y=(108, 98)
2025-11-11 16:46:57,975 - INFO - Original Y magnitude stats: mean=1.034749e-04, std=6.303986e-04
2025-11-11 16:46:57,975 - INFO - Original X magnitude stats: mean=9.816989e-04, std=3.711045e-03
2025-11-11 16:46:57,975 - INFO - Y values below threshold 1.00e-06: 1.3%
2025-11-11 16:46:57,975 - INFO - VAD mask applied: 98.7% time-frequency points retained
2025-11-11 16:46:57,975 - INFO - Y energy retained: 1.000
2025-11-11 16:46:57,975 - INFO - X energy retained: 0.998
2025-11-11 16:46:57,975 - INFO - Audio energy scaling: X=0.998, Y=1.000
2025-11-11 16:46:57,976 - INFO - Processing angle_65...
2025-11-11 16:46:57,977 - INFO - Starting synchronized X-Y VAD processing:
2025-11-11 16:46:57,977 - INFO -   X audio shape: (131584,), range: [-0.707001, 0.610229]
2025-11-11 16:46:57,977 - INFO -   Y audio shape: (131584,), range: [-0.111442, 0.118518]
2025-11-11 16:46:57,979 - INFO - Spectrogram shapes: X=(1025, 87), Y=(1025, 87)
2025-11-11 16:46:57,979 - INFO - Filtered spectrogram shapes: X=(108, 87), Y=(108, 87)
2025-11-11 16:46:57,980 - INFO - Original Y magnitude stats: mean=8.932059e-05, std=5.972585e-04
2025-11-11 16:46:57,980 - INFO - Original X magnitude stats: mean=8.618890e-04, std=3.908593e-03
2025-11-11 16:46:57,980 - INFO - Y values below threshold 1.00e-06: 1.3%
2025-11-11 16:46:57,980 - INFO - VAD mask applied: 98.7% time-frequency points retained
2025-11-11 16:46:57,980 - INFO - Y energy retained: 1.000
2025-11-11 16:46:57,980 - INFO - X energy retained: 0.999
2025-11-11 16:46:57,980 - INFO - Audio energy scaling: X=0.999, Y=1.000
2025-11-11 16:46:57,981 - INFO - Starting synchronized X-Y VAD processing:
2025-11-11 16:46:57,981 - INFO -   X audio shape: (132608,), range: [-0.468628, 0.518311]
2025-11-11 16:46:57,981 - INFO -   Y audio shape: (132608,), range: [-0.139976, 0.109485]
2025-11-11 16:46:57,983 - INFO - Spectrogram shapes: X=(1025, 88), Y=(1025, 88)
2025-11-11 16:46:57,983 - INFO - Filtered spectrogram shapes: X=(108, 88), Y=(108, 88)
2025-11-11 16:46:57,984 - INFO - Original Y magnitude stats: mean=7.223355e-05, std=4.124081e-04
2025-11-11 16:46:57,984 - INFO - Original X magnitude stats: mean=6.736821e-04, std=2.460992e-03
2025-11-11 16:46:57,984 - INFO - Y values below threshold 1.00e-06: 2.7%
2025-11-11 16:46:57,984 - INFO - VAD mask applied: 97.3% time-frequency points retained
2025-11-11 16:46:57,984 - INFO - Y energy retained: 1.000
2025-11-11 16:46:57,984 - INFO - X energy retained: 0.998
2025-11-11 16:46:57,984 - INFO - Audio energy scaling: X=0.998, Y=1.000
2025-11-11 16:46:57,985 - INFO - Starting synchronized X-Y VAD processing:
2025-11-11 16:46:57,985 - INFO -   X audio shape: (148480,), range: [-0.418335, 0.471100]
2025-11-11 16:46:57,985 - INFO -   Y audio shape: (148480,), range: [-0.126409, 0.121224]
2025-11-11 16:46:57,988 - INFO - Spectrogram shapes: X=(1025, 98), Y=(1025, 98)
2025-11-11 16:46:57,988 - INFO - Filtered spectrogram shapes: X=(108, 98), Y=(108, 98)
2025-11-11 16:46:57,989 - INFO - Original Y magnitude stats: mean=9.943822e-05, std=5.862949e-04
2025-11-11 16:46:57,989 - INFO - Original X magnitude stats: mean=9.816989e-04, std=3.711045e-03
2025-11-11 16:46:57,989 - INFO - Y values below threshold 1.00e-06: 1.4%
2025-11-11 16:46:57,989 - INFO - VAD mask applied: 98.6% time-frequency points retained
2025-11-11 16:46:57,989 - INFO - Y energy retained: 1.000
2025-11-11 16:46:57,989 - INFO - X energy retained: 0.998
2025-11-11 16:46:57,989 - INFO - Audio energy scaling: X=0.998, Y=1.000
2025-11-11 16:46:57,990 - INFO - Processing angle_70...
2025-11-11 16:46:57,990 - INFO - Starting synchronized X-Y VAD processing:
2025-11-11 16:46:57,990 - INFO -   X audio shape: (131584,), range: [-0.707001, 0.610229]
2025-11-11 16:46:57,990 - INFO -   Y audio shape: (131584,), range: [-0.120479, 0.113720]
2025-11-11 16:46:57,993 - INFO - Spectrogram shapes: X=(1025, 87), Y=(1025, 87)
2025-11-11 16:46:57,993 - INFO - Filtered spectrogram shapes: X=(108, 87), Y=(108, 87)
2025-11-11 16:46:57,993 - INFO - Original Y magnitude stats: mean=8.992290e-05, std=6.055407e-04
2025-11-11 16:46:57,993 - INFO - Original X magnitude stats: mean=8.618890e-04, std=3.908593e-03
2025-11-11 16:46:57,993 - INFO - Y values below threshold 1.00e-06: 1.7%
2025-11-11 16:46:57,993 - INFO - VAD mask applied: 98.3% time-frequency points retained
2025-11-11 16:46:57,994 - INFO - Y energy retained: 1.000
2025-11-11 16:46:57,994 - INFO - X energy retained: 0.998
2025-11-11 16:46:57,994 - INFO - Audio energy scaling: X=0.998, Y=1.000
2025-11-11 16:46:57,995 - INFO - Starting synchronized X-Y VAD processing:
2025-11-11 16:46:57,995 - INFO -   X audio shape: (132608,), range: [-0.468628, 0.518311]
2025-11-11 16:46:57,995 - INFO -   Y audio shape: (132608,), range: [-0.122254, 0.101855]
2025-11-11 16:46:57,998 - INFO - Spectrogram shapes: X=(1025, 88), Y=(1025, 88)
2025-11-11 16:46:57,998 - INFO - Filtered spectrogram shapes: X=(108, 88), Y=(108, 88)
2025-11-11 16:46:57,998 - INFO - Original Y magnitude stats: mean=7.043993e-05, std=4.106947e-04
2025-11-11 16:46:57,998 - INFO - Original X magnitude stats: mean=6.736821e-04, std=2.460992e-03
2025-11-11 16:46:57,998 - INFO - Y values below threshold 1.00e-06: 2.7%
2025-11-11 16:46:57,998 - INFO - VAD mask applied: 97.3% time-frequency points retained
2025-11-11 16:46:57,998 - INFO - Y energy retained: 1.000
2025-11-11 16:46:57,998 - INFO - X energy retained: 0.997
2025-11-11 16:46:57,998 - INFO - Audio energy scaling: X=0.997, Y=1.000
2025-11-11 16:46:57,999 - INFO - Starting synchronized X-Y VAD processing:
2025-11-11 16:46:57,999 - INFO -   X audio shape: (148480,), range: [-0.418335, 0.471100]
2025-11-11 16:46:57,999 - INFO -   Y audio shape: (148480,), range: [-0.132154, 0.122966]
2025-11-11 16:46:58,003 - INFO - Spectrogram shapes: X=(1025, 98), Y=(1025, 98)
2025-11-11 16:46:58,003 - INFO - Filtered spectrogram shapes: X=(108, 98), Y=(108, 98)
2025-11-11 16:46:58,003 - INFO - Original Y magnitude stats: mean=9.730746e-05, std=5.990598e-04
2025-11-11 16:46:58,003 - INFO - Original X magnitude stats: mean=9.816989e-04, std=3.711045e-03
2025-11-11 16:46:58,003 - INFO - Y values below threshold 1.00e-06: 1.4%
2025-11-11 16:46:58,003 - INFO - VAD mask applied: 98.6% time-frequency points retained
2025-11-11 16:46:58,003 - INFO - Y energy retained: 1.000
2025-11-11 16:46:58,003 - INFO - X energy retained: 0.998
2025-11-11 16:46:58,003 - INFO - Audio energy scaling: X=0.998, Y=1.000
2025-11-11 16:46:58,004 - INFO - Processing angle_75...
2025-11-11 16:46:58,005 - INFO - Starting synchronized X-Y VAD processing:
2025-11-11 16:46:58,005 - INFO -   X audio shape: (131584,), range: [-0.707001, 0.610229]
2025-11-11 16:46:58,005 - INFO -   Y audio shape: (131584,), range: [-0.106976, 0.101370]
2025-11-11 16:46:58,007 - INFO - Spectrogram shapes: X=(1025, 87), Y=(1025, 87)
2025-11-11 16:46:58,007 - INFO - Filtered spectrogram shapes: X=(108, 87), Y=(108, 87)
2025-11-11 16:46:58,008 - INFO - Original Y magnitude stats: mean=8.867327e-05, std=5.295246e-04
2025-11-11 16:46:58,008 - INFO - Original X magnitude stats: mean=8.618890e-04, std=3.908593e-03
2025-11-11 16:46:58,008 - INFO - Y values below threshold 1.00e-06: 1.4%
2025-11-11 16:46:58,008 - INFO - VAD mask applied: 98.6% time-frequency points retained
2025-11-11 16:46:58,008 - INFO - Y energy retained: 1.000
2025-11-11 16:46:58,008 - INFO - X energy retained: 0.999
2025-11-11 16:46:58,008 - INFO - Audio energy scaling: X=0.999, Y=1.000
2025-11-11 16:46:58,009 - INFO - Starting synchronized X-Y VAD processing:
2025-11-11 16:46:58,009 - INFO -   X audio shape: (132608,), range: [-0.468628, 0.518311]
2025-11-11 16:46:58,009 - INFO -   Y audio shape: (132608,), range: [-0.126394, 0.105323]
2025-11-11 16:46:58,012 - INFO - Spectrogram shapes: X=(1025, 88), Y=(1025, 88)
2025-11-11 16:46:58,012 - INFO - Filtered spectrogram shapes: X=(108, 88), Y=(108, 88)
2025-11-11 16:46:58,012 - INFO - Original Y magnitude stats: mean=7.493933e-05, std=3.961317e-04
2025-11-11 16:46:58,012 - INFO - Original X magnitude stats: mean=6.736821e-04, std=2.460992e-03
2025-11-11 16:46:58,012 - INFO - Y values below threshold 1.00e-06: 2.3%
2025-11-11 16:46:58,012 - INFO - VAD mask applied: 97.7% time-frequency points retained
2025-11-11 16:46:58,012 - INFO - Y energy retained: 1.000
2025-11-11 16:46:58,012 - INFO - X energy retained: 0.998
2025-11-11 16:46:58,013 - INFO - Audio energy scaling: X=0.998, Y=1.000
2025-11-11 16:46:58,014 - INFO - Starting synchronized X-Y VAD processing:
2025-11-11 16:46:58,014 - INFO -   X audio shape: (148480,), range: [-0.418335, 0.471100]
2025-11-11 16:46:58,014 - INFO -   Y audio shape: (148480,), range: [-0.146930, 0.121517]
2025-11-11 16:46:58,017 - INFO - Spectrogram shapes: X=(1025, 98), Y=(1025, 98)
2025-11-11 16:46:58,017 - INFO - Filtered spectrogram shapes: X=(108, 98), Y=(108, 98)
2025-11-11 16:46:58,017 - INFO - Original Y magnitude stats: mean=1.015020e-04, std=5.804040e-04
2025-11-11 16:46:58,017 - INFO - Original X magnitude stats: mean=9.816989e-04, std=3.711045e-03
2025-11-11 16:46:58,017 - INFO - Y values below threshold 1.00e-06: 1.4%
2025-11-11 16:46:58,017 - INFO - VAD mask applied: 98.6% time-frequency points retained
2025-11-11 16:46:58,017 - INFO - Y energy retained: 1.000
2025-11-11 16:46:58,017 - INFO - X energy retained: 0.998
2025-11-11 16:46:58,018 - INFO - Audio energy scaling: X=0.998, Y=1.000
2025-11-11 16:46:58,018 - INFO - Processing angle_80...
2025-11-11 16:46:58,019 - INFO - Starting synchronized X-Y VAD processing:
2025-11-11 16:46:58,019 - INFO -   X audio shape: (131584,), range: [-0.707001, 0.610229]
2025-11-11 16:46:58,019 - INFO -   Y audio shape: (131584,), range: [-0.116685, 0.124914]
2025-11-11 16:46:58,021 - INFO - Spectrogram shapes: X=(1025, 87), Y=(1025, 87)
2025-11-11 16:46:58,021 - INFO - Filtered spectrogram shapes: X=(108, 87), Y=(108, 87)
2025-11-11 16:46:58,022 - INFO - Original Y magnitude stats: mean=9.118031e-05, std=5.677079e-04
2025-11-11 16:46:58,022 - INFO - Original X magnitude stats: mean=8.618890e-04, std=3.908593e-03
2025-11-11 16:46:58,022 - INFO - Y values below threshold 1.00e-06: 1.5%
2025-11-11 16:46:58,022 - INFO - VAD mask applied: 98.5% time-frequency points retained
2025-11-11 16:46:58,022 - INFO - Y energy retained: 1.000
2025-11-11 16:46:58,022 - INFO - X energy retained: 0.999
2025-11-11 16:46:58,022 - INFO - Audio energy scaling: X=0.999, Y=1.000
2025-11-11 16:46:58,023 - INFO - Starting synchronized X-Y VAD processing:
2025-11-11 16:46:58,023 - INFO -   X audio shape: (132608,), range: [-0.468628, 0.518311]
2025-11-11 16:46:58,023 - INFO -   Y audio shape: (132608,), range: [-0.137469, 0.137992]
2025-11-11 16:46:58,026 - INFO - Spectrogram shapes: X=(1025, 88), Y=(1025, 88)
2025-11-11 16:46:58,026 - INFO - Filtered spectrogram shapes: X=(108, 88), Y=(108, 88)
2025-11-11 16:46:58,026 - INFO - Original Y magnitude stats: mean=7.896314e-05, std=4.609281e-04
2025-11-11 16:46:58,026 - INFO - Original X magnitude stats: mean=6.736821e-04, std=2.460992e-03
2025-11-11 16:46:58,026 - INFO - Y values below threshold 1.00e-06: 2.3%
2025-11-11 16:46:58,026 - INFO - VAD mask applied: 97.7% time-frequency points retained
2025-11-11 16:46:58,026 - INFO - Y energy retained: 1.000
2025-11-11 16:46:58,026 - INFO - X energy retained: 0.998
2025-11-11 16:46:58,027 - INFO - Audio energy scaling: X=0.998, Y=1.000
2025-11-11 16:46:58,028 - INFO - Starting synchronized X-Y VAD processing:
2025-11-11 16:46:58,028 - INFO -   X audio shape: (148480,), range: [-0.418335, 0.471100]
2025-11-11 16:46:58,028 - INFO -   Y audio shape: (148480,), range: [-0.167143, 0.119954]
2025-11-11 16:46:58,031 - INFO - Spectrogram shapes: X=(1025, 98), Y=(1025, 98)
2025-11-11 16:46:58,031 - INFO - Filtered spectrogram shapes: X=(108, 98), Y=(108, 98)
2025-11-11 16:46:58,031 - INFO - Original Y magnitude stats: mean=1.018310e-04, std=6.373253e-04
2025-11-11 16:46:58,031 - INFO - Original X magnitude stats: mean=9.816989e-04, std=3.711045e-03
2025-11-11 16:46:58,031 - INFO - Y values below threshold 1.00e-06: 1.5%
2025-11-11 16:46:58,031 - INFO - VAD mask applied: 98.5% time-frequency points retained
2025-11-11 16:46:58,031 - INFO - Y energy retained: 1.000
2025-11-11 16:46:58,031 - INFO - X energy retained: 0.998
2025-11-11 16:46:58,032 - INFO - Audio energy scaling: X=0.998, Y=1.000
2025-11-11 16:46:58,032 - INFO - Processing angle_85...
2025-11-11 16:46:58,033 - INFO - Starting synchronized X-Y VAD processing:
2025-11-11 16:46:58,033 - INFO -   X audio shape: (131584,), range: [-0.707001, 0.610229]
2025-11-11 16:46:58,033 - INFO -   Y audio shape: (131584,), range: [-0.144495, 0.144627]
2025-11-11 16:46:58,036 - INFO - Spectrogram shapes: X=(1025, 87), Y=(1025, 87)
2025-11-11 16:46:58,036 - INFO - Filtered spectrogram shapes: X=(108, 87), Y=(108, 87)
2025-11-11 16:46:58,036 - INFO - Original Y magnitude stats: mean=1.037642e-04, std=6.886438e-04
2025-11-11 16:46:58,036 - INFO - Original X magnitude stats: mean=8.618890e-04, std=3.908593e-03
2025-11-11 16:46:58,036 - INFO - Y values below threshold 1.00e-06: 1.1%
2025-11-11 16:46:58,036 - INFO - VAD mask applied: 98.9% time-frequency points retained
2025-11-11 16:46:58,036 - INFO - Y energy retained: 1.000
2025-11-11 16:46:58,036 - INFO - X energy retained: 0.999
2025-11-11 16:46:58,036 - INFO - Audio energy scaling: X=0.999, Y=1.000
2025-11-11 16:46:58,037 - INFO - Starting synchronized X-Y VAD processing:
2025-11-11 16:46:58,037 - INFO -   X audio shape: (132608,), range: [-0.468628, 0.518311]
2025-11-11 16:46:58,037 - INFO -   Y audio shape: (132608,), range: [-0.102799, 0.124364]
2025-11-11 16:46:58,040 - INFO - Spectrogram shapes: X=(1025, 88), Y=(1025, 88)
2025-11-11 16:46:58,040 - INFO - Filtered spectrogram shapes: X=(108, 88), Y=(108, 88)
2025-11-11 16:46:58,040 - INFO - Original Y magnitude stats: mean=8.846799e-05, std=4.886087e-04
2025-11-11 16:46:58,040 - INFO - Original X magnitude stats: mean=6.736821e-04, std=2.460992e-03
2025-11-11 16:46:58,040 - INFO - Y values below threshold 1.00e-06: 2.6%
2025-11-11 16:46:58,040 - INFO - VAD mask applied: 97.4% time-frequency points retained
2025-11-11 16:46:58,041 - INFO - Y energy retained: 1.000
2025-11-11 16:46:58,041 - INFO - X energy retained: 0.998
2025-11-11 16:46:58,041 - INFO - Audio energy scaling: X=0.998, Y=1.000
2025-11-11 16:46:58,042 - INFO - Starting synchronized X-Y VAD processing:
2025-11-11 16:46:58,042 - INFO -   X audio shape: (148480,), range: [-0.418335, 0.471100]
2025-11-11 16:46:58,042 - INFO -   Y audio shape: (148480,), range: [-0.168007, 0.114335]
2025-11-11 16:46:58,045 - INFO - Spectrogram shapes: X=(1025, 98), Y=(1025, 98)
2025-11-11 16:46:58,045 - INFO - Filtered spectrogram shapes: X=(108, 98), Y=(108, 98)
2025-11-11 16:46:58,045 - INFO - Original Y magnitude stats: mean=1.186363e-04, std=6.962896e-04
2025-11-11 16:46:58,045 - INFO - Original X magnitude stats: mean=9.816989e-04, std=3.711045e-03
2025-11-11 16:46:58,045 - INFO - Y values below threshold 1.00e-06: 1.1%
2025-11-11 16:46:58,046 - INFO - VAD mask applied: 98.9% time-frequency points retained
2025-11-11 16:46:58,046 - INFO - Y energy retained: 1.000
2025-11-11 16:46:58,046 - INFO - X energy retained: 0.999
2025-11-11 16:46:58,046 - INFO - Audio energy scaling: X=0.999, Y=1.000
2025-11-11 16:46:58,047 - INFO - Processing angle_90...
2025-11-11 16:46:58,047 - INFO - Starting synchronized X-Y VAD processing:
2025-11-11 16:46:58,047 - INFO -   X audio shape: (131584,), range: [-0.707001, 0.610229]
2025-11-11 16:46:58,047 - INFO -   Y audio shape: (131584,), range: [-0.079963, 0.085836]
2025-11-11 16:46:58,050 - INFO - Spectrogram shapes: X=(1025, 87), Y=(1025, 87)
2025-11-11 16:46:58,050 - INFO - Filtered spectrogram shapes: X=(108, 87), Y=(108, 87)
2025-11-11 16:46:58,050 - INFO - Original Y magnitude stats: mean=7.185391e-05, std=3.975128e-04
2025-11-11 16:46:58,050 - INFO - Original X magnitude stats: mean=8.618890e-04, std=3.908593e-03
2025-11-11 16:46:58,050 - INFO - Y values below threshold 1.00e-06: 1.4%
2025-11-11 16:46:58,050 - INFO - VAD mask applied: 98.6% time-frequency points retained
2025-11-11 16:46:58,051 - INFO - Y energy retained: 1.000
2025-11-11 16:46:58,051 - INFO - X energy retained: 0.999
2025-11-11 16:46:58,051 - INFO - Audio energy scaling: X=0.999, Y=1.000
2025-11-11 16:46:58,052 - INFO - Starting synchronized X-Y VAD processing:
2025-11-11 16:46:58,052 - INFO -   X audio shape: (132608,), range: [-0.468628, 0.518311]
2025-11-11 16:46:58,052 - INFO -   Y audio shape: (132608,), range: [-0.102448, 0.121058]
2025-11-11 16:46:58,055 - INFO - Spectrogram shapes: X=(1025, 88), Y=(1025, 88)
2025-11-11 16:46:58,055 - INFO - Filtered spectrogram shapes: X=(108, 88), Y=(108, 88)
2025-11-11 16:46:58,055 - INFO - Original Y magnitude stats: mean=5.908692e-05, std=3.636204e-04
2025-11-11 16:46:58,055 - INFO - Original X magnitude stats: mean=6.736821e-04, std=2.460992e-03
2025-11-11 16:46:58,055 - INFO - Y values below threshold 1.00e-06: 2.6%
2025-11-11 16:46:58,055 - INFO - VAD mask applied: 97.4% time-frequency points retained
2025-11-11 16:46:58,055 - INFO - Y energy retained: 1.000
2025-11-11 16:46:58,055 - INFO - X energy retained: 0.998
2025-11-11 16:46:58,055 - INFO - Audio energy scaling: X=0.998, Y=1.000
2025-11-11 16:46:58,056 - INFO - Starting synchronized X-Y VAD processing:
2025-11-11 16:46:58,056 - INFO -   X audio shape: (148480,), range: [-0.418335, 0.471100]
2025-11-11 16:46:58,056 - INFO -   Y audio shape: (148480,), range: [-0.124644, 0.116844]
2025-11-11 16:46:58,060 - INFO - Spectrogram shapes: X=(1025, 98), Y=(1025, 98)
2025-11-11 16:46:58,060 - INFO - Filtered spectrogram shapes: X=(108, 98), Y=(108, 98)
2025-11-11 16:46:58,060 - INFO - Original Y magnitude stats: mean=7.732232e-05, std=4.616509e-04
2025-11-11 16:46:58,060 - INFO - Original X magnitude stats: mean=9.816989e-04, std=3.711045e-03
2025-11-11 16:46:58,060 - INFO - Y values below threshold 1.00e-06: 1.2%
2025-11-11 16:46:58,060 - INFO - VAD mask applied: 98.8% time-frequency points retained
2025-11-11 16:46:58,060 - INFO - Y energy retained: 1.000
2025-11-11 16:46:58,060 - INFO - X energy retained: 0.998
2025-11-11 16:46:58,060 - INFO - Audio energy scaling: X=0.998, Y=1.000
2025-11-11 16:46:58,061 - INFO - Processing angle_95...
2025-11-11 16:46:58,061 - INFO - Starting synchronized X-Y VAD processing:
2025-11-11 16:46:58,062 - INFO -   X audio shape: (131584,), range: [-0.707001, 0.610229]
2025-11-11 16:46:58,062 - INFO -   Y audio shape: (131584,), range: [-0.105025, 0.111867]
2025-11-11 16:46:58,064 - INFO - Spectrogram shapes: X=(1025, 87), Y=(1025, 87)
2025-11-11 16:46:58,064 - INFO - Filtered spectrogram shapes: X=(108, 87), Y=(108, 87)
2025-11-11 16:46:58,065 - INFO - Original Y magnitude stats: mean=9.835618e-05, std=5.782447e-04
2025-11-11 16:46:58,065 - INFO - Original X magnitude stats: mean=8.618890e-04, std=3.908593e-03
2025-11-11 16:46:58,065 - INFO - Y values below threshold 1.00e-06: 1.5%
2025-11-11 16:46:58,065 - INFO - VAD mask applied: 98.5% time-frequency points retained
2025-11-11 16:46:58,065 - INFO - Y energy retained: 1.000
2025-11-11 16:46:58,065 - INFO - X energy retained: 0.999
2025-11-11 16:46:58,065 - INFO - Audio energy scaling: X=0.999, Y=1.000
2025-11-11 16:46:58,066 - INFO - Starting synchronized X-Y VAD processing:
2025-11-11 16:46:58,066 - INFO -   X audio shape: (132608,), range: [-0.468628, 0.518311]
2025-11-11 16:46:58,066 - INFO -   Y audio shape: (132608,), range: [-0.126038, 0.126661]
2025-11-11 16:46:58,069 - INFO - Spectrogram shapes: X=(1025, 88), Y=(1025, 88)
2025-11-11 16:46:58,069 - INFO - Filtered spectrogram shapes: X=(108, 88), Y=(108, 88)
2025-11-11 16:46:58,069 - INFO - Original Y magnitude stats: mean=8.357254e-05, std=4.012985e-04
2025-11-11 16:46:58,069 - INFO - Original X magnitude stats: mean=6.736821e-04, std=2.460992e-03
2025-11-11 16:46:58,069 - INFO - Y values below threshold 1.00e-06: 2.3%
2025-11-11 16:46:58,069 - INFO - VAD mask applied: 97.7% time-frequency points retained
2025-11-11 16:46:58,069 - INFO - Y energy retained: 1.000
2025-11-11 16:46:58,069 - INFO - X energy retained: 0.998
2025-11-11 16:46:58,069 - INFO - Audio energy scaling: X=0.998, Y=1.000
2025-11-11 16:46:58,070 - INFO - Starting synchronized X-Y VAD processing:
2025-11-11 16:46:58,070 - INFO -   X audio shape: (148480,), range: [-0.418335, 0.471100]
2025-11-11 16:46:58,070 - INFO -   Y audio shape: (148480,), range: [-0.134510, 0.123137]
2025-11-11 16:46:58,074 - INFO - Spectrogram shapes: X=(1025, 98), Y=(1025, 98)
2025-11-11 16:46:58,074 - INFO - Filtered spectrogram shapes: X=(108, 98), Y=(108, 98)
2025-11-11 16:46:58,074 - INFO - Original Y magnitude stats: mean=1.104461e-04, std=6.158566e-04
2025-11-11 16:46:58,074 - INFO - Original X magnitude stats: mean=9.816989e-04, std=3.711045e-03
2025-11-11 16:46:58,074 - INFO - Y values below threshold 1.00e-06: 1.4%
2025-11-11 16:46:58,074 - INFO - VAD mask applied: 98.6% time-frequency points retained
2025-11-11 16:46:58,074 - INFO - Y energy retained: 1.000
2025-11-11 16:46:58,074 - INFO - X energy retained: 0.998
2025-11-11 16:46:58,074 - INFO - Audio energy scaling: X=0.998, Y=1.000
2025-11-11 16:46:58,075 - INFO - Synchronized X-Y VAD processing complete:
2025-11-11 16:46:58,075 - INFO -   Files processed: 111
2025-11-11 16:46:58,075 - INFO -   Common angles: 37
2025-11-11 16:46:58,075 - INFO -   Average X energy retained: 0.998
2025-11-11 16:46:58,075 - INFO -   Average Y energy retained: 1.000
2025-11-11 16:46:58,075 - INFO -   Synchronization success rate: 100.0%
2025-11-11 16:46:58,080 - INFO - Processing log saved to: results/speech_stage1_20251111_164653/processing_box.json

