[2025-10-03 16:59:34,378] INFO __main__: Assets loaded: H=(346, 17), W=(346, 50), test_root=/Users/sbplab/jiawei/datasets/test_nmf_output_no_edge_with_original/white_noise_box_data_no_edge_sync_vad_normalized
[2025-10-03 16:59:34,378] INFO __main__: Content root for s_hat: /Users/sbplab/jiawei/datasets/test_nmf_output_no_edge_with_original/white_noise_original_data_no_edge_sync_vad_normalized
[2025-10-03 16:59:34,378] INFO __main__: Angles shape=torch.Size([17]) values=[30.0, 45.0, 80.0, 85.0, 90.0, 95.0, 100.0, 105.0, 110.0, 115.0, 120.0, 125.0, 130.0, 135.0, 140.0, 145.0, 150.0]
[2025-10-03 16:59:34,384] INFO doa_rl.data: DoADataset.__len__: 51 samples in /Users/sbplab/jiawei/datasets/test_nmf_output_no_edge_with_original/white_noise_box_data_no_edge_sync_vad_normalized
[2025-10-03 16:59:34,385] INFO doa_rl.data: DoADataset.__len__: 51 samples in /Users/sbplab/jiawei/datasets/test_nmf_output_no_edge_with_original/white_noise_box_data_no_edge_sync_vad_normalized
[2025-10-03 16:59:34,385] INFO doa_rl.data: DoADataset.__len__: 51 samples in /Users/sbplab/jiawei/datasets/test_nmf_output_no_edge_with_original/white_noise_box_data_no_edge_sync_vad_normalized
[2025-10-03 16:59:34,385] INFO __main__: Dataset size: 51 clips; device=mps (localizer on cpu)
[2025-10-03 16:59:34,385] INFO doa_rl.data: DoADataset.__len__: 51 samples in /Users/sbplab/jiawei/datasets/test_nmf_output_no_edge_with_original/white_noise_box_data_no_edge_sync_vad_normalized
[2025-10-03 16:59:34,385] INFO doa_rl.data: DoADataset.__len__: 51 samples in /Users/sbplab/jiawei/datasets/test_nmf_output_no_edge_with_original/white_noise_box_data_no_edge_sync_vad_normalized
[2025-10-03 16:59:34,386] INFO doa_rl.data: DoADataset.__getitem__: idx=12 wav_path=/Users/sbplab/jiawei/datasets/test_nmf_output_no_edge_with_original/white_noise_box_data_no_edge_sync_vad_normalized/angle_90/clip_000.npy wav_shape=(145920,)
[2025-10-03 16:59:34,390] INFO doa_rl.data: DoADataset.__getitem__: spectrogram shape=torch.Size([346, 286]) (masked from (1025, 286))
[2025-10-03 16:59:34,390] INFO __main__: train_single: sample 0 Y shape=(346, 286)
[2025-10-03 16:59:34,391] INFO doa_rl.features.tokenizers: PatchTokenizer.__call__: Y shape=(346,286), patch grid=(21,28)
[2025-10-03 16:59:34,394] INFO doa_rl.features.tokenizers: PatchTokenizer.__call__: emitted 588 tokens
[2025-10-03 16:59:34,399] INFO __main__: train_single: sample 0 using content-root for s_hat: /Users/sbplab/jiawei/datasets/test_nmf_output_no_edge_with_original/white_noise_original_data_no_edge_sync_vad_normalized
[2025-10-03 16:59:34,400] INFO __main__: train_single: sample 0 content tokens=588
[2025-10-03 16:59:34,401] INFO doa_rl.features.tokenizers: direction_projection_tokens: YF shape=(346,), H shape=(346, 17), alpha=1.000, topM=None
[2025-10-03 16:59:34,401] INFO doa_rl.features.tokenizers: direction_projection_tokens: r shape=(17,), selected=17
[2025-10-03 16:59:34,401] INFO __main__: train_single: sample 0 dir tokens alpha=1.0 count=17
[2025-10-03 16:59:34,401] INFO __main__: train_single: sample 0 ground-truth index=4 angle=tensor([90.], dtype=torch.float64)
[2025-10-03 16:59:34,402] INFO __main__: Patch reconstruction sample 0: mse=2.760e-06 mae=9.280e-04 IS=8.882e+01 ratio[min=0.408 max=0.482]
[2025-10-03 16:59:34,403] INFO doa_rl.data: DoADataset.__getitem__: idx=34 wav_path=/Users/sbplab/jiawei/datasets/test_nmf_output_no_edge_with_original/white_noise_box_data_no_edge_sync_vad_normalized/angle_125/clip_001.npy wav_shape=(145920,)
[2025-10-03 16:59:34,407] INFO doa_rl.data: DoADataset.__getitem__: spectrogram shape=torch.Size([346, 286]) (masked from (1025, 286))
[2025-10-03 16:59:34,408] INFO __main__: train_single: sample 1 Y shape=(346, 286)
[2025-10-03 16:59:34,409] INFO doa_rl.features.tokenizers: PatchTokenizer.__call__: Y shape=(346,286), patch grid=(21,28)
[2025-10-03 16:59:34,419] INFO doa_rl.features.tokenizers: PatchTokenizer.__call__: emitted 588 tokens
[2025-10-03 16:59:34,424] INFO __main__: train_single: sample 1 using content-root for s_hat: /Users/sbplab/jiawei/datasets/test_nmf_output_no_edge_with_original/white_noise_original_data_no_edge_sync_vad_normalized
[2025-10-03 16:59:34,429] INFO __main__: train_single: sample 1 content tokens=588
[2025-10-03 16:59:34,429] INFO doa_rl.features.tokenizers: direction_projection_tokens: YF shape=(346,), H shape=(346, 17), alpha=1.000, topM=None
[2025-10-03 16:59:34,429] INFO doa_rl.features.tokenizers: direction_projection_tokens: r shape=(17,), selected=17
[2025-10-03 16:59:34,429] INFO __main__: train_single: sample 1 dir tokens alpha=1.0 count=17
[2025-10-03 16:59:34,429] INFO __main__: train_single: sample 1 ground-truth index=11 angle=tensor([125.], dtype=torch.float64)
[2025-10-03 16:59:34,430] INFO __main__: Patch reconstruction sample 1: mse=1.655e-06 mae=8.740e-04 IS=8.683e+01 ratio[min=0.407 max=0.48]
[2025-10-03 16:59:34,431] INFO doa_rl.data: DoADataset.__getitem__: idx=10 wav_path=/Users/sbplab/jiawei/datasets/test_nmf_output_no_edge_with_original/white_noise_box_data_no_edge_sync_vad_normalized/angle_85/clip_001.npy wav_shape=(145920,)
[2025-10-03 16:59:34,435] INFO doa_rl.data: DoADataset.__getitem__: spectrogram shape=torch.Size([346, 286]) (masked from (1025, 286))
[2025-10-03 16:59:34,436] INFO __main__: train_single: sample 2 Y shape=(346, 286)
[2025-10-03 16:59:34,437] INFO doa_rl.features.tokenizers: PatchTokenizer.__call__: Y shape=(346,286), patch grid=(21,28)
[2025-10-03 16:59:34,448] INFO doa_rl.features.tokenizers: PatchTokenizer.__call__: emitted 588 tokens
[2025-10-03 16:59:34,454] INFO __main__: train_single: sample 2 using content-root for s_hat: /Users/sbplab/jiawei/datasets/test_nmf_output_no_edge_with_original/white_noise_original_data_no_edge_sync_vad_normalized
[2025-10-03 16:59:34,459] INFO __main__: train_single: sample 2 content tokens=588
[2025-10-03 16:59:34,460] INFO doa_rl.features.tokenizers: direction_projection_tokens: YF shape=(346,), H shape=(346, 17), alpha=1.000, topM=None
[2025-10-03 16:59:34,460] INFO doa_rl.features.tokenizers: direction_projection_tokens: r shape=(17,), selected=17
[2025-10-03 16:59:34,460] INFO __main__: train_single: sample 2 dir tokens alpha=1.0 count=17
[2025-10-03 16:59:34,461] INFO __main__: train_single: sample 2 ground-truth index=3 angle=tensor([85.], dtype=torch.float64)
[2025-10-03 16:59:34,462] INFO __main__: Patch reconstruction sample 2: mse=1.933e-06 mae=8.158e-04 IS=7.940e+01 ratio[min=0.421 max=0.505]
[2025-10-03 16:59:34,463] INFO doa_rl.data: DoADataset.__getitem__: idx=41 wav_path=/Users/sbplab/jiawei/datasets/test_nmf_output_no_edge_with_original/white_noise_box_data_no_edge_sync_vad_normalized/angle_135/clip_002.npy wav_shape=(145920,)
[2025-10-03 16:59:34,467] INFO doa_rl.data: DoADataset.__getitem__: spectrogram shape=torch.Size([346, 286]) (masked from (1025, 286))
[2025-10-03 16:59:34,471] INFO __main__: train_single: sample 3 Y shape=(346, 286)
[2025-10-03 16:59:34,472] INFO doa_rl.features.tokenizers: PatchTokenizer.__call__: Y shape=(346,286), patch grid=(21,28)
[2025-10-03 16:59:34,482] INFO doa_rl.features.tokenizers: PatchTokenizer.__call__: emitted 588 tokens
[2025-10-03 16:59:34,487] INFO __main__: train_single: sample 3 using content-root for s_hat: /Users/sbplab/jiawei/datasets/test_nmf_output_no_edge_with_original/white_noise_original_data_no_edge_sync_vad_normalized
[2025-10-03 16:59:34,492] INFO __main__: train_single: sample 3 content tokens=588
[2025-10-03 16:59:34,492] INFO doa_rl.features.tokenizers: direction_projection_tokens: YF shape=(346,), H shape=(346, 17), alpha=1.000, topM=None
[2025-10-03 16:59:34,492] INFO doa_rl.features.tokenizers: direction_projection_tokens: r shape=(17,), selected=17
[2025-10-03 16:59:34,492] INFO __main__: train_single: sample 3 dir tokens alpha=1.0 count=17
[2025-10-03 16:59:34,492] INFO __main__: train_single: sample 3 ground-truth index=13 angle=tensor([135.], dtype=torch.float64)
[2025-10-03 16:59:34,494] INFO __main__: Patch reconstruction sample 3: mse=1.784e-06 mae=9.079e-04 IS=7.036e+01 ratio[min=0.438 max=0.536]
[2025-10-03 16:59:34,495] INFO doa_rl.data: DoADataset.__getitem__: idx=23 wav_path=/Users/sbplab/jiawei/datasets/test_nmf_output_no_edge_with_original/white_noise_box_data_no_edge_sync_vad_normalized/angle_105/clip_002.npy wav_shape=(145920,)
[2025-10-03 16:59:34,499] INFO doa_rl.data: DoADataset.__getitem__: spectrogram shape=torch.Size([346, 286]) (masked from (1025, 286))
[2025-10-03 16:59:34,500] INFO __main__: train_single: sample 4 Y shape=(346, 286)
[2025-10-03 16:59:34,501] INFO doa_rl.features.tokenizers: PatchTokenizer.__call__: Y shape=(346,286), patch grid=(21,28)
[2025-10-03 16:59:34,505] INFO doa_rl.features.tokenizers: PatchTokenizer.__call__: emitted 588 tokens
[2025-10-03 16:59:34,512] INFO __main__: train_single: sample 4 using content-root for s_hat: /Users/sbplab/jiawei/datasets/test_nmf_output_no_edge_with_original/white_noise_original_data_no_edge_sync_vad_normalized
[2025-10-03 16:59:34,665] INFO __main__: train_single: sample 4 content tokens=588
[2025-10-03 16:59:34,666] INFO doa_rl.features.tokenizers: direction_projection_tokens: YF shape=(346,), H shape=(346, 17), alpha=1.000, topM=None
[2025-10-03 16:59:34,666] INFO doa_rl.features.tokenizers: direction_projection_tokens: r shape=(17,), selected=17
[2025-10-03 16:59:34,666] INFO __main__: train_single: sample 4 dir tokens alpha=1.0 count=17
[2025-10-03 16:59:34,666] INFO __main__: train_single: sample 4 ground-truth index=7 angle=tensor([105.], dtype=torch.float64)
[2025-10-03 16:59:34,667] INFO __main__: Patch reconstruction sample 4: mse=1.162e-06 mae=6.760e-04 IS=6.563e+01 ratio[min=0.462 max=0.539]
[2025-10-03 16:59:34,668] INFO doa_rl.data: DoADataset.__getitem__: idx=42 wav_path=/Users/sbplab/jiawei/datasets/test_nmf_output_no_edge_with_original/white_noise_box_data_no_edge_sync_vad_normalized/angle_140/clip_000.npy wav_shape=(145920,)
[2025-10-03 16:59:34,672] INFO doa_rl.data: DoADataset.__getitem__: spectrogram shape=torch.Size([346, 286]) (masked from (1025, 286))
[2025-10-03 16:59:34,675] INFO __main__: train_single: sample 5 Y shape=(346, 286)
[2025-10-03 16:59:34,676] INFO doa_rl.features.tokenizers: PatchTokenizer.__call__: Y shape=(346,286), patch grid=(21,28)
[2025-10-03 16:59:34,686] INFO doa_rl.features.tokenizers: PatchTokenizer.__call__: emitted 588 tokens
[2025-10-03 16:59:34,697] INFO __main__: train_single: sample 5 using content-root for s_hat: /Users/sbplab/jiawei/datasets/test_nmf_output_no_edge_with_original/white_noise_original_data_no_edge_sync_vad_normalized
[2025-10-03 16:59:34,702] INFO __main__: train_single: sample 5 content tokens=588
[2025-10-03 16:59:34,702] INFO doa_rl.features.tokenizers: direction_projection_tokens: YF shape=(346,), H shape=(346, 17), alpha=1.000, topM=None
[2025-10-03 16:59:34,703] INFO doa_rl.features.tokenizers: direction_projection_tokens: r shape=(17,), selected=17
[2025-10-03 16:59:34,703] INFO __main__: train_single: sample 5 dir tokens alpha=1.0 count=17
[2025-10-03 16:59:34,703] INFO __main__: train_single: sample 5 ground-truth index=14 angle=tensor([140.], dtype=torch.float64)
[2025-10-03 16:59:34,703] INFO __main__: Patch reconstruction sample 5: mse=2.455e-06 mae=1.048e-03 IS=9.676e+01 ratio[min=0.394 max=0.459]
[2025-10-03 16:59:34,704] INFO doa_rl.data: DoADataset.__getitem__: idx=33 wav_path=/Users/sbplab/jiawei/datasets/test_nmf_output_no_edge_with_original/white_noise_box_data_no_edge_sync_vad_normalized/angle_125/clip_000.npy wav_shape=(145920,)
[2025-10-03 16:59:34,708] INFO doa_rl.data: DoADataset.__getitem__: spectrogram shape=torch.Size([346, 286]) (masked from (1025, 286))
[2025-10-03 16:59:34,709] INFO __main__: train_single: sample 6 Y shape=(346, 286)
[2025-10-03 16:59:34,710] INFO doa_rl.features.tokenizers: PatchTokenizer.__call__: Y shape=(346,286), patch grid=(21,28)
[2025-10-03 16:59:34,720] INFO doa_rl.features.tokenizers: PatchTokenizer.__call__: emitted 588 tokens
[2025-10-03 16:59:34,725] INFO __main__: train_single: sample 6 using content-root for s_hat: /Users/sbplab/jiawei/datasets/test_nmf_output_no_edge_with_original/white_noise_original_data_no_edge_sync_vad_normalized
[2025-10-03 16:59:34,729] INFO __main__: train_single: sample 6 content tokens=588
[2025-10-03 16:59:34,729] INFO doa_rl.features.tokenizers: direction_projection_tokens: YF shape=(346,), H shape=(346, 17), alpha=1.000, topM=None
[2025-10-03 16:59:34,729] INFO doa_rl.features.tokenizers: direction_projection_tokens: r shape=(17,), selected=17
[2025-10-03 16:59:34,729] INFO __main__: train_single: sample 6 dir tokens alpha=1.0 count=17
[2025-10-03 16:59:34,730] INFO __main__: train_single: sample 6 ground-truth index=11 angle=tensor([125.], dtype=torch.float64)
[2025-10-03 16:59:34,730] INFO __main__: Patch reconstruction sample 6: mse=1.545e-06 mae=8.449e-04 IS=7.939e+01 ratio[min=0.433 max=0.498]
[2025-10-03 16:59:34,731] INFO doa_rl.data: DoADataset.__getitem__: idx=0 wav_path=/Users/sbplab/jiawei/datasets/test_nmf_output_no_edge_with_original/white_noise_box_data_no_edge_sync_vad_normalized/angle_30/clip_000.npy wav_shape=(145920,)
[2025-10-03 16:59:34,735] INFO doa_rl.data: DoADataset.__getitem__: spectrogram shape=torch.Size([346, 286]) (masked from (1025, 286))
[2025-10-03 16:59:34,737] INFO __main__: train_single: sample 7 Y shape=(346, 286)
[2025-10-03 16:59:34,737] INFO doa_rl.features.tokenizers: PatchTokenizer.__call__: Y shape=(346,286), patch grid=(21,28)
[2025-10-03 16:59:34,747] INFO doa_rl.features.tokenizers: PatchTokenizer.__call__: emitted 588 tokens
[2025-10-03 16:59:34,754] INFO __main__: train_single: sample 7 using content-root for s_hat: /Users/sbplab/jiawei/datasets/test_nmf_output_no_edge_with_original/white_noise_original_data_no_edge_sync_vad_normalized
[2025-10-03 16:59:34,760] INFO __main__: train_single: sample 7 content tokens=588
[2025-10-03 16:59:34,760] INFO doa_rl.features.tokenizers: direction_projection_tokens: YF shape=(346,), H shape=(346, 17), alpha=1.000, topM=None
[2025-10-03 16:59:34,760] INFO doa_rl.features.tokenizers: direction_projection_tokens: r shape=(17,), selected=17
[2025-10-03 16:59:34,761] INFO __main__: train_single: sample 7 dir tokens alpha=1.0 count=17
[2025-10-03 16:59:34,761] INFO __main__: train_single: sample 7 ground-truth index=0 angle=tensor([30.], dtype=torch.float64)
[2025-10-03 16:59:34,762] INFO __main__: Patch reconstruction sample 7: mse=1.746e-06 mae=8.511e-04 IS=7.867e+01 ratio[min=0.424 max=0.503]
[2025-10-03 16:59:34,763] INFO doa_rl.data: DoADataset.__getitem__: idx=48 wav_path=/Users/sbplab/jiawei/datasets/test_nmf_output_no_edge_with_original/white_noise_box_data_no_edge_sync_vad_normalized/angle_150/clip_000.npy wav_shape=(145920,)
[2025-10-03 16:59:34,768] INFO doa_rl.data: DoADataset.__getitem__: spectrogram shape=torch.Size([346, 286]) (masked from (1025, 286))
[2025-10-03 16:59:34,769] INFO __main__: train_single: sample 8 Y shape=(346, 286)
[2025-10-03 16:59:34,769] INFO doa_rl.features.tokenizers: PatchTokenizer.__call__: Y shape=(346,286), patch grid=(21,28)
[2025-10-03 16:59:34,779] INFO doa_rl.features.tokenizers: PatchTokenizer.__call__: emitted 588 tokens
[2025-10-03 16:59:34,784] INFO __main__: train_single: sample 8 using content-root for s_hat: /Users/sbplab/jiawei/datasets/test_nmf_output_no_edge_with_original/white_noise_original_data_no_edge_sync_vad_normalized
[2025-10-03 16:59:34,788] INFO __main__: train_single: sample 8 content tokens=588
[2025-10-03 16:59:34,788] INFO doa_rl.features.tokenizers: direction_projection_tokens: YF shape=(346,), H shape=(346, 17), alpha=1.000, topM=None
[2025-10-03 16:59:34,788] INFO doa_rl.features.tokenizers: direction_projection_tokens: r shape=(17,), selected=17
[2025-10-03 16:59:34,788] INFO __main__: train_single: sample 8 dir tokens alpha=1.0 count=17
[2025-10-03 16:59:34,789] INFO __main__: train_single: sample 8 ground-truth index=16 angle=tensor([150.], dtype=torch.float64)
[2025-10-03 16:59:34,789] INFO __main__: Patch reconstruction sample 8: mse=1.656e-06 mae=9.078e-04 IS=7.950e+01 ratio[min=0.429 max=0.498]
[2025-10-03 16:59:34,790] INFO doa_rl.data: DoADataset.__getitem__: idx=37 wav_path=/Users/sbplab/jiawei/datasets/test_nmf_output_no_edge_with_original/white_noise_box_data_no_edge_sync_vad_normalized/angle_130/clip_001.npy wav_shape=(145920,)
[2025-10-03 16:59:34,794] INFO doa_rl.data: DoADataset.__getitem__: spectrogram shape=torch.Size([346, 286]) (masked from (1025, 286))
[2025-10-03 16:59:34,795] INFO __main__: train_single: sample 9 Y shape=(346, 286)
[2025-10-03 16:59:34,796] INFO doa_rl.features.tokenizers: PatchTokenizer.__call__: Y shape=(346,286), patch grid=(21,28)
[2025-10-03 16:59:34,806] INFO doa_rl.features.tokenizers: PatchTokenizer.__call__: emitted 588 tokens
[2025-10-03 16:59:34,811] INFO __main__: train_single: sample 9 using content-root for s_hat: /Users/sbplab/jiawei/datasets/test_nmf_output_no_edge_with_original/white_noise_original_data_no_edge_sync_vad_normalized
[2025-10-03 16:59:34,816] INFO __main__: train_single: sample 9 content tokens=588
[2025-10-03 16:59:34,816] INFO doa_rl.features.tokenizers: direction_projection_tokens: YF shape=(346,), H shape=(346, 17), alpha=1.000, topM=None
[2025-10-03 16:59:34,817] INFO doa_rl.features.tokenizers: direction_projection_tokens: r shape=(17,), selected=17
[2025-10-03 16:59:34,817] INFO __main__: train_single: sample 9 dir tokens alpha=1.0 count=17
[2025-10-03 16:59:34,817] INFO __main__: train_single: sample 9 ground-truth index=12 angle=tensor([130.], dtype=torch.float64)
[2025-10-03 16:59:34,818] INFO __main__: Patch reconstruction sample 9: mse=1.364e-06 mae=7.629e-04 IS=6.420e+01 ratio[min=0.462 max=0.55]
[2025-10-03 16:59:34,819] INFO doa_rl.data: DoADataset.__getitem__: idx=35 wav_path=/Users/sbplab/jiawei/datasets/test_nmf_output_no_edge_with_original/white_noise_box_data_no_edge_sync_vad_normalized/angle_125/clip_002.npy wav_shape=(145920,)
[2025-10-03 16:59:34,824] INFO doa_rl.data: DoADataset.__getitem__: spectrogram shape=torch.Size([346, 286]) (masked from (1025, 286))
[2025-10-03 16:59:34,824] INFO __main__: train_single: sample 10 Y shape=(346, 286)
[2025-10-03 16:59:34,828] INFO doa_rl.features.tokenizers: PatchTokenizer.__call__: Y shape=(346,286), patch grid=(21,28)
[2025-10-03 16:59:34,837] INFO doa_rl.features.tokenizers: PatchTokenizer.__call__: emitted 588 tokens
[2025-10-03 16:59:34,843] INFO __main__: train_single: sample 10 using content-root for s_hat: /Users/sbplab/jiawei/datasets/test_nmf_output_no_edge_with_original/white_noise_original_data_no_edge_sync_vad_normalized
[2025-10-03 16:59:34,847] INFO __main__: train_single: sample 10 content tokens=588
[2025-10-03 16:59:34,847] INFO doa_rl.features.tokenizers: direction_projection_tokens: YF shape=(346,), H shape=(346, 17), alpha=1.000, topM=None
[2025-10-03 16:59:34,848] INFO doa_rl.features.tokenizers: direction_projection_tokens: r shape=(17,), selected=17
[2025-10-03 16:59:34,848] INFO __main__: train_single: sample 10 dir tokens alpha=1.0 count=17
[2025-10-03 16:59:34,848] INFO __main__: train_single: sample 10 ground-truth index=11 angle=tensor([125.], dtype=torch.float64)
[2025-10-03 16:59:34,849] INFO __main__: Patch reconstruction sample 10: mse=1.391e-06 mae=8.028e-04 IS=6.988e+01 ratio[min=0.459 max=0.529]
[2025-10-03 16:59:34,850] INFO doa_rl.data: DoADataset.__getitem__: idx=39 wav_path=/Users/sbplab/jiawei/datasets/test_nmf_output_no_edge_with_original/white_noise_box_data_no_edge_sync_vad_normalized/angle_135/clip_000.npy wav_shape=(145920,)
[2025-10-03 16:59:34,855] INFO doa_rl.data: DoADataset.__getitem__: spectrogram shape=torch.Size([346, 286]) (masked from (1025, 286))
[2025-10-03 16:59:34,855] INFO __main__: train_single: sample 11 Y shape=(346, 286)
[2025-10-03 16:59:34,856] INFO doa_rl.features.tokenizers: PatchTokenizer.__call__: Y shape=(346,286), patch grid=(21,28)
[2025-10-03 16:59:34,860] INFO doa_rl.features.tokenizers: PatchTokenizer.__call__: emitted 588 tokens
[2025-10-03 16:59:34,865] INFO __main__: train_single: sample 11 using content-root for s_hat: /Users/sbplab/jiawei/datasets/test_nmf_output_no_edge_with_original/white_noise_original_data_no_edge_sync_vad_normalized
[2025-10-03 16:59:34,871] INFO __main__: train_single: sample 11 content tokens=588
[2025-10-03 16:59:34,872] INFO doa_rl.features.tokenizers: direction_projection_tokens: YF shape=(346,), H shape=(346, 17), alpha=1.000, topM=None
[2025-10-03 16:59:34,872] INFO doa_rl.features.tokenizers: direction_projection_tokens: r shape=(17,), selected=17
[2025-10-03 16:59:34,873] INFO __main__: train_single: sample 11 dir tokens alpha=1.0 count=17
[2025-10-03 16:59:34,873] INFO __main__: train_single: sample 11 ground-truth index=13 angle=tensor([135.], dtype=torch.float64)
[2025-10-03 16:59:34,874] INFO __main__: Patch reconstruction sample 11: mse=2.146e-06 mae=9.922e-04 IS=8.819e+01 ratio[min=0.407 max=0.485]
[2025-10-03 16:59:34,875] INFO doa_rl.data: DoADataset.__getitem__: idx=17 wav_path=/Users/sbplab/jiawei/datasets/test_nmf_output_no_edge_with_original/white_noise_box_data_no_edge_sync_vad_normalized/angle_95/clip_002.npy wav_shape=(145920,)
[2025-10-03 16:59:34,879] INFO doa_rl.data: DoADataset.__getitem__: spectrogram shape=torch.Size([346, 286]) (masked from (1025, 286))
[2025-10-03 16:59:34,880] INFO __main__: train_single: sample 12 Y shape=(346, 286)
[2025-10-03 16:59:34,881] INFO doa_rl.features.tokenizers: PatchTokenizer.__call__: Y shape=(346,286), patch grid=(21,28)
[2025-10-03 16:59:34,890] INFO doa_rl.features.tokenizers: PatchTokenizer.__call__: emitted 588 tokens
[2025-10-03 16:59:34,895] INFO __main__: train_single: sample 12 using content-root for s_hat: /Users/sbplab/jiawei/datasets/test_nmf_output_no_edge_with_original/white_noise_original_data_no_edge_sync_vad_normalized
[2025-10-03 16:59:34,904] INFO __main__: train_single: sample 12 content tokens=588
[2025-10-03 16:59:34,904] INFO doa_rl.features.tokenizers: direction_projection_tokens: YF shape=(346,), H shape=(346, 17), alpha=1.000, topM=None
[2025-10-03 16:59:34,904] INFO doa_rl.features.tokenizers: direction_projection_tokens: r shape=(17,), selected=17
[2025-10-03 16:59:34,904] INFO __main__: train_single: sample 12 dir tokens alpha=1.0 count=17
[2025-10-03 16:59:34,905] INFO __main__: train_single: sample 12 ground-truth index=5 angle=tensor([95.], dtype=torch.float64)
[2025-10-03 16:59:34,905] INFO __main__: Patch reconstruction sample 12: mse=2.445e-06 mae=9.249e-04 IS=6.879e+01 ratio[min=0.46 max=0.548]
[2025-10-03 16:59:34,906] INFO doa_rl.data: DoADataset.__getitem__: idx=14 wav_path=/Users/sbplab/jiawei/datasets/test_nmf_output_no_edge_with_original/white_noise_box_data_no_edge_sync_vad_normalized/angle_90/clip_002.npy wav_shape=(145920,)
[2025-10-03 16:59:34,910] INFO doa_rl.data: DoADataset.__getitem__: spectrogram shape=torch.Size([346, 286]) (masked from (1025, 286))
[2025-10-03 16:59:34,911] INFO __main__: train_single: sample 13 Y shape=(346, 286)
[2025-10-03 16:59:34,912] INFO doa_rl.features.tokenizers: PatchTokenizer.__call__: Y shape=(346,286), patch grid=(21,28)
[2025-10-03 16:59:34,922] INFO doa_rl.features.tokenizers: PatchTokenizer.__call__: emitted 588 tokens
[2025-10-03 16:59:34,927] INFO __main__: train_single: sample 13 using content-root for s_hat: /Users/sbplab/jiawei/datasets/test_nmf_output_no_edge_with_original/white_noise_original_data_no_edge_sync_vad_normalized
[2025-10-03 16:59:34,930] INFO __main__: train_single: sample 13 content tokens=588
[2025-10-03 16:59:34,931] INFO doa_rl.features.tokenizers: direction_projection_tokens: YF shape=(346,), H shape=(346, 17), alpha=1.000, topM=None
[2025-10-03 16:59:34,931] INFO doa_rl.features.tokenizers: direction_projection_tokens: r shape=(17,), selected=17
[2025-10-03 16:59:34,931] INFO __main__: train_single: sample 13 dir tokens alpha=1.0 count=17
[2025-10-03 16:59:34,932] INFO __main__: train_single: sample 13 ground-truth index=4 angle=tensor([90.], dtype=torch.float64)
[2025-10-03 16:59:34,933] INFO __main__: Patch reconstruction sample 13: mse=2.445e-06 mae=8.754e-04 IS=7.680e+01 ratio[min=0.436 max=0.515]
[2025-10-03 16:59:34,934] INFO doa_rl.data: DoADataset.__getitem__: idx=25 wav_path=/Users/sbplab/jiawei/datasets/test_nmf_output_no_edge_with_original/white_noise_box_data_no_edge_sync_vad_normalized/angle_110/clip_001.npy wav_shape=(145920,)
[2025-10-03 16:59:34,938] INFO doa_rl.data: DoADataset.__getitem__: spectrogram shape=torch.Size([346, 286]) (masked from (1025, 286))
[2025-10-03 16:59:34,939] INFO __main__: train_single: sample 14 Y shape=(346, 286)
[2025-10-03 16:59:34,940] INFO doa_rl.features.tokenizers: PatchTokenizer.__call__: Y shape=(346,286), patch grid=(21,28)
[2025-10-03 16:59:34,950] INFO doa_rl.features.tokenizers: PatchTokenizer.__call__: emitted 588 tokens
[2025-10-03 16:59:34,955] INFO __main__: train_single: sample 14 using content-root for s_hat: /Users/sbplab/jiawei/datasets/test_nmf_output_no_edge_with_original/white_noise_original_data_no_edge_sync_vad_normalized
[2025-10-03 16:59:34,961] INFO __main__: train_single: sample 14 content tokens=588
[2025-10-03 16:59:34,961] INFO doa_rl.features.tokenizers: direction_projection_tokens: YF shape=(346,), H shape=(346, 17), alpha=1.000, topM=None
[2025-10-03 16:59:34,961] INFO doa_rl.features.tokenizers: direction_projection_tokens: r shape=(17,), selected=17
[2025-10-03 16:59:34,961] INFO __main__: train_single: sample 14 dir tokens alpha=1.0 count=17
[2025-10-03 16:59:34,962] INFO __main__: train_single: sample 14 ground-truth index=8 angle=tensor([110.], dtype=torch.float64)
[2025-10-03 16:59:34,963] INFO __main__: Patch reconstruction sample 14: mse=1.681e-06 mae=8.145e-04 IS=8.601e+01 ratio[min=0.41 max=0.486]
[2025-10-03 16:59:34,964] INFO doa_rl.data: DoADataset.__getitem__: idx=18 wav_path=/Users/sbplab/jiawei/datasets/test_nmf_output_no_edge_with_original/white_noise_box_data_no_edge_sync_vad_normalized/angle_100/clip_000.npy wav_shape=(145920,)
[2025-10-03 16:59:34,968] INFO doa_rl.data: DoADataset.__getitem__: spectrogram shape=torch.Size([346, 286]) (masked from (1025, 286))
[2025-10-03 16:59:34,969] INFO __main__: train_single: sample 15 Y shape=(346, 286)
[2025-10-03 16:59:34,970] INFO doa_rl.features.tokenizers: PatchTokenizer.__call__: Y shape=(346,286), patch grid=(21,28)
[2025-10-03 16:59:34,979] INFO doa_rl.features.tokenizers: PatchTokenizer.__call__: emitted 588 tokens
[2025-10-03 16:59:34,984] INFO __main__: train_single: sample 15 using content-root for s_hat: /Users/sbplab/jiawei/datasets/test_nmf_output_no_edge_with_original/white_noise_original_data_no_edge_sync_vad_normalized
[2025-10-03 16:59:34,989] INFO __main__: train_single: sample 15 content tokens=588
[2025-10-03 16:59:34,990] INFO doa_rl.features.tokenizers: direction_projection_tokens: YF shape=(346,), H shape=(346, 17), alpha=1.000, topM=None
[2025-10-03 16:59:34,990] INFO doa_rl.features.tokenizers: direction_projection_tokens: r shape=(17,), selected=17
[2025-10-03 16:59:34,990] INFO __main__: train_single: sample 15 dir tokens alpha=1.0 count=17
[2025-10-03 16:59:34,990] INFO __main__: train_single: sample 15 ground-truth index=6 angle=tensor([100.], dtype=torch.float64)
[2025-10-03 16:59:34,991] INFO __main__: Patch reconstruction sample 15: mse=2.414e-06 mae=9.022e-04 IS=8.509e+01 ratio[min=0.406 max=0.489]
[2025-10-03 16:59:34,992] INFO doa_rl.data: DoADataset.__getitem__: idx=3 wav_path=/Users/sbplab/jiawei/datasets/test_nmf_output_no_edge_with_original/white_noise_box_data_no_edge_sync_vad_normalized/angle_45/clip_000.npy wav_shape=(145920,)
[2025-10-03 16:59:34,996] INFO doa_rl.data: DoADataset.__getitem__: spectrogram shape=torch.Size([346, 286]) (masked from (1025, 286))
[2025-10-03 16:59:34,997] INFO __main__: train_single: sample 16 Y shape=(346, 286)
[2025-10-03 16:59:34,998] INFO doa_rl.features.tokenizers: PatchTokenizer.__call__: Y shape=(346,286), patch grid=(21,28)
[2025-10-03 16:59:35,007] INFO doa_rl.features.tokenizers: PatchTokenizer.__call__: emitted 588 tokens
[2025-10-03 16:59:35,012] INFO __main__: train_single: sample 16 using content-root for s_hat: /Users/sbplab/jiawei/datasets/test_nmf_output_no_edge_with_original/white_noise_original_data_no_edge_sync_vad_normalized
[2025-10-03 16:59:35,018] INFO __main__: train_single: sample 16 content tokens=588
[2025-10-03 16:59:35,018] INFO doa_rl.features.tokenizers: direction_projection_tokens: YF shape=(346,), H shape=(346, 17), alpha=1.000, topM=None
[2025-10-03 16:59:35,018] INFO doa_rl.features.tokenizers: direction_projection_tokens: r shape=(17,), selected=17
[2025-10-03 16:59:35,018] INFO __main__: train_single: sample 16 dir tokens alpha=1.0 count=17
[2025-10-03 16:59:35,018] INFO __main__: train_single: sample 16 ground-truth index=1 angle=tensor([45.], dtype=torch.float64)
[2025-10-03 16:59:35,019] INFO __main__: Patch reconstruction sample 16: mse=1.946e-06 mae=9.890e-04 IS=7.953e+01 ratio[min=0.42 max=0.504]
[2025-10-03 16:59:35,020] INFO doa_rl.data: DoADataset.__getitem__: idx=27 wav_path=/Users/sbplab/jiawei/datasets/test_nmf_output_no_edge_with_original/white_noise_box_data_no_edge_sync_vad_normalized/angle_115/clip_000.npy wav_shape=(145920,)
[2025-10-03 16:59:35,024] INFO doa_rl.data: DoADataset.__getitem__: spectrogram shape=torch.Size([346, 286]) (masked from (1025, 286))
[2025-10-03 16:59:35,025] INFO __main__: train_single: sample 17 Y shape=(346, 286)
[2025-10-03 16:59:35,026] INFO doa_rl.features.tokenizers: PatchTokenizer.__call__: Y shape=(346,286), patch grid=(21,28)
[2025-10-03 16:59:35,035] INFO doa_rl.features.tokenizers: PatchTokenizer.__call__: emitted 588 tokens
[2025-10-03 16:59:35,040] INFO __main__: train_single: sample 17 using content-root for s_hat: /Users/sbplab/jiawei/datasets/test_nmf_output_no_edge_with_original/white_noise_original_data_no_edge_sync_vad_normalized
[2025-10-03 16:59:35,045] INFO __main__: train_single: sample 17 content tokens=588
[2025-10-03 16:59:35,046] INFO doa_rl.features.tokenizers: direction_projection_tokens: YF shape=(346,), H shape=(346, 17), alpha=1.000, topM=None
[2025-10-03 16:59:35,046] INFO doa_rl.features.tokenizers: direction_projection_tokens: r shape=(17,), selected=17
[2025-10-03 16:59:35,046] INFO __main__: train_single: sample 17 dir tokens alpha=1.0 count=17
[2025-10-03 16:59:35,047] INFO __main__: train_single: sample 17 ground-truth index=9 angle=tensor([115.], dtype=torch.float64)
[2025-10-03 16:59:35,048] INFO __main__: Patch reconstruction sample 17: mse=1.335e-06 mae=7.716e-04 IS=8.538e+01 ratio[min=0.408 max=0.487]
[2025-10-03 16:59:35,049] INFO doa_rl.data: DoADataset.__getitem__: idx=20 wav_path=/Users/sbplab/jiawei/datasets/test_nmf_output_no_edge_with_original/white_noise_box_data_no_edge_sync_vad_normalized/angle_100/clip_002.npy wav_shape=(145920,)
[2025-10-03 16:59:35,053] INFO doa_rl.data: DoADataset.__getitem__: spectrogram shape=torch.Size([346, 286]) (masked from (1025, 286))
[2025-10-03 16:59:35,054] INFO __main__: train_single: sample 18 Y shape=(346, 286)
[2025-10-03 16:59:35,055] INFO doa_rl.features.tokenizers: PatchTokenizer.__call__: Y shape=(346,286), patch grid=(21,28)
[2025-10-03 16:59:35,064] INFO doa_rl.features.tokenizers: PatchTokenizer.__call__: emitted 588 tokens
[2025-10-03 16:59:35,069] INFO __main__: train_single: sample 18 using content-root for s_hat: /Users/sbplab/jiawei/datasets/test_nmf_output_no_edge_with_original/white_noise_original_data_no_edge_sync_vad_normalized
[2025-10-03 16:59:35,074] INFO __main__: train_single: sample 18 content tokens=588
[2025-10-03 16:59:35,074] INFO doa_rl.features.tokenizers: direction_projection_tokens: YF shape=(346,), H shape=(346, 17), alpha=1.000, topM=None
[2025-10-03 16:59:35,075] INFO doa_rl.features.tokenizers: direction_projection_tokens: r shape=(17,), selected=17
[2025-10-03 16:59:35,075] INFO __main__: train_single: sample 18 dir tokens alpha=1.0 count=17
[2025-10-03 16:59:35,075] INFO __main__: train_single: sample 18 ground-truth index=6 angle=tensor([100.], dtype=torch.float64)
[2025-10-03 16:59:35,076] INFO __main__: Patch reconstruction sample 18: mse=1.924e-06 mae=8.094e-04 IS=6.548e+01 ratio[min=0.461 max=0.55]
[2025-10-03 16:59:35,077] INFO doa_rl.data: DoADataset.__getitem__: idx=16 wav_path=/Users/sbplab/jiawei/datasets/test_nmf_output_no_edge_with_original/white_noise_box_data_no_edge_sync_vad_normalized/angle_95/clip_001.npy wav_shape=(145920,)
[2025-10-03 16:59:35,081] INFO doa_rl.data: DoADataset.__getitem__: spectrogram shape=torch.Size([346, 286]) (masked from (1025, 286))
[2025-10-03 16:59:35,082] INFO __main__: train_single: sample 19 Y shape=(346, 286)
[2025-10-03 16:59:35,083] INFO doa_rl.features.tokenizers: PatchTokenizer.__call__: Y shape=(346,286), patch grid=(21,28)
[2025-10-03 16:59:35,092] INFO doa_rl.features.tokenizers: PatchTokenizer.__call__: emitted 588 tokens
[2025-10-03 16:59:35,102] INFO __main__: train_single: sample 19 using content-root for s_hat: /Users/sbplab/jiawei/datasets/test_nmf_output_no_edge_with_original/white_noise_original_data_no_edge_sync_vad_normalized
[2025-10-03 16:59:35,109] INFO __main__: train_single: sample 19 content tokens=588
[2025-10-03 16:59:35,109] INFO doa_rl.features.tokenizers: direction_projection_tokens: YF shape=(346,), H shape=(346, 17), alpha=1.000, topM=None
[2025-10-03 16:59:35,109] INFO doa_rl.features.tokenizers: direction_projection_tokens: r shape=(17,), selected=17
[2025-10-03 16:59:35,110] INFO __main__: train_single: sample 19 dir tokens alpha=1.0 count=17
[2025-10-03 16:59:35,110] INFO __main__: train_single: sample 19 ground-truth index=5 angle=tensor([95.], dtype=torch.float64)
[2025-10-03 16:59:35,111] INFO __main__: Patch reconstruction sample 19: mse=2.942e-06 mae=1.011e-03 IS=8.568e+01 ratio[min=0.419 max=0.499]
[2025-10-03 16:59:35,112] INFO doa_rl.data: DoADataset.__getitem__: idx=49 wav_path=/Users/sbplab/jiawei/datasets/test_nmf_output_no_edge_with_original/white_noise_box_data_no_edge_sync_vad_normalized/angle_150/clip_001.npy wav_shape=(145920,)
[2025-10-03 16:59:35,116] INFO doa_rl.data: DoADataset.__getitem__: spectrogram shape=torch.Size([346, 286]) (masked from (1025, 286))
[2025-10-03 16:59:35,117] INFO __main__: train_single: sample 20 Y shape=(346, 286)
[2025-10-03 16:59:35,117] INFO doa_rl.features.tokenizers: PatchTokenizer.__call__: Y shape=(346,286), patch grid=(21,28)
[2025-10-03 16:59:35,127] INFO doa_rl.features.tokenizers: PatchTokenizer.__call__: emitted 588 tokens
[2025-10-03 16:59:35,132] INFO __main__: train_single: sample 20 using content-root for s_hat: /Users/sbplab/jiawei/datasets/test_nmf_output_no_edge_with_original/white_noise_original_data_no_edge_sync_vad_normalized
[2025-10-03 16:59:35,136] INFO __main__: train_single: sample 20 content tokens=588
[2025-10-03 16:59:35,136] INFO doa_rl.features.tokenizers: direction_projection_tokens: YF shape=(346,), H shape=(346, 17), alpha=1.000, topM=None
[2025-10-03 16:59:35,136] INFO doa_rl.features.tokenizers: direction_projection_tokens: r shape=(17,), selected=17
[2025-10-03 16:59:35,137] INFO __main__: train_single: sample 20 dir tokens alpha=1.0 count=17
[2025-10-03 16:59:35,137] INFO __main__: train_single: sample 20 ground-truth index=16 angle=tensor([150.], dtype=torch.float64)
[2025-10-03 16:59:35,137] INFO __main__: Patch reconstruction sample 20: mse=1.756e-06 mae=9.348e-04 IS=8.613e+01 ratio[min=0.396 max=0.481]
[2025-10-03 16:59:35,138] INFO doa_rl.data: DoADataset.__getitem__: idx=40 wav_path=/Users/sbplab/jiawei/datasets/test_nmf_output_no_edge_with_original/white_noise_box_data_no_edge_sync_vad_normalized/angle_135/clip_001.npy wav_shape=(145920,)
[2025-10-03 16:59:35,143] INFO doa_rl.data: DoADataset.__getitem__: spectrogram shape=torch.Size([346, 286]) (masked from (1025, 286))
[2025-10-03 16:59:35,143] INFO __main__: train_single: sample 21 Y shape=(346, 286)
[2025-10-03 16:59:35,144] INFO doa_rl.features.tokenizers: PatchTokenizer.__call__: Y shape=(346,286), patch grid=(21,28)
[2025-10-03 16:59:35,153] INFO doa_rl.features.tokenizers: PatchTokenizer.__call__: emitted 588 tokens
[2025-10-03 16:59:35,158] INFO __main__: train_single: sample 21 using content-root for s_hat: /Users/sbplab/jiawei/datasets/test_nmf_output_no_edge_with_original/white_noise_original_data_no_edge_sync_vad_normalized
[2025-10-03 16:59:35,164] INFO __main__: train_single: sample 21 content tokens=588
[2025-10-03 16:59:35,164] INFO doa_rl.features.tokenizers: direction_projection_tokens: YF shape=(346,), H shape=(346, 17), alpha=1.000, topM=None
[2025-10-03 16:59:35,165] INFO doa_rl.features.tokenizers: direction_projection_tokens: r shape=(17,), selected=17
[2025-10-03 16:59:35,165] INFO __main__: train_single: sample 21 dir tokens alpha=1.0 count=17
[2025-10-03 16:59:35,165] INFO __main__: train_single: sample 21 ground-truth index=13 angle=tensor([135.], dtype=torch.float64)
[2025-10-03 16:59:35,166] INFO __main__: Patch reconstruction sample 21: mse=1.903e-06 mae=9.357e-04 IS=7.564e+01 ratio[min=0.443 max=0.518]
[2025-10-03 16:59:35,167] INFO doa_rl.data: DoADataset.__getitem__: idx=19 wav_path=/Users/sbplab/jiawei/datasets/test_nmf_output_no_edge_with_original/white_noise_box_data_no_edge_sync_vad_normalized/angle_100/clip_001.npy wav_shape=(145920,)
[2025-10-03 16:59:35,171] INFO doa_rl.data: DoADataset.__getitem__: spectrogram shape=torch.Size([346, 286]) (masked from (1025, 286))
[2025-10-03 16:59:35,172] INFO __main__: train_single: sample 22 Y shape=(346, 286)
[2025-10-03 16:59:35,173] INFO doa_rl.features.tokenizers: PatchTokenizer.__call__: Y shape=(346,286), patch grid=(21,28)
[2025-10-03 16:59:35,183] INFO doa_rl.features.tokenizers: PatchTokenizer.__call__: emitted 588 tokens
[2025-10-03 16:59:35,188] INFO __main__: train_single: sample 22 using content-root for s_hat: /Users/sbplab/jiawei/datasets/test_nmf_output_no_edge_with_original/white_noise_original_data_no_edge_sync_vad_normalized
[2025-10-03 16:59:35,193] INFO __main__: train_single: sample 22 content tokens=588
[2025-10-03 16:59:35,193] INFO doa_rl.features.tokenizers: direction_projection_tokens: YF shape=(346,), H shape=(346, 17), alpha=1.000, topM=None
[2025-10-03 16:59:35,193] INFO doa_rl.features.tokenizers: direction_projection_tokens: r shape=(17,), selected=17
[2025-10-03 16:59:35,193] INFO __main__: train_single: sample 22 dir tokens alpha=1.0 count=17
[2025-10-03 16:59:35,194] INFO __main__: train_single: sample 22 ground-truth index=6 angle=tensor([100.], dtype=torch.float64)
[2025-10-03 16:59:35,195] INFO __main__: Patch reconstruction sample 22: mse=2.244e-06 mae=8.716e-04 IS=7.836e+01 ratio[min=0.431 max=0.508]
[2025-10-03 16:59:35,196] INFO doa_rl.data: DoADataset.__getitem__: idx=8 wav_path=/Users/sbplab/jiawei/datasets/test_nmf_output_no_edge_with_original/white_noise_box_data_no_edge_sync_vad_normalized/angle_80/clip_002.npy wav_shape=(145920,)
[2025-10-03 16:59:35,200] INFO doa_rl.data: DoADataset.__getitem__: spectrogram shape=torch.Size([346, 286]) (masked from (1025, 286))
[2025-10-03 16:59:35,201] INFO __main__: train_single: sample 23 Y shape=(346, 286)
[2025-10-03 16:59:35,202] INFO doa_rl.features.tokenizers: PatchTokenizer.__call__: Y shape=(346,286), patch grid=(21,28)
[2025-10-03 16:59:35,211] INFO doa_rl.features.tokenizers: PatchTokenizer.__call__: emitted 588 tokens
[2025-10-03 16:59:35,216] INFO __main__: train_single: sample 23 using content-root for s_hat: /Users/sbplab/jiawei/datasets/test_nmf_output_no_edge_with_original/white_noise_original_data_no_edge_sync_vad_normalized
[2025-10-03 16:59:35,220] INFO __main__: train_single: sample 23 content tokens=588
[2025-10-03 16:59:35,220] INFO doa_rl.features.tokenizers: direction_projection_tokens: YF shape=(346,), H shape=(346, 17), alpha=1.000, topM=None
[2025-10-03 16:59:35,221] INFO doa_rl.features.tokenizers: direction_projection_tokens: r shape=(17,), selected=17
[2025-10-03 16:59:35,221] INFO __main__: train_single: sample 23 dir tokens alpha=1.0 count=17
[2025-10-03 16:59:35,221] INFO __main__: train_single: sample 23 ground-truth index=2 angle=tensor([80.], dtype=torch.float64)
[2025-10-03 16:59:35,222] INFO __main__: Patch reconstruction sample 23: mse=1.399e-06 mae=7.165e-04 IS=6.420e+01 ratio[min=0.465 max=0.554]
[2025-10-03 16:59:35,223] INFO doa_rl.data: DoADataset.__getitem__: idx=7 wav_path=/Users/sbplab/jiawei/datasets/test_nmf_output_no_edge_with_original/white_noise_box_data_no_edge_sync_vad_normalized/angle_80/clip_001.npy wav_shape=(145920,)
[2025-10-03 16:59:35,227] INFO doa_rl.data: DoADataset.__getitem__: spectrogram shape=torch.Size([346, 286]) (masked from (1025, 286))
[2025-10-03 16:59:35,228] INFO __main__: train_single: sample 24 Y shape=(346, 286)
[2025-10-03 16:59:35,229] INFO doa_rl.features.tokenizers: PatchTokenizer.__call__: Y shape=(346,286), patch grid=(21,28)
[2025-10-03 16:59:35,238] INFO doa_rl.features.tokenizers: PatchTokenizer.__call__: emitted 588 tokens
[2025-10-03 16:59:35,243] INFO __main__: train_single: sample 24 using content-root for s_hat: /Users/sbplab/jiawei/datasets/test_nmf_output_no_edge_with_original/white_noise_original_data_no_edge_sync_vad_normalized
[2025-10-03 16:59:35,247] INFO __main__: train_single: sample 24 content tokens=588
[2025-10-03 16:59:35,248] INFO doa_rl.features.tokenizers: direction_projection_tokens: YF shape=(346,), H shape=(346, 17), alpha=1.000, topM=None
[2025-10-03 16:59:35,248] INFO doa_rl.features.tokenizers: direction_projection_tokens: r shape=(17,), selected=17
[2025-10-03 16:59:35,248] INFO __main__: train_single: sample 24 dir tokens alpha=1.0 count=17
[2025-10-03 16:59:35,248] INFO __main__: train_single: sample 24 ground-truth index=2 angle=tensor([80.], dtype=torch.float64)
[2025-10-03 16:59:35,250] INFO __main__: Patch reconstruction sample 24: mse=1.944e-06 mae=8.395e-04 IS=9.522e+01 ratio[min=0.399 max=0.467]
[2025-10-03 16:59:35,251] INFO doa_rl.data: DoADataset.__getitem__: idx=47 wav_path=/Users/sbplab/jiawei/datasets/test_nmf_output_no_edge_with_original/white_noise_box_data_no_edge_sync_vad_normalized/angle_145/clip_002.npy wav_shape=(145920,)
[2025-10-03 16:59:35,255] INFO doa_rl.data: DoADataset.__getitem__: spectrogram shape=torch.Size([346, 286]) (masked from (1025, 286))
[2025-10-03 16:59:35,256] INFO __main__: train_single: sample 25 Y shape=(346, 286)
[2025-10-03 16:59:35,258] INFO doa_rl.features.tokenizers: PatchTokenizer.__call__: Y shape=(346,286), patch grid=(21,28)
[2025-10-03 16:59:35,267] INFO doa_rl.features.tokenizers: PatchTokenizer.__call__: emitted 588 tokens
[2025-10-03 16:59:35,272] INFO __main__: train_single: sample 25 using content-root for s_hat: /Users/sbplab/jiawei/datasets/test_nmf_output_no_edge_with_original/white_noise_original_data_no_edge_sync_vad_normalized
[2025-10-03 16:59:35,277] INFO __main__: train_single: sample 25 content tokens=588
[2025-10-03 16:59:35,278] INFO doa_rl.features.tokenizers: direction_projection_tokens: YF shape=(346,), H shape=(346, 17), alpha=1.000, topM=None
[2025-10-03 16:59:35,278] INFO doa_rl.features.tokenizers: direction_projection_tokens: r shape=(17,), selected=17
[2025-10-03 16:59:35,278] INFO __main__: train_single: sample 25 dir tokens alpha=1.0 count=17
[2025-10-03 16:59:35,278] INFO __main__: train_single: sample 25 ground-truth index=15 angle=tensor([145.], dtype=torch.float64)
[2025-10-03 16:59:35,279] INFO __main__: Patch reconstruction sample 25: mse=1.313e-06 mae=8.300e-04 IS=7.794e+01 ratio[min=0.431 max=0.507]
[2025-10-03 16:59:35,280] INFO doa_rl.data: DoADataset.__getitem__: idx=28 wav_path=/Users/sbplab/jiawei/datasets/test_nmf_output_no_edge_with_original/white_noise_box_data_no_edge_sync_vad_normalized/angle_115/clip_001.npy wav_shape=(145920,)
[2025-10-03 16:59:35,285] INFO doa_rl.data: DoADataset.__getitem__: spectrogram shape=torch.Size([346, 286]) (masked from (1025, 286))
[2025-10-03 16:59:35,285] INFO __main__: train_single: sample 26 Y shape=(346, 286)
[2025-10-03 16:59:35,285] INFO doa_rl.features.tokenizers: PatchTokenizer.__call__: Y shape=(346,286), patch grid=(21,28)
[2025-10-03 16:59:35,289] INFO doa_rl.features.tokenizers: PatchTokenizer.__call__: emitted 588 tokens
[2025-10-03 16:59:35,295] INFO __main__: train_single: sample 26 using content-root for s_hat: /Users/sbplab/jiawei/datasets/test_nmf_output_no_edge_with_original/white_noise_original_data_no_edge_sync_vad_normalized
[2025-10-03 16:59:35,300] INFO __main__: train_single: sample 26 content tokens=588
[2025-10-03 16:59:35,300] INFO doa_rl.features.tokenizers: direction_projection_tokens: YF shape=(346,), H shape=(346, 17), alpha=1.000, topM=None
[2025-10-03 16:59:35,301] INFO doa_rl.features.tokenizers: direction_projection_tokens: r shape=(17,), selected=17
[2025-10-03 16:59:35,301] INFO __main__: train_single: sample 26 dir tokens alpha=1.0 count=17
[2025-10-03 16:59:35,301] INFO __main__: train_single: sample 26 ground-truth index=9 angle=tensor([115.], dtype=torch.float64)
[2025-10-03 16:59:35,302] INFO __main__: Patch reconstruction sample 26: mse=1.316e-06 mae=7.658e-04 IS=8.349e+01 ratio[min=0.41 max=0.491]
[2025-10-03 16:59:35,303] INFO doa_rl.data: DoADataset.__getitem__: idx=4 wav_path=/Users/sbplab/jiawei/datasets/test_nmf_output_no_edge_with_original/white_noise_box_data_no_edge_sync_vad_normalized/angle_45/clip_001.npy wav_shape=(145920,)
[2025-10-03 16:59:35,307] INFO doa_rl.data: DoADataset.__getitem__: spectrogram shape=torch.Size([346, 286]) (masked from (1025, 286))
[2025-10-03 16:59:35,308] INFO __main__: train_single: sample 27 Y shape=(346, 286)
[2025-10-03 16:59:35,309] INFO doa_rl.features.tokenizers: PatchTokenizer.__call__: Y shape=(346,286), patch grid=(21,28)
[2025-10-03 16:59:35,318] INFO doa_rl.features.tokenizers: PatchTokenizer.__call__: emitted 588 tokens
[2025-10-03 16:59:35,323] INFO __main__: train_single: sample 27 using content-root for s_hat: /Users/sbplab/jiawei/datasets/test_nmf_output_no_edge_with_original/white_noise_original_data_no_edge_sync_vad_normalized
[2025-10-03 16:59:35,327] INFO __main__: train_single: sample 27 content tokens=588
[2025-10-03 16:59:35,328] INFO doa_rl.features.tokenizers: direction_projection_tokens: YF shape=(346,), H shape=(346, 17), alpha=1.000, topM=None
[2025-10-03 16:59:35,328] INFO doa_rl.features.tokenizers: direction_projection_tokens: r shape=(17,), selected=17
[2025-10-03 16:59:35,328] INFO __main__: train_single: sample 27 dir tokens alpha=1.0 count=17
[2025-10-03 16:59:35,328] INFO __main__: train_single: sample 27 ground-truth index=1 angle=tensor([45.], dtype=torch.float64)
[2025-10-03 16:59:35,329] INFO __main__: Patch reconstruction sample 27: mse=1.760e-06 mae=9.419e-04 IS=7.054e+01 ratio[min=0.437 max=0.53]
[2025-10-03 16:59:35,330] INFO doa_rl.data: DoADataset.__getitem__: idx=36 wav_path=/Users/sbplab/jiawei/datasets/test_nmf_output_no_edge_with_original/white_noise_box_data_no_edge_sync_vad_normalized/angle_130/clip_000.npy wav_shape=(145920,)
[2025-10-03 16:59:35,337] INFO doa_rl.data: DoADataset.__getitem__: spectrogram shape=torch.Size([346, 286]) (masked from (1025, 286))
[2025-10-03 16:59:35,338] INFO __main__: train_single: sample 28 Y shape=(346, 286)
[2025-10-03 16:59:35,339] INFO doa_rl.features.tokenizers: PatchTokenizer.__call__: Y shape=(346,286), patch grid=(21,28)
[2025-10-03 16:59:35,348] INFO doa_rl.features.tokenizers: PatchTokenizer.__call__: emitted 588 tokens
[2025-10-03 16:59:35,353] INFO __main__: train_single: sample 28 using content-root for s_hat: /Users/sbplab/jiawei/datasets/test_nmf_output_no_edge_with_original/white_noise_original_data_no_edge_sync_vad_normalized
[2025-10-03 16:59:35,396] INFO __main__: train_single: sample 28 content tokens=588
[2025-10-03 16:59:35,396] INFO doa_rl.features.tokenizers: direction_projection_tokens: YF shape=(346,), H shape=(346, 17), alpha=1.000, topM=None
[2025-10-03 16:59:35,396] INFO doa_rl.features.tokenizers: direction_projection_tokens: r shape=(17,), selected=17
[2025-10-03 16:59:35,396] INFO __main__: train_single: sample 28 dir tokens alpha=1.0 count=17
[2025-10-03 16:59:35,396] INFO __main__: train_single: sample 28 ground-truth index=12 angle=tensor([130.], dtype=torch.float64)
[2025-10-03 16:59:35,397] INFO __main__: Patch reconstruction sample 28: mse=1.592e-06 mae=8.223e-04 IS=7.778e+01 ratio[min=0.403 max=0.511]
[2025-10-03 16:59:35,398] INFO doa_rl.data: DoADataset.__getitem__: idx=46 wav_path=/Users/sbplab/jiawei/datasets/test_nmf_output_no_edge_with_original/white_noise_box_data_no_edge_sync_vad_normalized/angle_145/clip_001.npy wav_shape=(145920,)
[2025-10-03 16:59:35,406] INFO doa_rl.data: DoADataset.__getitem__: spectrogram shape=torch.Size([346, 286]) (masked from (1025, 286))
[2025-10-03 16:59:35,407] INFO __main__: train_single: sample 29 Y shape=(346, 286)
[2025-10-03 16:59:35,408] INFO doa_rl.features.tokenizers: PatchTokenizer.__call__: Y shape=(346,286), patch grid=(21,28)
[2025-10-03 16:59:35,418] INFO doa_rl.features.tokenizers: PatchTokenizer.__call__: emitted 588 tokens
[2025-10-03 16:59:35,423] INFO __main__: train_single: sample 29 using content-root for s_hat: /Users/sbplab/jiawei/datasets/test_nmf_output_no_edge_with_original/white_noise_original_data_no_edge_sync_vad_normalized
[2025-10-03 16:59:35,427] INFO __main__: train_single: sample 29 content tokens=588
[2025-10-03 16:59:35,428] INFO doa_rl.features.tokenizers: direction_projection_tokens: YF shape=(346,), H shape=(346, 17), alpha=1.000, topM=None
[2025-10-03 16:59:35,428] INFO doa_rl.features.tokenizers: direction_projection_tokens: r shape=(17,), selected=17
[2025-10-03 16:59:35,428] INFO __main__: train_single: sample 29 dir tokens alpha=1.0 count=17
[2025-10-03 16:59:35,428] INFO __main__: train_single: sample 29 ground-truth index=15 angle=tensor([145.], dtype=torch.float64)
[2025-10-03 16:59:35,429] INFO __main__: Patch reconstruction sample 29: mse=1.513e-06 mae=8.899e-04 IS=9.337e+01 ratio[min=0.382 max=0.464]
[2025-10-03 16:59:35,431] INFO doa_rl.data: DoADataset.__getitem__: idx=22 wav_path=/Users/sbplab/jiawei/datasets/test_nmf_output_no_edge_with_original/white_noise_box_data_no_edge_sync_vad_normalized/angle_105/clip_001.npy wav_shape=(145920,)
[2025-10-03 16:59:35,435] INFO doa_rl.data: DoADataset.__getitem__: spectrogram shape=torch.Size([346, 286]) (masked from (1025, 286))
[2025-10-03 16:59:35,436] INFO __main__: train_single: sample 30 Y shape=(346, 286)
[2025-10-03 16:59:35,436] INFO doa_rl.features.tokenizers: PatchTokenizer.__call__: Y shape=(346,286), patch grid=(21,28)
[2025-10-03 16:59:35,447] INFO doa_rl.features.tokenizers: PatchTokenizer.__call__: emitted 588 tokens
[2025-10-03 16:59:35,452] INFO __main__: train_single: sample 30 using content-root for s_hat: /Users/sbplab/jiawei/datasets/test_nmf_output_no_edge_with_original/white_noise_original_data_no_edge_sync_vad_normalized
[2025-10-03 16:59:35,458] INFO __main__: train_single: sample 30 content tokens=588
[2025-10-03 16:59:35,459] INFO doa_rl.features.tokenizers: direction_projection_tokens: YF shape=(346,), H shape=(346, 17), alpha=1.000, topM=None
[2025-10-03 16:59:35,459] INFO doa_rl.features.tokenizers: direction_projection_tokens: r shape=(17,), selected=17
[2025-10-03 16:59:35,459] INFO __main__: train_single: sample 30 dir tokens alpha=1.0 count=17
[2025-10-03 16:59:35,459] INFO __main__: train_single: sample 30 ground-truth index=7 angle=tensor([105.], dtype=torch.float64)
[2025-10-03 16:59:35,460] INFO __main__: Patch reconstruction sample 30: mse=1.284e-06 mae=7.094e-04 IS=7.374e+01 ratio[min=0.418 max=0.515]
[2025-10-03 16:59:35,461] INFO doa_rl.data: DoADataset.__getitem__: idx=1 wav_path=/Users/sbplab/jiawei/datasets/test_nmf_output_no_edge_with_original/white_noise_box_data_no_edge_sync_vad_normalized/angle_30/clip_001.npy wav_shape=(145920,)
[2025-10-03 16:59:35,466] INFO doa_rl.data: DoADataset.__getitem__: spectrogram shape=torch.Size([346, 286]) (masked from (1025, 286))
[2025-10-03 16:59:35,466] INFO __main__: train_single: sample 31 Y shape=(346, 286)
[2025-10-03 16:59:35,467] INFO doa_rl.features.tokenizers: PatchTokenizer.__call__: Y shape=(346,286), patch grid=(21,28)
[2025-10-03 16:59:35,476] INFO doa_rl.features.tokenizers: PatchTokenizer.__call__: emitted 588 tokens
[2025-10-03 16:59:35,482] INFO __main__: train_single: sample 31 using content-root for s_hat: /Users/sbplab/jiawei/datasets/test_nmf_output_no_edge_with_original/white_noise_original_data_no_edge_sync_vad_normalized
[2025-10-03 16:59:35,486] INFO __main__: train_single: sample 31 content tokens=588
[2025-10-03 16:59:35,486] INFO doa_rl.features.tokenizers: direction_projection_tokens: YF shape=(346,), H shape=(346, 17), alpha=1.000, topM=None
[2025-10-03 16:59:35,487] INFO doa_rl.features.tokenizers: direction_projection_tokens: r shape=(17,), selected=17
[2025-10-03 16:59:35,487] INFO __main__: train_single: sample 31 dir tokens alpha=1.0 count=17
[2025-10-03 16:59:35,487] INFO __main__: train_single: sample 31 ground-truth index=0 angle=tensor([30.], dtype=torch.float64)
[2025-10-03 16:59:35,488] INFO __main__: Patch reconstruction sample 31: mse=1.726e-06 mae=8.467e-04 IS=7.781e+01 ratio[min=0.407 max=0.506]
[2025-10-03 16:59:35,489] INFO doa_rl.data: DoADataset.__getitem__: idx=32 wav_path=/Users/sbplab/jiawei/datasets/test_nmf_output_no_edge_with_original/white_noise_box_data_no_edge_sync_vad_normalized/angle_120/clip_002.npy wav_shape=(145920,)
[2025-10-03 16:59:35,493] INFO doa_rl.data: DoADataset.__getitem__: spectrogram shape=torch.Size([346, 286]) (masked from (1025, 286))
[2025-10-03 16:59:35,494] INFO __main__: train_single: sample 32 Y shape=(346, 286)
[2025-10-03 16:59:35,495] INFO doa_rl.features.tokenizers: PatchTokenizer.__call__: Y shape=(346,286), patch grid=(21,28)
[2025-10-03 16:59:35,504] INFO doa_rl.features.tokenizers: PatchTokenizer.__call__: emitted 588 tokens
[2025-10-03 16:59:35,510] INFO __main__: train_single: sample 32 using content-root for s_hat: /Users/sbplab/jiawei/datasets/test_nmf_output_no_edge_with_original/white_noise_original_data_no_edge_sync_vad_normalized
[2025-10-03 16:59:35,631] INFO __main__: train_single: sample 32 content tokens=588
[2025-10-03 16:59:35,631] INFO doa_rl.features.tokenizers: direction_projection_tokens: YF shape=(346,), H shape=(346, 17), alpha=1.000, topM=None
[2025-10-03 16:59:35,631] INFO doa_rl.features.tokenizers: direction_projection_tokens: r shape=(17,), selected=17
[2025-10-03 16:59:35,631] INFO __main__: train_single: sample 32 dir tokens alpha=1.0 count=17
[2025-10-03 16:59:35,632] INFO __main__: train_single: sample 32 ground-truth index=10 angle=tensor([120.], dtype=torch.float64)
[2025-10-03 16:59:35,632] INFO __main__: Patch reconstruction sample 32: mse=1.878e-06 mae=9.715e-04 IS=9.079e+01 ratio[min=0.392 max=0.469]
[2025-10-03 16:59:35,634] INFO doa_rl.data: DoADataset.__getitem__: idx=6 wav_path=/Users/sbplab/jiawei/datasets/test_nmf_output_no_edge_with_original/white_noise_box_data_no_edge_sync_vad_normalized/angle_80/clip_000.npy wav_shape=(145920,)
[2025-10-03 16:59:35,638] INFO doa_rl.data: DoADataset.__getitem__: spectrogram shape=torch.Size([346, 286]) (masked from (1025, 286))
[2025-10-03 16:59:35,644] INFO __main__: train_single: sample 33 Y shape=(346, 286)
[2025-10-03 16:59:35,645] INFO doa_rl.features.tokenizers: PatchTokenizer.__call__: Y shape=(346,286), patch grid=(21,28)
[2025-10-03 16:59:35,654] INFO doa_rl.features.tokenizers: PatchTokenizer.__call__: emitted 588 tokens
[2025-10-03 16:59:35,666] INFO __main__: train_single: sample 33 using content-root for s_hat: /Users/sbplab/jiawei/datasets/test_nmf_output_no_edge_with_original/white_noise_original_data_no_edge_sync_vad_normalized
[2025-10-03 16:59:35,707] INFO __main__: train_single: sample 33 content tokens=588
[2025-10-03 16:59:35,707] INFO doa_rl.features.tokenizers: direction_projection_tokens: YF shape=(346,), H shape=(346, 17), alpha=1.000, topM=None
[2025-10-03 16:59:35,707] INFO doa_rl.features.tokenizers: direction_projection_tokens: r shape=(17,), selected=17
[2025-10-03 16:59:35,708] INFO __main__: train_single: sample 33 dir tokens alpha=1.0 count=17
[2025-10-03 16:59:35,708] INFO __main__: train_single: sample 33 ground-truth index=2 angle=tensor([80.], dtype=torch.float64)
[2025-10-03 16:59:35,709] INFO __main__: Patch reconstruction sample 33: mse=1.584e-06 mae=7.601e-04 IS=7.400e+01 ratio[min=0.429 max=0.522]
[2025-10-03 16:59:35,711] INFO doa_rl.data: DoADataset.__getitem__: idx=44 wav_path=/Users/sbplab/jiawei/datasets/test_nmf_output_no_edge_with_original/white_noise_box_data_no_edge_sync_vad_normalized/angle_140/clip_002.npy wav_shape=(145920,)
[2025-10-03 16:59:35,721] INFO doa_rl.data: DoADataset.__getitem__: spectrogram shape=torch.Size([346, 286]) (masked from (1025, 286))
[2025-10-03 16:59:35,721] INFO __main__: train_single: sample 34 Y shape=(346, 286)
[2025-10-03 16:59:35,722] INFO doa_rl.features.tokenizers: PatchTokenizer.__call__: Y shape=(346,286), patch grid=(21,28)
[2025-10-03 16:59:35,732] INFO doa_rl.features.tokenizers: PatchTokenizer.__call__: emitted 588 tokens
[2025-10-03 16:59:35,737] INFO __main__: train_single: sample 34 using content-root for s_hat: /Users/sbplab/jiawei/datasets/test_nmf_output_no_edge_with_original/white_noise_original_data_no_edge_sync_vad_normalized
[2025-10-03 16:59:35,741] INFO __main__: train_single: sample 34 content tokens=588
[2025-10-03 16:59:35,741] INFO doa_rl.features.tokenizers: direction_projection_tokens: YF shape=(346,), H shape=(346, 17), alpha=1.000, topM=None
[2025-10-03 16:59:35,742] INFO doa_rl.features.tokenizers: direction_projection_tokens: r shape=(17,), selected=17
[2025-10-03 16:59:35,742] INFO __main__: train_single: sample 34 dir tokens alpha=1.0 count=17
[2025-10-03 16:59:35,742] INFO __main__: train_single: sample 34 ground-truth index=14 angle=tensor([140.], dtype=torch.float64)
[2025-10-03 16:59:35,743] INFO __main__: Patch reconstruction sample 34: mse=1.826e-06 mae=9.080e-04 IS=6.736e+01 ratio[min=0.465 max=0.541]
[2025-10-03 16:59:35,743] INFO doa_rl.data: DoADataset.__getitem__: idx=29 wav_path=/Users/sbplab/jiawei/datasets/test_nmf_output_no_edge_with_original/white_noise_box_data_no_edge_sync_vad_normalized/angle_115/clip_002.npy wav_shape=(145920,)
[2025-10-03 16:59:35,748] INFO doa_rl.data: DoADataset.__getitem__: spectrogram shape=torch.Size([346, 286]) (masked from (1025, 286))
[2025-10-03 16:59:35,749] INFO __main__: train_single: sample 35 Y shape=(346, 286)
[2025-10-03 16:59:35,749] INFO doa_rl.features.tokenizers: PatchTokenizer.__call__: Y shape=(346,286), patch grid=(21,28)
[2025-10-03 16:59:35,759] INFO doa_rl.features.tokenizers: PatchTokenizer.__call__: emitted 588 tokens
[2025-10-03 16:59:35,764] INFO __main__: train_single: sample 35 using content-root for s_hat: /Users/sbplab/jiawei/datasets/test_nmf_output_no_edge_with_original/white_noise_original_data_no_edge_sync_vad_normalized
[2025-10-03 16:59:35,769] INFO __main__: train_single: sample 35 content tokens=588
[2025-10-03 16:59:35,769] INFO doa_rl.features.tokenizers: direction_projection_tokens: YF shape=(346,), H shape=(346, 17), alpha=1.000, topM=None
[2025-10-03 16:59:35,770] INFO doa_rl.features.tokenizers: direction_projection_tokens: r shape=(17,), selected=17
[2025-10-03 16:59:35,770] INFO __main__: train_single: sample 35 dir tokens alpha=1.0 count=17
[2025-10-03 16:59:35,770] INFO __main__: train_single: sample 35 ground-truth index=9 angle=tensor([115.], dtype=torch.float64)
[2025-10-03 16:59:35,771] INFO __main__: Patch reconstruction sample 35: mse=1.081e-06 mae=6.961e-04 IS=6.610e+01 ratio[min=0.449 max=0.542]
[2025-10-03 16:59:35,772] INFO doa_rl.data: DoADataset.__getitem__: idx=21 wav_path=/Users/sbplab/jiawei/datasets/test_nmf_output_no_edge_with_original/white_noise_box_data_no_edge_sync_vad_normalized/angle_105/clip_000.npy wav_shape=(145920,)
[2025-10-03 16:59:35,777] INFO doa_rl.data: DoADataset.__getitem__: spectrogram shape=torch.Size([346, 286]) (masked from (1025, 286))
[2025-10-03 16:59:35,778] INFO __main__: train_single: sample 36 Y shape=(346, 286)
[2025-10-03 16:59:35,781] INFO doa_rl.features.tokenizers: PatchTokenizer.__call__: Y shape=(346,286), patch grid=(21,28)
[2025-10-03 16:59:35,791] INFO doa_rl.features.tokenizers: PatchTokenizer.__call__: emitted 588 tokens
[2025-10-03 16:59:35,797] INFO __main__: train_single: sample 36 using content-root for s_hat: /Users/sbplab/jiawei/datasets/test_nmf_output_no_edge_with_original/white_noise_original_data_no_edge_sync_vad_normalized
[2025-10-03 16:59:35,802] INFO __main__: train_single: sample 36 content tokens=588
[2025-10-03 16:59:35,802] INFO doa_rl.features.tokenizers: direction_projection_tokens: YF shape=(346,), H shape=(346, 17), alpha=1.000, topM=None
[2025-10-03 16:59:35,802] INFO doa_rl.features.tokenizers: direction_projection_tokens: r shape=(17,), selected=17
[2025-10-03 16:59:35,803] INFO __main__: train_single: sample 36 dir tokens alpha=1.0 count=17
[2025-10-03 16:59:35,803] INFO __main__: train_single: sample 36 ground-truth index=7 angle=tensor([105.], dtype=torch.float64)
[2025-10-03 16:59:35,804] INFO __main__: Patch reconstruction sample 36: mse=1.528e-06 mae=7.721e-04 IS=9.122e+01 ratio[min=0.408 max=0.469]
[2025-10-03 16:59:35,805] INFO doa_rl.data: DoADataset.__getitem__: idx=31 wav_path=/Users/sbplab/jiawei/datasets/test_nmf_output_no_edge_with_original/white_noise_box_data_no_edge_sync_vad_normalized/angle_120/clip_001.npy wav_shape=(145920,)
[2025-10-03 16:59:35,809] INFO doa_rl.data: DoADataset.__getitem__: spectrogram shape=torch.Size([346, 286]) (masked from (1025, 286))
[2025-10-03 16:59:35,810] INFO __main__: train_single: sample 37 Y shape=(346, 286)
[2025-10-03 16:59:35,811] INFO doa_rl.features.tokenizers: PatchTokenizer.__call__: Y shape=(346,286), patch grid=(21,28)
[2025-10-03 16:59:35,820] INFO doa_rl.features.tokenizers: PatchTokenizer.__call__: emitted 588 tokens
[2025-10-03 16:59:35,825] INFO __main__: train_single: sample 37 using content-root for s_hat: /Users/sbplab/jiawei/datasets/test_nmf_output_no_edge_with_original/white_noise_original_data_no_edge_sync_vad_normalized
[2025-10-03 16:59:35,831] INFO __main__: train_single: sample 37 content tokens=588
[2025-10-03 16:59:35,831] INFO doa_rl.features.tokenizers: direction_projection_tokens: YF shape=(346,), H shape=(346, 17), alpha=1.000, topM=None
[2025-10-03 16:59:35,831] INFO doa_rl.features.tokenizers: direction_projection_tokens: r shape=(17,), selected=17
[2025-10-03 16:59:35,832] INFO __main__: train_single: sample 37 dir tokens alpha=1.0 count=17
[2025-10-03 16:59:35,832] INFO __main__: train_single: sample 37 ground-truth index=10 angle=tensor([120.], dtype=torch.float64)
[2025-10-03 16:59:35,833] INFO __main__: Patch reconstruction sample 37: mse=1.589e-06 mae=8.953e-04 IS=7.342e+01 ratio[min=0.447 max=0.515]
[2025-10-03 16:59:35,834] INFO doa_rl.data: DoADataset.__getitem__: idx=15 wav_path=/Users/sbplab/jiawei/datasets/test_nmf_output_no_edge_with_original/white_noise_box_data_no_edge_sync_vad_normalized/angle_95/clip_000.npy wav_shape=(145920,)
[2025-10-03 16:59:35,838] INFO doa_rl.data: DoADataset.__getitem__: spectrogram shape=torch.Size([346, 286]) (masked from (1025, 286))
[2025-10-03 16:59:35,839] INFO __main__: train_single: sample 38 Y shape=(346, 286)
[2025-10-03 16:59:35,840] INFO doa_rl.features.tokenizers: PatchTokenizer.__call__: Y shape=(346,286), patch grid=(21,28)
[2025-10-03 16:59:35,849] INFO doa_rl.features.tokenizers: PatchTokenizer.__call__: emitted 588 tokens
[2025-10-03 16:59:35,854] INFO __main__: train_single: sample 38 using content-root for s_hat: /Users/sbplab/jiawei/datasets/test_nmf_output_no_edge_with_original/white_noise_original_data_no_edge_sync_vad_normalized
[2025-10-03 16:59:35,859] INFO __main__: train_single: sample 38 content tokens=588
[2025-10-03 16:59:35,859] INFO doa_rl.features.tokenizers: direction_projection_tokens: YF shape=(346,), H shape=(346, 17), alpha=1.000, topM=None
[2025-10-03 16:59:35,860] INFO doa_rl.features.tokenizers: direction_projection_tokens: r shape=(17,), selected=17
[2025-10-03 16:59:35,860] INFO __main__: train_single: sample 38 dir tokens alpha=1.0 count=17
[2025-10-03 16:59:35,860] INFO __main__: train_single: sample 38 ground-truth index=5 angle=tensor([95.], dtype=torch.float64)
[2025-10-03 16:59:35,861] INFO __main__: Patch reconstruction sample 38: mse=2.655e-06 mae=9.621e-04 IS=7.582e+01 ratio[min=0.428 max=0.526]
[2025-10-03 16:59:35,863] INFO doa_rl.data: DoADataset.__getitem__: idx=30 wav_path=/Users/sbplab/jiawei/datasets/test_nmf_output_no_edge_with_original/white_noise_box_data_no_edge_sync_vad_normalized/angle_120/clip_000.npy wav_shape=(145920,)
[2025-10-03 16:59:35,867] INFO doa_rl.data: DoADataset.__getitem__: spectrogram shape=torch.Size([346, 286]) (masked from (1025, 286))
[2025-10-03 16:59:35,868] INFO __main__: train_single: sample 39 Y shape=(346, 286)
[2025-10-03 16:59:35,868] INFO doa_rl.features.tokenizers: PatchTokenizer.__call__: Y shape=(346,286), patch grid=(21,28)
[2025-10-03 16:59:35,878] INFO doa_rl.features.tokenizers: PatchTokenizer.__call__: emitted 588 tokens
[2025-10-03 16:59:35,883] INFO __main__: train_single: sample 39 using content-root for s_hat: /Users/sbplab/jiawei/datasets/test_nmf_output_no_edge_with_original/white_noise_original_data_no_edge_sync_vad_normalized
[2025-10-03 16:59:35,888] INFO __main__: train_single: sample 39 content tokens=588
[2025-10-03 16:59:35,889] INFO doa_rl.features.tokenizers: direction_projection_tokens: YF shape=(346,), H shape=(346, 17), alpha=1.000, topM=None
[2025-10-03 16:59:35,889] INFO doa_rl.features.tokenizers: direction_projection_tokens: r shape=(17,), selected=17
[2025-10-03 16:59:35,889] INFO __main__: train_single: sample 39 dir tokens alpha=1.0 count=17
[2025-10-03 16:59:35,889] INFO __main__: train_single: sample 39 ground-truth index=10 angle=tensor([120.], dtype=torch.float64)
[2025-10-03 16:59:35,890] INFO __main__: Patch reconstruction sample 39: mse=1.538e-06 mae=8.813e-04 IS=7.080e+01 ratio[min=0.423 max=0.522]
[2025-10-03 16:59:35,891] INFO doa_rl.data: DoADataset.__getitem__: idx=43 wav_path=/Users/sbplab/jiawei/datasets/test_nmf_output_no_edge_with_original/white_noise_box_data_no_edge_sync_vad_normalized/angle_140/clip_001.npy wav_shape=(145920,)
[2025-10-03 16:59:35,895] INFO doa_rl.data: DoADataset.__getitem__: spectrogram shape=torch.Size([346, 286]) (masked from (1025, 286))
[2025-10-03 16:59:35,896] INFO __main__: train_single: sample 40 Y shape=(346, 286)
[2025-10-03 16:59:35,897] INFO doa_rl.features.tokenizers: PatchTokenizer.__call__: Y shape=(346,286), patch grid=(21,28)
[2025-10-03 16:59:35,906] INFO doa_rl.features.tokenizers: PatchTokenizer.__call__: emitted 588 tokens
[2025-10-03 16:59:35,912] INFO __main__: train_single: sample 40 using content-root for s_hat: /Users/sbplab/jiawei/datasets/test_nmf_output_no_edge_with_original/white_noise_original_data_no_edge_sync_vad_normalized
[2025-10-03 16:59:35,918] INFO __main__: train_single: sample 40 content tokens=588
[2025-10-03 16:59:35,918] INFO doa_rl.features.tokenizers: direction_projection_tokens: YF shape=(346,), H shape=(346, 17), alpha=1.000, topM=None
[2025-10-03 16:59:35,919] INFO doa_rl.features.tokenizers: direction_projection_tokens: r shape=(17,), selected=17
[2025-10-03 16:59:35,919] INFO __main__: train_single: sample 40 dir tokens alpha=1.0 count=17
[2025-10-03 16:59:35,919] INFO __main__: train_single: sample 40 ground-truth index=14 angle=tensor([140.], dtype=torch.float64)
[2025-10-03 16:59:35,920] INFO __main__: Patch reconstruction sample 40: mse=1.826e-06 mae=9.079e-04 IS=6.711e+01 ratio[min=0.461 max=0.541]
[2025-10-03 16:59:35,921] INFO doa_rl.data: DoADataset.__getitem__: idx=38 wav_path=/Users/sbplab/jiawei/datasets/test_nmf_output_no_edge_with_original/white_noise_box_data_no_edge_sync_vad_normalized/angle_130/clip_002.npy wav_shape=(145920,)
[2025-10-03 16:59:35,926] INFO doa_rl.data: DoADataset.__getitem__: spectrogram shape=torch.Size([346, 286]) (masked from (1025, 286))
[2025-10-03 16:59:35,926] INFO __main__: train_single: sample 41 Y shape=(346, 286)
[2025-10-03 16:59:35,927] INFO doa_rl.features.tokenizers: PatchTokenizer.__call__: Y shape=(346,286), patch grid=(21,28)
[2025-10-03 16:59:35,937] INFO doa_rl.features.tokenizers: PatchTokenizer.__call__: emitted 588 tokens
[2025-10-03 16:59:35,942] INFO __main__: train_single: sample 41 using content-root for s_hat: /Users/sbplab/jiawei/datasets/test_nmf_output_no_edge_with_original/white_noise_original_data_no_edge_sync_vad_normalized
[2025-10-03 16:59:35,948] INFO __main__: train_single: sample 41 content tokens=588
[2025-10-03 16:59:35,948] INFO doa_rl.features.tokenizers: direction_projection_tokens: YF shape=(346,), H shape=(346, 17), alpha=1.000, topM=None
[2025-10-03 16:59:35,949] INFO doa_rl.features.tokenizers: direction_projection_tokens: r shape=(17,), selected=17
[2025-10-03 16:59:35,949] INFO __main__: train_single: sample 41 dir tokens alpha=1.0 count=17
[2025-10-03 16:59:35,949] INFO __main__: train_single: sample 41 ground-truth index=12 angle=tensor([130.], dtype=torch.float64)
[2025-10-03 16:59:35,950] INFO __main__: Patch reconstruction sample 41: mse=1.900e-06 mae=8.968e-04 IS=9.759e+01 ratio[min=0.371 max=0.466]
[2025-10-03 16:59:35,951] INFO doa_rl.data: DoADataset.__getitem__: idx=9 wav_path=/Users/sbplab/jiawei/datasets/test_nmf_output_no_edge_with_original/white_noise_box_data_no_edge_sync_vad_normalized/angle_85/clip_000.npy wav_shape=(145920,)
[2025-10-03 16:59:35,955] INFO doa_rl.data: DoADataset.__getitem__: spectrogram shape=torch.Size([346, 286]) (masked from (1025, 286))
[2025-10-03 16:59:35,957] INFO __main__: train_single: sample 42 Y shape=(346, 286)
[2025-10-03 16:59:35,957] INFO doa_rl.features.tokenizers: PatchTokenizer.__call__: Y shape=(346,286), patch grid=(21,28)
[2025-10-03 16:59:35,961] INFO doa_rl.features.tokenizers: PatchTokenizer.__call__: emitted 588 tokens
[2025-10-03 16:59:35,966] INFO __main__: train_single: sample 42 using content-root for s_hat: /Users/sbplab/jiawei/datasets/test_nmf_output_no_edge_with_original/white_noise_original_data_no_edge_sync_vad_normalized
[2025-10-03 16:59:35,972] INFO __main__: train_single: sample 42 content tokens=588
[2025-10-03 16:59:35,972] INFO doa_rl.features.tokenizers: direction_projection_tokens: YF shape=(346,), H shape=(346, 17), alpha=1.000, topM=None
[2025-10-03 16:59:35,972] INFO doa_rl.features.tokenizers: direction_projection_tokens: r shape=(17,), selected=17
[2025-10-03 16:59:35,973] INFO __main__: train_single: sample 42 dir tokens alpha=1.0 count=17
[2025-10-03 16:59:35,973] INFO __main__: train_single: sample 42 ground-truth index=3 angle=tensor([85.], dtype=torch.float64)
[2025-10-03 16:59:35,974] INFO __main__: Patch reconstruction sample 42: mse=1.564e-06 mae=7.351e-04 IS=6.090e+01 ratio[min=0.473 max=0.557]
[2025-10-03 16:59:35,975] INFO doa_rl.data: DoADataset.__getitem__: idx=50 wav_path=/Users/sbplab/jiawei/datasets/test_nmf_output_no_edge_with_original/white_noise_box_data_no_edge_sync_vad_normalized/angle_150/clip_002.npy wav_shape=(145920,)
[2025-10-03 16:59:35,979] INFO doa_rl.data: DoADataset.__getitem__: spectrogram shape=torch.Size([346, 286]) (masked from (1025, 286))
[2025-10-03 16:59:35,980] INFO __main__: train_single: sample 43 Y shape=(346, 286)
[2025-10-03 16:59:35,981] INFO doa_rl.features.tokenizers: PatchTokenizer.__call__: Y shape=(346,286), patch grid=(21,28)
[2025-10-03 16:59:35,990] INFO doa_rl.features.tokenizers: PatchTokenizer.__call__: emitted 588 tokens
[2025-10-03 16:59:35,995] INFO __main__: train_single: sample 43 using content-root for s_hat: /Users/sbplab/jiawei/datasets/test_nmf_output_no_edge_with_original/white_noise_original_data_no_edge_sync_vad_normalized
[2025-10-03 16:59:36,000] INFO __main__: train_single: sample 43 content tokens=588
[2025-10-03 16:59:36,001] INFO doa_rl.features.tokenizers: direction_projection_tokens: YF shape=(346,), H shape=(346, 17), alpha=1.000, topM=None
[2025-10-03 16:59:36,001] INFO doa_rl.features.tokenizers: direction_projection_tokens: r shape=(17,), selected=17
[2025-10-03 16:59:36,001] INFO __main__: train_single: sample 43 dir tokens alpha=1.0 count=17
[2025-10-03 16:59:36,001] INFO __main__: train_single: sample 43 ground-truth index=16 angle=tensor([150.], dtype=torch.float64)
[2025-10-03 16:59:36,002] INFO __main__: Patch reconstruction sample 43: mse=1.456e-06 mae=8.532e-04 IS=6.818e+01 ratio[min=0.444 max=0.532]
[2025-10-03 16:59:36,003] INFO doa_rl.data: DoADataset.__getitem__: idx=45 wav_path=/Users/sbplab/jiawei/datasets/test_nmf_output_no_edge_with_original/white_noise_box_data_no_edge_sync_vad_normalized/angle_145/clip_000.npy wav_shape=(145920,)
[2025-10-03 16:59:36,008] INFO doa_rl.data: DoADataset.__getitem__: spectrogram shape=torch.Size([346, 286]) (masked from (1025, 286))
[2025-10-03 16:59:36,008] INFO __main__: train_single: sample 44 Y shape=(346, 286)
[2025-10-03 16:59:36,009] INFO doa_rl.features.tokenizers: PatchTokenizer.__call__: Y shape=(346,286), patch grid=(21,28)
[2025-10-03 16:59:36,018] INFO doa_rl.features.tokenizers: PatchTokenizer.__call__: emitted 588 tokens
[2025-10-03 16:59:36,024] INFO __main__: train_single: sample 44 using content-root for s_hat: /Users/sbplab/jiawei/datasets/test_nmf_output_no_edge_with_original/white_noise_original_data_no_edge_sync_vad_normalized
[2025-10-03 16:59:36,031] INFO __main__: train_single: sample 44 content tokens=588
[2025-10-03 16:59:36,031] INFO doa_rl.features.tokenizers: direction_projection_tokens: YF shape=(346,), H shape=(346, 17), alpha=1.000, topM=None
[2025-10-03 16:59:36,031] INFO doa_rl.features.tokenizers: direction_projection_tokens: r shape=(17,), selected=17
[2025-10-03 16:59:36,031] INFO __main__: train_single: sample 44 dir tokens alpha=1.0 count=17
[2025-10-03 16:59:36,031] INFO __main__: train_single: sample 44 ground-truth index=15 angle=tensor([145.], dtype=torch.float64)
[2025-10-03 16:59:36,032] INFO __main__: Patch reconstruction sample 44: mse=1.169e-06 mae=7.841e-04 IS=6.730e+01 ratio[min=0.448 max=0.531]
[2025-10-03 16:59:36,033] INFO doa_rl.data: DoADataset.__getitem__: idx=13 wav_path=/Users/sbplab/jiawei/datasets/test_nmf_output_no_edge_with_original/white_noise_box_data_no_edge_sync_vad_normalized/angle_90/clip_001.npy wav_shape=(145920,)
[2025-10-03 16:59:36,037] INFO doa_rl.data: DoADataset.__getitem__: spectrogram shape=torch.Size([346, 286]) (masked from (1025, 286))
[2025-10-03 16:59:36,038] INFO __main__: train_single: sample 45 Y shape=(346, 286)
[2025-10-03 16:59:36,039] INFO doa_rl.features.tokenizers: PatchTokenizer.__call__: Y shape=(346,286), patch grid=(21,28)
[2025-10-03 16:59:36,049] INFO doa_rl.features.tokenizers: PatchTokenizer.__call__: emitted 588 tokens
[2025-10-03 16:59:36,054] INFO __main__: train_single: sample 45 using content-root for s_hat: /Users/sbplab/jiawei/datasets/test_nmf_output_no_edge_with_original/white_noise_original_data_no_edge_sync_vad_normalized
[2025-10-03 16:59:36,059] INFO __main__: train_single: sample 45 content tokens=588
[2025-10-03 16:59:36,059] INFO doa_rl.features.tokenizers: direction_projection_tokens: YF shape=(346,), H shape=(346, 17), alpha=1.000, topM=None
[2025-10-03 16:59:36,059] INFO doa_rl.features.tokenizers: direction_projection_tokens: r shape=(17,), selected=17
[2025-10-03 16:59:36,060] INFO __main__: train_single: sample 45 dir tokens alpha=1.0 count=17
[2025-10-03 16:59:36,060] INFO __main__: train_single: sample 45 ground-truth index=4 angle=tensor([90.], dtype=torch.float64)
[2025-10-03 16:59:36,061] INFO __main__: Patch reconstruction sample 45: mse=2.280e-06 mae=8.460e-04 IS=7.045e+01 ratio[min=0.446 max=0.53]
[2025-10-03 16:59:36,062] INFO doa_rl.data: DoADataset.__getitem__: idx=24 wav_path=/Users/sbplab/jiawei/datasets/test_nmf_output_no_edge_with_original/white_noise_box_data_no_edge_sync_vad_normalized/angle_110/clip_000.npy wav_shape=(145920,)
[2025-10-03 16:59:36,066] INFO doa_rl.data: DoADataset.__getitem__: spectrogram shape=torch.Size([346, 286]) (masked from (1025, 286))
[2025-10-03 16:59:36,067] INFO __main__: train_single: sample 46 Y shape=(346, 286)
[2025-10-03 16:59:36,068] INFO doa_rl.features.tokenizers: PatchTokenizer.__call__: Y shape=(346,286), patch grid=(21,28)
[2025-10-03 16:59:36,077] INFO doa_rl.features.tokenizers: PatchTokenizer.__call__: emitted 588 tokens
[2025-10-03 16:59:36,082] INFO __main__: train_single: sample 46 using content-root for s_hat: /Users/sbplab/jiawei/datasets/test_nmf_output_no_edge_with_original/white_noise_original_data_no_edge_sync_vad_normalized
[2025-10-03 16:59:36,087] INFO __main__: train_single: sample 46 content tokens=588
[2025-10-03 16:59:36,087] INFO doa_rl.features.tokenizers: direction_projection_tokens: YF shape=(346,), H shape=(346, 17), alpha=1.000, topM=None
[2025-10-03 16:59:36,087] INFO doa_rl.features.tokenizers: direction_projection_tokens: r shape=(17,), selected=17
[2025-10-03 16:59:36,087] INFO __main__: train_single: sample 46 dir tokens alpha=1.0 count=17
[2025-10-03 16:59:36,088] INFO __main__: train_single: sample 46 ground-truth index=8 angle=tensor([110.], dtype=torch.float64)
[2025-10-03 16:59:36,088] INFO __main__: Patch reconstruction sample 46: mse=1.603e-06 mae=7.954e-04 IS=8.095e+01 ratio[min=0.408 max=0.497]
[2025-10-03 16:59:36,089] INFO doa_rl.data: DoADataset.__getitem__: idx=11 wav_path=/Users/sbplab/jiawei/datasets/test_nmf_output_no_edge_with_original/white_noise_box_data_no_edge_sync_vad_normalized/angle_85/clip_002.npy wav_shape=(145920,)
[2025-10-03 16:59:36,093] INFO doa_rl.data: DoADataset.__getitem__: spectrogram shape=torch.Size([346, 286]) (masked from (1025, 286))
[2025-10-03 16:59:36,094] INFO __main__: train_single: sample 47 Y shape=(346, 286)
[2025-10-03 16:59:36,095] INFO doa_rl.features.tokenizers: PatchTokenizer.__call__: Y shape=(346,286), patch grid=(21,28)
[2025-10-03 16:59:36,105] INFO doa_rl.features.tokenizers: PatchTokenizer.__call__: emitted 588 tokens
[2025-10-03 16:59:36,110] INFO __main__: train_single: sample 47 using content-root for s_hat: /Users/sbplab/jiawei/datasets/test_nmf_output_no_edge_with_original/white_noise_original_data_no_edge_sync_vad_normalized
[2025-10-03 16:59:36,116] INFO __main__: train_single: sample 47 content tokens=588
[2025-10-03 16:59:36,116] INFO doa_rl.features.tokenizers: direction_projection_tokens: YF shape=(346,), H shape=(346, 17), alpha=1.000, topM=None
[2025-10-03 16:59:36,117] INFO doa_rl.features.tokenizers: direction_projection_tokens: r shape=(17,), selected=17
[2025-10-03 16:59:36,117] INFO __main__: train_single: sample 47 dir tokens alpha=1.0 count=17
[2025-10-03 16:59:36,117] INFO __main__: train_single: sample 47 ground-truth index=3 angle=tensor([85.], dtype=torch.float64)
[2025-10-03 16:59:36,118] INFO __main__: Patch reconstruction sample 47: mse=2.185e-06 mae=8.657e-04 IS=9.242e+01 ratio[min=0.387 max=0.475]
[2025-10-03 16:59:36,119] INFO doa_rl.data: DoADataset.__getitem__: idx=2 wav_path=/Users/sbplab/jiawei/datasets/test_nmf_output_no_edge_with_original/white_noise_box_data_no_edge_sync_vad_normalized/angle_30/clip_002.npy wav_shape=(145920,)
[2025-10-03 16:59:36,123] INFO doa_rl.data: DoADataset.__getitem__: spectrogram shape=torch.Size([346, 286]) (masked from (1025, 286))
[2025-10-03 16:59:36,124] INFO __main__: train_single: sample 48 Y shape=(346, 286)
[2025-10-03 16:59:36,125] INFO doa_rl.features.tokenizers: PatchTokenizer.__call__: Y shape=(346,286), patch grid=(21,28)
[2025-10-03 16:59:36,135] INFO doa_rl.features.tokenizers: PatchTokenizer.__call__: emitted 588 tokens
[2025-10-03 16:59:36,140] INFO __main__: train_single: sample 48 using content-root for s_hat: /Users/sbplab/jiawei/datasets/test_nmf_output_no_edge_with_original/white_noise_original_data_no_edge_sync_vad_normalized
[2025-10-03 16:59:36,144] INFO __main__: train_single: sample 48 content tokens=588
[2025-10-03 16:59:36,144] INFO doa_rl.features.tokenizers: direction_projection_tokens: YF shape=(346,), H shape=(346, 17), alpha=1.000, topM=None
[2025-10-03 16:59:36,145] INFO doa_rl.features.tokenizers: direction_projection_tokens: r shape=(17,), selected=17
[2025-10-03 16:59:36,145] INFO __main__: train_single: sample 48 dir tokens alpha=1.0 count=17
[2025-10-03 16:59:36,145] INFO __main__: train_single: sample 48 ground-truth index=0 angle=tensor([30.], dtype=torch.float64)
[2025-10-03 16:59:36,146] INFO __main__: Patch reconstruction sample 48: mse=1.753e-06 mae=8.536e-04 IS=7.987e+01 ratio[min=0.422 max=0.504]
[2025-10-03 16:59:36,147] INFO doa_rl.data: DoADataset.__getitem__: idx=26 wav_path=/Users/sbplab/jiawei/datasets/test_nmf_output_no_edge_with_original/white_noise_box_data_no_edge_sync_vad_normalized/angle_110/clip_002.npy wav_shape=(145920,)
[2025-10-03 16:59:36,151] INFO doa_rl.data: DoADataset.__getitem__: spectrogram shape=torch.Size([346, 286]) (masked from (1025, 286))
[2025-10-03 16:59:36,152] INFO __main__: train_single: sample 49 Y shape=(346, 286)
[2025-10-03 16:59:36,153] INFO doa_rl.features.tokenizers: PatchTokenizer.__call__: Y shape=(346,286), patch grid=(21,28)
[2025-10-03 16:59:36,162] INFO doa_rl.features.tokenizers: PatchTokenizer.__call__: emitted 588 tokens
[2025-10-03 16:59:36,167] INFO __main__: train_single: sample 49 using content-root for s_hat: /Users/sbplab/jiawei/datasets/test_nmf_output_no_edge_with_original/white_noise_original_data_no_edge_sync_vad_normalized
[2025-10-03 16:59:36,172] INFO __main__: train_single: sample 49 content tokens=588
[2025-10-03 16:59:36,172] INFO doa_rl.features.tokenizers: direction_projection_tokens: YF shape=(346,), H shape=(346, 17), alpha=1.000, topM=None
[2025-10-03 16:59:36,172] INFO doa_rl.features.tokenizers: direction_projection_tokens: r shape=(17,), selected=17
[2025-10-03 16:59:36,173] INFO __main__: train_single: sample 49 dir tokens alpha=1.0 count=17
[2025-10-03 16:59:36,173] INFO __main__: train_single: sample 49 ground-truth index=8 angle=tensor([110.], dtype=torch.float64)
[2025-10-03 16:59:36,174] INFO __main__: Patch reconstruction sample 49: mse=1.323e-06 mae=7.253e-04 IS=6.454e+01 ratio[min=0.466 max=0.548]
[2025-10-03 16:59:36,175] INFO doa_rl.data: DoADataset.__getitem__: idx=5 wav_path=/Users/sbplab/jiawei/datasets/test_nmf_output_no_edge_with_original/white_noise_box_data_no_edge_sync_vad_normalized/angle_45/clip_002.npy wav_shape=(145920,)
[2025-10-03 16:59:36,179] INFO doa_rl.data: DoADataset.__getitem__: spectrogram shape=torch.Size([346, 286]) (masked from (1025, 286))
[2025-10-03 16:59:36,180] INFO __main__: train_single: sample 50 Y shape=(346, 286)
[2025-10-03 16:59:36,181] INFO doa_rl.features.tokenizers: PatchTokenizer.__call__: Y shape=(346,286), patch grid=(21,28)
[2025-10-03 16:59:36,190] INFO doa_rl.features.tokenizers: PatchTokenizer.__call__: emitted 588 tokens
[2025-10-03 16:59:36,195] INFO __main__: train_single: sample 50 using content-root for s_hat: /Users/sbplab/jiawei/datasets/test_nmf_output_no_edge_with_original/white_noise_original_data_no_edge_sync_vad_normalized
[2025-10-03 16:59:36,199] INFO __main__: train_single: sample 50 content tokens=588
[2025-10-03 16:59:36,199] INFO doa_rl.features.tokenizers: direction_projection_tokens: YF shape=(346,), H shape=(346, 17), alpha=1.000, topM=None
[2025-10-03 16:59:36,200] INFO doa_rl.features.tokenizers: direction_projection_tokens: r shape=(17,), selected=17
[2025-10-03 16:59:36,200] INFO __main__: train_single: sample 50 dir tokens alpha=1.0 count=17
[2025-10-03 16:59:36,200] INFO __main__: train_single: sample 50 ground-truth index=1 angle=tensor([45.], dtype=torch.float64)
[2025-10-03 16:59:36,201] INFO __main__: Patch reconstruction sample 50: mse=2.064e-06 mae=1.018e-03 IS=8.595e+01 ratio[min=0.41 max=0.49]
[2025-10-03 16:59:36,201] INFO doa_rl.data: DoADataset.__len__: 51 samples in /Users/sbplab/jiawei/datasets/test_nmf_output_no_edge_with_original/white_noise_box_data_no_edge_sync_vad_normalized
[2025-10-03 16:59:36,202] INFO __main__: Patch reconstruction summary: MSE mean=1.790e-06 std=4.244e-07 | MAE mean=8.577e-04 | IS mean=7.803e+01
[2025-10-03 16:59:36,627] INFO __main__: Saved patch reconstruction visualization: outputs/patch_recon/patch_recon_00_clip_000.png
[2025-10-03 16:59:36,722] INFO __main__: Saved patch reconstruction visualization: outputs/patch_recon/patch_recon_01_clip_001.png
[2025-10-03 16:59:36,816] INFO __main__: Saved patch reconstruction visualization: outputs/patch_recon/patch_recon_02_clip_001.png
[2025-10-03 16:59:36,819] INFO __main__: train_single: vocab size=988 pad_id=0 cls_id=1
[2025-10-03 16:59:37,282] INFO __main__: train_single: batch 0 input_ids shape=torch.Size([8, 606]) attention_mask shape=torch.Size([8, 606])
[2025-10-03 16:59:40,483] INFO __main__: train_single: logits shape=torch.Size([8, 17]) actions shape=torch.Size([8]) logps shape=torch.Size([8])
[2025-10-03 16:59:40,484] INFO doa_rl.advantage: Advantage: policy-mixture reconstruction shapes — pi=(17,), Y_mix=(346,), Y_hat=(346, 286), base_sum=(346,)
[2025-10-03 16:59:40,484] INFO doa_rl.advantage: Advantage: policy-mixture base_sum stats min=-5.664e+05 max=1.38e+04 mean=-2.239e+05
[2025-10-03 16:59:40,485] INFO doa_rl.advantage: Advantage: IS divergence summary — r_is=-6.433e+04 per_bin=-0.6501 ratio[min=0.0004092 max=3.884 mean=0.3928]
[2025-10-03 16:59:40,485] INFO __main__: train_single: rec advantage shape=torch.Size([17])
[2025-10-03 16:59:40,485] INFO __main__: Advantage reconstruction sample 0: mse=1.382e-06 mae=8.803e-04 IS=1.514e+02 ratio[min=0.086 max=1.18]
[2025-10-03 16:59:40,487] INFO doa_rl.advantage: Advantage: policy-mixture reconstruction shapes — pi=(17,), Y_mix=(346,), Y_hat=(346, 286), base_sum=(346,)
[2025-10-03 16:59:40,487] INFO doa_rl.advantage: Advantage: policy-mixture base_sum stats min=-5.542e+05 max=-1648 mean=-1.841e+05
[2025-10-03 16:59:40,488] INFO doa_rl.advantage: Advantage: IS divergence summary — r_is=-5.172e+04 per_bin=-0.5226 ratio[min=0.0004658 max=3.209 mean=0.4654]
[2025-10-03 16:59:40,488] INFO __main__: train_single: rec advantage shape=torch.Size([17])
[2025-10-03 16:59:40,488] INFO __main__: Advantage reconstruction sample 1: mse=2.091e-06 mae=9.220e-04 IS=1.098e+02 ratio[min=0.0664 max=0.993]
[2025-10-03 16:59:40,490] INFO doa_rl.advantage: Advantage: policy-mixture reconstruction shapes — pi=(17,), Y_mix=(346,), Y_hat=(346, 286), base_sum=(346,)
[2025-10-03 16:59:40,490] INFO doa_rl.advantage: Advantage: policy-mixture base_sum stats min=-6.763e+05 max=-4466 mean=-2.133e+05
[2025-10-03 16:59:40,491] INFO doa_rl.advantage: Advantage: IS divergence summary — r_is=-6.248e+04 per_bin=-0.6314 ratio[min=0.0001429 max=2.788 mean=0.4045]
[2025-10-03 16:59:40,491] INFO __main__: train_single: rec advantage shape=torch.Size([17])
[2025-10-03 16:59:40,492] INFO __main__: Advantage reconstruction sample 2: mse=1.595e-06 mae=9.059e-04 IS=1.437e+02 ratio[min=0.0505 max=0.951]
[2025-10-03 16:59:40,493] INFO doa_rl.advantage: Advantage: policy-mixture reconstruction shapes — pi=(17,), Y_mix=(346,), Y_hat=(346, 286), base_sum=(346,)
[2025-10-03 16:59:40,493] INFO doa_rl.advantage: Advantage: policy-mixture base_sum stats min=-6.128e+05 max=4.129e+04 mean=-1.6e+05
[2025-10-03 16:59:40,494] INFO doa_rl.advantage: Advantage: IS divergence summary — r_is=-4.298e+04 per_bin=-0.4343 ratio[min=0.0002445 max=3.685 mean=0.5645]
[2025-10-03 16:59:40,494] INFO __main__: train_single: rec advantage shape=torch.Size([17])
[2025-10-03 16:59:40,494] INFO __main__: Advantage reconstruction sample 3: mse=1.616e-06 mae=7.505e-04 IS=7.843e+01 ratio[min=0.081 max=1.13]
[2025-10-03 16:59:40,495] INFO doa_rl.advantage: Advantage: policy-mixture reconstruction shapes — pi=(17,), Y_mix=(346,), Y_hat=(346, 286), base_sum=(346,)
[2025-10-03 16:59:40,495] INFO doa_rl.advantage: Advantage: policy-mixture base_sum stats min=-6.196e+05 max=3.825e+04 mean=-2.082e+05
[2025-10-03 16:59:40,496] INFO doa_rl.advantage: Advantage: IS divergence summary — r_is=-6.169e+04 per_bin=-0.6234 ratio[min=0.0003012 max=3.306 mean=0.4224]
[2025-10-03 16:59:40,497] INFO __main__: train_single: rec advantage shape=torch.Size([17])
[2025-10-03 16:59:40,497] INFO __main__: Advantage reconstruction sample 4: mse=1.998e-06 mae=9.354e-04 IS=1.418e+02 ratio[min=0.032 max=1.12]
[2025-10-03 16:59:40,498] INFO doa_rl.advantage: Advantage: policy-mixture reconstruction shapes — pi=(17,), Y_mix=(346,), Y_hat=(346, 286), base_sum=(346,)
[2025-10-03 16:59:40,498] INFO doa_rl.advantage: Advantage: policy-mixture base_sum stats min=-5.207e+05 max=2.395e+04 mean=-1.73e+05
[2025-10-03 16:59:40,499] INFO doa_rl.advantage: Advantage: IS divergence summary — r_is=-4.964e+04 per_bin=-0.5016 ratio[min=0.0008584 max=3.683 mean=0.5077]
[2025-10-03 16:59:40,499] INFO __main__: train_single: rec advantage shape=torch.Size([17])
[2025-10-03 16:59:40,499] INFO __main__: Advantage reconstruction sample 5: mse=2.093e-06 mae=8.613e-04 IS=1.009e+02 ratio[min=0.0675 max=1.1]
[2025-10-03 16:59:40,500] INFO doa_rl.advantage: Advantage: policy-mixture reconstruction shapes — pi=(17,), Y_mix=(346,), Y_hat=(346, 286), base_sum=(346,)
[2025-10-03 16:59:40,500] INFO doa_rl.advantage: Advantage: policy-mixture base_sum stats min=-5.459e+05 max=8267 mean=-1.77e+05
[2025-10-03 16:59:40,501] INFO doa_rl.advantage: Advantage: IS divergence summary — r_is=-4.991e+04 per_bin=-0.5043 ratio[min=0.0004649 max=3.428 mean=0.4844]
[2025-10-03 16:59:40,501] INFO __main__: train_single: rec advantage shape=torch.Size([17])
[2025-10-03 16:59:40,501] INFO __main__: Advantage reconstruction sample 6: mse=1.991e-06 mae=8.930e-04 IS=1.026e+02 ratio[min=0.0689 max=1.04]
[2025-10-03 16:59:40,503] INFO doa_rl.advantage: Advantage: policy-mixture reconstruction shapes — pi=(17,), Y_mix=(346,), Y_hat=(346, 286), base_sum=(346,)
[2025-10-03 16:59:40,503] INFO doa_rl.advantage: Advantage: policy-mixture base_sum stats min=-6.217e+05 max=5.3e+04 mean=-2.128e+05
[2025-10-03 16:59:40,503] INFO doa_rl.advantage: Advantage: IS divergence summary — r_is=-5.881e+04 per_bin=-0.5943 ratio[min=0.0004269 max=4.362 mean=0.4453]
[2025-10-03 16:59:40,504] INFO __main__: train_single: rec advantage shape=torch.Size([17])
[2025-10-03 16:59:40,504] INFO __main__: Advantage reconstruction sample 7: mse=1.926e-06 mae=8.931e-04 IS=1.353e+02 ratio[min=0.0656 max=1.45]
[2025-10-03 16:59:40,505] INFO __main__: train_single: batch 1 input_ids shape=torch.Size([8, 606]) attention_mask shape=torch.Size([8, 606])
[2025-10-03 16:59:40,529] INFO __main__: train_single: logits shape=torch.Size([8, 17]) actions shape=torch.Size([8]) logps shape=torch.Size([8])
[2025-10-03 16:59:40,530] INFO doa_rl.advantage: Advantage: policy-mixture reconstruction shapes — pi=(17,), Y_mix=(346,), Y_hat=(346, 286), base_sum=(346,)
[2025-10-03 16:59:40,530] INFO doa_rl.advantage: Advantage: policy-mixture base_sum stats min=-6.124e+05 max=5.151e+04 mean=-1.566e+05
[2025-10-03 16:59:40,531] INFO doa_rl.advantage: Advantage: IS divergence summary — r_is=-4.613e+04 per_bin=-0.4662 ratio[min=0.0002094 max=3.158 mean=0.5425]
[2025-10-03 16:59:40,531] INFO __main__: train_single: rec advantage shape=torch.Size([17])
[2025-10-03 16:59:40,532] INFO __main__: Advantage reconstruction sample 8: mse=1.985e-06 mae=8.435e-04 IS=8.900e+01 ratio[min=0.111 max=1.12]
[2025-10-03 16:59:40,533] INFO doa_rl.advantage: Advantage: policy-mixture reconstruction shapes — pi=(17,), Y_mix=(346,), Y_hat=(346, 286), base_sum=(346,)
[2025-10-03 16:59:40,533] INFO doa_rl.advantage: Advantage: policy-mixture base_sum stats min=-6.126e+05 max=1.045e+05 mean=-1.645e+05
[2025-10-03 16:59:40,534] INFO doa_rl.advantage: Advantage: IS divergence summary — r_is=-5.367e+04 per_bin=-0.5424 ratio[min=0.001046 max=3.813 mean=0.5174]
[2025-10-03 16:59:40,534] INFO __main__: train_single: rec advantage shape=torch.Size([17])
[2025-10-03 16:59:40,534] INFO __main__: Advantage reconstruction sample 9: mse=1.739e-06 mae=8.382e-04 IS=1.183e+02 ratio[min=0.0698 max=1.15]
[2025-10-03 16:59:40,536] INFO doa_rl.advantage: Advantage: policy-mixture reconstruction shapes — pi=(17,), Y_mix=(346,), Y_hat=(346, 286), base_sum=(346,)
[2025-10-03 16:59:40,536] INFO doa_rl.advantage: Advantage: policy-mixture base_sum stats min=-5.434e+05 max=5.06e+04 mean=-1.676e+05
[2025-10-03 16:59:40,537] INFO doa_rl.advantage: Advantage: IS divergence summary — r_is=-4.734e+04 per_bin=-0.4784 ratio[min=0.0002254 max=3.475 mean=0.5103]
[2025-10-03 16:59:40,537] INFO __main__: train_single: rec advantage shape=torch.Size([17])
[2025-10-03 16:59:40,537] INFO __main__: Advantage reconstruction sample 10: mse=1.854e-06 mae=8.523e-04 IS=9.339e+01 ratio[min=0.0732 max=1.09]
[2025-10-03 16:59:40,538] INFO doa_rl.advantage: Advantage: policy-mixture reconstruction shapes — pi=(17,), Y_mix=(346,), Y_hat=(346, 286), base_sum=(346,)
[2025-10-03 16:59:40,539] INFO doa_rl.advantage: Advantage: policy-mixture base_sum stats min=-6.198e+05 max=8551 mean=-1.78e+05
[2025-10-03 16:59:40,539] INFO doa_rl.advantage: Advantage: IS divergence summary — r_is=-4.794e+04 per_bin=-0.4845 ratio[min=0.0005328 max=3.204 mean=0.5127]
[2025-10-03 16:59:40,540] INFO __main__: train_single: rec advantage shape=torch.Size([17])
[2025-10-03 16:59:40,540] INFO __main__: Advantage reconstruction sample 11: mse=1.853e-06 mae=8.317e-04 IS=9.390e+01 ratio[min=0.0733 max=1.03]
[2025-10-03 16:59:40,541] INFO doa_rl.advantage: Advantage: policy-mixture reconstruction shapes — pi=(17,), Y_mix=(346,), Y_hat=(346, 286), base_sum=(346,)
[2025-10-03 16:59:40,541] INFO doa_rl.advantage: Advantage: policy-mixture base_sum stats min=-5.556e+05 max=1.662e+04 mean=-1.848e+05
[2025-10-03 16:59:40,542] INFO doa_rl.advantage: Advantage: IS divergence summary — r_is=-5.018e+04 per_bin=-0.5071 ratio[min=0.0003131 max=3.781 mean=0.4991]
[2025-10-03 16:59:40,542] INFO __main__: train_single: rec advantage shape=torch.Size([17])
[2025-10-03 16:59:40,543] INFO __main__: Advantage reconstruction sample 12: mse=9.186e-07 mae=7.066e-04 IS=1.014e+02 ratio[min=0.0655 max=1.27]
[2025-10-03 16:59:40,544] INFO doa_rl.advantage: Advantage: policy-mixture reconstruction shapes — pi=(17,), Y_mix=(346,), Y_hat=(346, 286), base_sum=(346,)
[2025-10-03 16:59:40,544] INFO doa_rl.advantage: Advantage: policy-mixture base_sum stats min=-5.596e+05 max=2.003e+04 mean=-2.152e+05
[2025-10-03 16:59:40,545] INFO doa_rl.advantage: Advantage: IS divergence summary — r_is=-6.027e+04 per_bin=-0.6091 ratio[min=0.0001163 max=4.043 mean=0.4188]
[2025-10-03 16:59:40,545] INFO __main__: train_single: rec advantage shape=torch.Size([17])
[2025-10-03 16:59:40,545] INFO __main__: Advantage reconstruction sample 13: mse=1.234e-06 mae=8.356e-04 IS=1.382e+02 ratio[min=0.0912 max=1.26]
[2025-10-03 16:59:40,546] INFO doa_rl.advantage: Advantage: policy-mixture reconstruction shapes — pi=(17,), Y_mix=(346,), Y_hat=(346, 286), base_sum=(346,)
[2025-10-03 16:59:40,547] INFO doa_rl.advantage: Advantage: policy-mixture base_sum stats min=-6.584e+05 max=9.487e+04 mean=-2.079e+05
[2025-10-03 16:59:40,547] INFO doa_rl.advantage: Advantage: IS divergence summary — r_is=-6.158e+04 per_bin=-0.6223 ratio[min=0.0001826 max=3.714 mean=0.4129]
[2025-10-03 16:59:40,548] INFO __main__: train_single: rec advantage shape=torch.Size([17])
[2025-10-03 16:59:40,548] INFO __main__: Advantage reconstruction sample 14: mse=2.095e-06 mae=9.619e-04 IS=1.412e+02 ratio[min=0.0783 max=1.17]
[2025-10-03 16:59:40,549] INFO doa_rl.advantage: Advantage: policy-mixture reconstruction shapes — pi=(17,), Y_mix=(346,), Y_hat=(346, 286), base_sum=(346,)
[2025-10-03 16:59:40,549] INFO doa_rl.advantage: Advantage: policy-mixture base_sum stats min=-5.444e+05 max=2391 mean=-2.12e+05
[2025-10-03 16:59:40,550] INFO doa_rl.advantage: Advantage: IS divergence summary — r_is=-6.392e+04 per_bin=-0.646 ratio[min=5.188e-05 max=3.553 mean=0.413]
[2025-10-03 16:59:40,550] INFO __main__: train_single: rec advantage shape=torch.Size([17])
[2025-10-03 16:59:40,550] INFO __main__: Advantage reconstruction sample 15: mse=1.404e-06 mae=8.691e-04 IS=1.474e+02 ratio[min=0.04 max=1.04]
[2025-10-03 16:59:40,552] INFO __main__: train_single: batch 2 input_ids shape=torch.Size([8, 606]) attention_mask shape=torch.Size([8, 606])
[2025-10-03 16:59:40,566] INFO __main__: train_single: logits shape=torch.Size([8, 17]) actions shape=torch.Size([8]) logps shape=torch.Size([8])
[2025-10-03 16:59:40,566] INFO doa_rl.advantage: Advantage: policy-mixture reconstruction shapes — pi=(17,), Y_mix=(346,), Y_hat=(346, 286), base_sum=(346,)
[2025-10-03 16:59:40,566] INFO doa_rl.advantage: Advantage: policy-mixture base_sum stats min=-5.761e+05 max=1.723e+05 mean=-1.626e+05
[2025-10-03 16:59:40,567] INFO doa_rl.advantage: Advantage: IS divergence summary — r_is=-4.428e+04 per_bin=-0.4475 ratio[min=0.0005834 max=4.648 mean=0.5641]
[2025-10-03 16:59:40,567] INFO __main__: train_single: rec advantage shape=torch.Size([17])
[2025-10-03 16:59:40,568] INFO __main__: Advantage reconstruction sample 16: mse=1.822e-06 mae=7.949e-04 IS=8.479e+01 ratio[min=0.117 max=1.49]
[2025-10-03 16:59:40,569] INFO doa_rl.advantage: Advantage: policy-mixture reconstruction shapes — pi=(17,), Y_mix=(346,), Y_hat=(346, 286), base_sum=(346,)
[2025-10-03 16:59:40,569] INFO doa_rl.advantage: Advantage: policy-mixture base_sum stats min=-6.193e+05 max=-9647 mean=-2.289e+05
[2025-10-03 16:59:40,570] INFO doa_rl.advantage: Advantage: IS divergence summary — r_is=-6.583e+04 per_bin=-0.6652 ratio[min=0.0001369 max=2.64 mean=0.3917]
[2025-10-03 16:59:40,570] INFO __main__: train_single: rec advantage shape=torch.Size([17])
[2025-10-03 16:59:40,570] INFO __main__: Advantage reconstruction sample 17: mse=2.451e-06 mae=9.911e-04 IS=1.572e+02 ratio[min=0.0964 max=0.881]
[2025-10-03 16:59:40,571] INFO doa_rl.advantage: Advantage: policy-mixture reconstruction shapes — pi=(17,), Y_mix=(346,), Y_hat=(346, 286), base_sum=(346,)
[2025-10-03 16:59:40,572] INFO doa_rl.advantage: Advantage: policy-mixture base_sum stats min=-5.271e+05 max=9468 mean=-1.956e+05
[2025-10-03 16:59:40,572] INFO doa_rl.advantage: Advantage: IS divergence summary — r_is=-5.813e+04 per_bin=-0.5874 ratio[min=0.0002124 max=3.773 mean=0.4608]
[2025-10-03 16:59:40,573] INFO __main__: train_single: rec advantage shape=torch.Size([17])
[2025-10-03 16:59:40,573] INFO __main__: Advantage reconstruction sample 18: mse=1.135e-06 mae=7.827e-04 IS=1.262e+02 ratio[min=0.0486 max=1.15]
[2025-10-03 16:59:40,574] INFO doa_rl.advantage: Advantage: policy-mixture reconstruction shapes — pi=(17,), Y_mix=(346,), Y_hat=(346, 286), base_sum=(346,)
[2025-10-03 16:59:40,574] INFO doa_rl.advantage: Advantage: policy-mixture base_sum stats min=-5.697e+05 max=9347 mean=-2e+05
[2025-10-03 16:59:40,575] INFO doa_rl.advantage: Advantage: IS divergence summary — r_is=-5.545e+04 per_bin=-0.5603 ratio[min=4.176e-05 max=3.451 mean=0.4548]
[2025-10-03 16:59:40,575] INFO __main__: train_single: rec advantage shape=torch.Size([17])
[2025-10-03 16:59:40,576] INFO __main__: Advantage reconstruction sample 19: mse=1.125e-06 mae=7.835e-04 IS=1.182e+02 ratio[min=0.0632 max=1.15]
[2025-10-03 16:59:40,577] INFO doa_rl.advantage: Advantage: policy-mixture reconstruction shapes — pi=(17,), Y_mix=(346,), Y_hat=(346, 286), base_sum=(346,)
[2025-10-03 16:59:40,577] INFO doa_rl.advantage: Advantage: policy-mixture base_sum stats min=-6.238e+05 max=3.112e+04 mean=-1.635e+05
[2025-10-03 16:59:40,578] INFO doa_rl.advantage: Advantage: IS divergence summary — r_is=-4.753e+04 per_bin=-0.4803 ratio[min=0.0006475 max=3.221 mean=0.5243]
[2025-10-03 16:59:40,578] INFO __main__: train_single: rec advantage shape=torch.Size([17])
[2025-10-03 16:59:40,578] INFO __main__: Advantage reconstruction sample 20: mse=2.069e-06 mae=8.682e-04 IS=9.483e+01 ratio[min=0.104 max=1.08]
[2025-10-03 16:59:40,579] INFO doa_rl.advantage: Advantage: policy-mixture reconstruction shapes — pi=(17,), Y_mix=(346,), Y_hat=(346, 286), base_sum=(346,)
[2025-10-03 16:59:40,579] INFO doa_rl.advantage: Advantage: policy-mixture base_sum stats min=-6.097e+05 max=3.003e+04 mean=-1.657e+05
[2025-10-03 16:59:40,580] INFO doa_rl.advantage: Advantage: IS divergence summary — r_is=-4.414e+04 per_bin=-0.4461 ratio[min=0.0005251 max=3.548 mean=0.5479]
[2025-10-03 16:59:40,581] INFO __main__: train_single: rec advantage shape=torch.Size([17])
[2025-10-03 16:59:40,581] INFO __main__: Advantage reconstruction sample 21: mse=1.692e-06 mae=7.763e-04 IS=8.288e+01 ratio[min=0.0792 max=1.1]
[2025-10-03 16:59:40,582] INFO doa_rl.advantage: Advantage: policy-mixture reconstruction shapes — pi=(17,), Y_mix=(346,), Y_hat=(346, 286), base_sum=(346,)
[2025-10-03 16:59:40,582] INFO doa_rl.advantage: Advantage: policy-mixture base_sum stats min=-5.413e+05 max=4585 mean=-2.069e+05
[2025-10-03 16:59:40,583] INFO doa_rl.advantage: Advantage: IS divergence summary — r_is=-6.256e+04 per_bin=-0.6322 ratio[min=1.91e-05 max=3.581 mean=0.4283]
[2025-10-03 16:59:40,583] INFO __main__: train_single: rec advantage shape=torch.Size([17])
[2025-10-03 16:59:40,583] INFO __main__: Advantage reconstruction sample 22: mse=1.308e-06 mae=8.406e-04 IS=1.401e+02 ratio[min=0.0459 max=1.07]
[2025-10-03 16:59:40,585] INFO doa_rl.advantage: Advantage: policy-mixture reconstruction shapes — pi=(17,), Y_mix=(346,), Y_hat=(346, 286), base_sum=(346,)
[2025-10-03 16:59:40,585] INFO doa_rl.advantage: Advantage: policy-mixture base_sum stats min=-6.283e+05 max=-4208 mean=-2.017e+05
[2025-10-03 16:59:40,586] INFO doa_rl.advantage: Advantage: IS divergence summary — r_is=-5.778e+04 per_bin=-0.5839 ratio[min=0.0003767 max=2.937 mean=0.4376]
[2025-10-03 16:59:40,586] INFO __main__: train_single: rec advantage shape=torch.Size([17])
[2025-10-03 16:59:40,586] INFO __main__: Advantage reconstruction sample 23: mse=1.519e-06 mae=8.690e-04 IS=1.284e+02 ratio[min=0.0988 max=0.956]
[2025-10-03 16:59:40,587] INFO __main__: train_single: batch 3 input_ids shape=torch.Size([8, 606]) attention_mask shape=torch.Size([8, 606])
[2025-10-03 16:59:40,602] INFO __main__: train_single: logits shape=torch.Size([8, 17]) actions shape=torch.Size([8]) logps shape=torch.Size([8])
[2025-10-03 16:59:40,602] INFO doa_rl.advantage: Advantage: policy-mixture reconstruction shapes — pi=(17,), Y_mix=(346,), Y_hat=(346, 286), base_sum=(346,)
[2025-10-03 16:59:40,602] INFO doa_rl.advantage: Advantage: policy-mixture base_sum stats min=-6.453e+05 max=-1.231e+04 mean=-2.255e+05
[2025-10-03 16:59:40,603] INFO doa_rl.advantage: Advantage: IS divergence summary — r_is=-6.764e+04 per_bin=-0.6835 ratio[min=0.0001471 max=2.62 mean=0.3695]
[2025-10-03 16:59:40,603] INFO __main__: train_single: rec advantage shape=torch.Size([17])
[2025-10-03 16:59:40,603] INFO __main__: Advantage reconstruction sample 24: mse=1.962e-06 mae=9.925e-04 IS=1.633e+02 ratio[min=0.0787 max=0.808]
[2025-10-03 16:59:40,605] INFO doa_rl.advantage: Advantage: policy-mixture reconstruction shapes — pi=(17,), Y_mix=(346,), Y_hat=(346, 286), base_sum=(346,)
[2025-10-03 16:59:40,605] INFO doa_rl.advantage: Advantage: policy-mixture base_sum stats min=-5.411e+05 max=3.974e+04 mean=-1.612e+05
[2025-10-03 16:59:40,606] INFO doa_rl.advantage: Advantage: IS divergence summary — r_is=-4.589e+04 per_bin=-0.4637 ratio[min=0.0009014 max=3.452 mean=0.5221]
[2025-10-03 16:59:40,606] INFO __main__: train_single: rec advantage shape=torch.Size([17])
[2025-10-03 16:59:40,606] INFO __main__: Advantage reconstruction sample 25: mse=2.282e-06 mae=9.003e-04 IS=9.362e+01 ratio[min=0.0952 max=1.08]
[2025-10-03 16:59:40,608] INFO doa_rl.advantage: Advantage: policy-mixture reconstruction shapes — pi=(17,), Y_mix=(346,), Y_hat=(346, 286), base_sum=(346,)
[2025-10-03 16:59:40,608] INFO doa_rl.advantage: Advantage: policy-mixture base_sum stats min=-6.172e+05 max=-9105 mean=-2.274e+05
[2025-10-03 16:59:40,608] INFO doa_rl.advantage: Advantage: IS divergence summary — r_is=-6.484e+04 per_bin=-0.6552 ratio[min=0.0002605 max=2.794 mean=0.3956]
[2025-10-03 16:59:40,609] INFO __main__: train_single: rec advantage shape=torch.Size([17])
[2025-10-03 16:59:40,609] INFO __main__: Advantage reconstruction sample 26: mse=2.434e-06 mae=9.855e-04 IS=1.551e+02 ratio[min=0.0972 max=0.889]
[2025-10-03 16:59:40,610] INFO doa_rl.advantage: Advantage: policy-mixture reconstruction shapes — pi=(17,), Y_mix=(346,), Y_hat=(346, 286), base_sum=(346,)
[2025-10-03 16:59:40,610] INFO doa_rl.advantage: Advantage: policy-mixture base_sum stats min=-5.733e+05 max=2.28e+05 mean=-1.527e+05
[2025-10-03 16:59:40,611] INFO doa_rl.advantage: Advantage: IS divergence summary — r_is=-4.227e+04 per_bin=-0.4272 ratio[min=0.001158 max=4.86 mean=0.5932]
[2025-10-03 16:59:40,611] INFO __main__: train_single: rec advantage shape=torch.Size([17])
[2025-10-03 16:59:40,611] INFO __main__: Advantage reconstruction sample 27: mse=1.700e-06 mae=7.620e-04 IS=7.765e+01 ratio[min=0.12 max=1.57]
[2025-10-03 16:59:40,613] INFO doa_rl.advantage: Advantage: policy-mixture reconstruction shapes — pi=(17,), Y_mix=(346,), Y_hat=(346, 286), base_sum=(346,)
[2025-10-03 16:59:40,613] INFO doa_rl.advantage: Advantage: policy-mixture base_sum stats min=-6.29e+05 max=4.719e+04 mean=-1.785e+05
[2025-10-03 16:59:40,614] INFO doa_rl.advantage: Advantage: IS divergence summary — r_is=-5.753e+04 per_bin=-0.5814 ratio[min=0.0007507 max=3.381 mean=0.4799]
[2025-10-03 16:59:40,614] INFO __main__: train_single: rec advantage shape=torch.Size([17])
[2025-10-03 16:59:40,614] INFO __main__: Advantage reconstruction sample 28: mse=1.926e-06 mae=8.930e-04 IS=1.318e+02 ratio[min=0.0614 max=1.07]
[2025-10-03 16:59:40,615] INFO doa_rl.advantage: Advantage: policy-mixture reconstruction shapes — pi=(17,), Y_mix=(346,), Y_hat=(346, 286), base_sum=(346,)
[2025-10-03 16:59:40,615] INFO doa_rl.advantage: Advantage: policy-mixture base_sum stats min=-5.733e+05 max=1734 mean=-1.763e+05
[2025-10-03 16:59:40,616] INFO doa_rl.advantage: Advantage: IS divergence summary — r_is=-5.061e+04 per_bin=-0.5114 ratio[min=0.0003883 max=3.3 mean=0.4816]
[2025-10-03 16:59:40,616] INFO __main__: train_single: rec advantage shape=torch.Size([17])
[2025-10-03 16:59:40,617] INFO __main__: Advantage reconstruction sample 29: mse=2.486e-06 mae=9.574e-04 IS=1.076e+02 ratio[min=0.0893 max=1]
[2025-10-03 16:59:40,618] INFO doa_rl.advantage: Advantage: policy-mixture reconstruction shapes — pi=(17,), Y_mix=(346,), Y_hat=(346, 286), base_sum=(346,)
[2025-10-03 16:59:40,618] INFO doa_rl.advantage: Advantage: policy-mixture base_sum stats min=-6.235e+05 max=2.188e+04 mean=-2.148e+05
[2025-10-03 16:59:40,619] INFO doa_rl.advantage: Advantage: IS divergence summary — r_is=-6.448e+04 per_bin=-0.6516 ratio[min=0.000121 max=3.154 mean=0.4032]
[2025-10-03 16:59:40,619] INFO __main__: train_single: rec advantage shape=torch.Size([17])
[2025-10-03 16:59:40,619] INFO __main__: Advantage reconstruction sample 30: mse=2.115e-06 mae=9.676e-04 IS=1.511e+02 ratio[min=0.0313 max=1.07]
[2025-10-03 16:59:40,620] INFO doa_rl.advantage: Advantage: policy-mixture reconstruction shapes — pi=(17,), Y_mix=(346,), Y_hat=(346, 286), base_sum=(346,)
[2025-10-03 16:59:40,620] INFO doa_rl.advantage: Advantage: policy-mixture base_sum stats min=-6.237e+05 max=5.414e+04 mean=-2.123e+05
[2025-10-03 16:59:40,621] INFO doa_rl.advantage: Advantage: IS divergence summary — r_is=-5.872e+04 per_bin=-0.5934 ratio[min=0.0002507 max=4.309 mean=0.4474]
[2025-10-03 16:59:40,622] INFO __main__: train_single: rec advantage shape=torch.Size([17])
[2025-10-03 16:59:40,622] INFO __main__: Advantage reconstruction sample 31: mse=1.912e-06 mae=8.897e-04 IS=1.345e+02 ratio[min=0.0666 max=1.47]
[2025-10-03 16:59:40,623] INFO __main__: train_single: batch 4 input_ids shape=torch.Size([8, 606]) attention_mask shape=torch.Size([8, 606])
[2025-10-03 16:59:40,637] INFO __main__: train_single: logits shape=torch.Size([8, 17]) actions shape=torch.Size([8]) logps shape=torch.Size([8])
[2025-10-03 16:59:40,638] INFO doa_rl.advantage: Advantage: policy-mixture reconstruction shapes — pi=(17,), Y_mix=(346,), Y_hat=(346, 286), base_sum=(346,)
[2025-10-03 16:59:40,638] INFO doa_rl.advantage: Advantage: policy-mixture base_sum stats min=-6.075e+05 max=3.571e+04 mean=-1.816e+05
[2025-10-03 16:59:40,638] INFO doa_rl.advantage: Advantage: IS divergence summary — r_is=-5.084e+04 per_bin=-0.5138 ratio[min=4.253e-05 max=3.728 mean=0.5007]
[2025-10-03 16:59:40,639] INFO __main__: train_single: rec advantage shape=torch.Size([17])
[2025-10-03 16:59:40,639] INFO __main__: Advantage reconstruction sample 32: mse=2.086e-06 mae=8.707e-04 IS=1.060e+02 ratio[min=0.12 max=1.17]
[2025-10-03 16:59:40,640] INFO doa_rl.advantage: Advantage: policy-mixture reconstruction shapes — pi=(17,), Y_mix=(346,), Y_hat=(346, 286), base_sum=(346,)
[2025-10-03 16:59:40,640] INFO doa_rl.advantage: Advantage: policy-mixture base_sum stats min=-6.446e+05 max=-7051 mean=-2.101e+05
[2025-10-03 16:59:40,641] INFO doa_rl.advantage: Advantage: IS divergence summary — r_is=-6.118e+04 per_bin=-0.6182 ratio[min=0.0003254 max=3.08 mean=0.4137]
[2025-10-03 16:59:40,641] INFO __main__: train_single: rec advantage shape=torch.Size([17])
[2025-10-03 16:59:40,642] INFO __main__: Advantage reconstruction sample 33: mse=1.665e-06 mae=9.126e-04 IS=1.395e+02 ratio[min=0.0882 max=0.908]
[2025-10-03 16:59:40,643] INFO doa_rl.advantage: Advantage: policy-mixture reconstruction shapes — pi=(17,), Y_mix=(346,), Y_hat=(346, 286), base_sum=(346,)
[2025-10-03 16:59:40,643] INFO doa_rl.advantage: Advantage: policy-mixture base_sum stats min=-4.869e+05 max=7.282e+04 mean=-1.417e+05
[2025-10-03 16:59:40,644] INFO doa_rl.advantage: Advantage: IS divergence summary — r_is=-4.362e+04 per_bin=-0.4408 ratio[min=0.0002907 max=4.39 mean=0.5953]
[2025-10-03 16:59:40,644] INFO __main__: train_single: rec advantage shape=torch.Size([17])
[2025-10-03 16:59:40,644] INFO __main__: Advantage reconstruction sample 34: mse=1.742e-06 mae=7.541e-04 IS=7.662e+01 ratio[min=0.0732 max=1.29]
[2025-10-03 16:59:40,645] INFO doa_rl.advantage: Advantage: policy-mixture reconstruction shapes — pi=(17,), Y_mix=(346,), Y_hat=(346, 286), base_sum=(346,)
[2025-10-03 16:59:40,646] INFO doa_rl.advantage: Advantage: policy-mixture base_sum stats min=-6.124e+05 max=-3452 mean=-2.146e+05
[2025-10-03 16:59:40,646] INFO doa_rl.advantage: Advantage: IS divergence summary — r_is=-5.931e+04 per_bin=-0.5993 ratio[min=0.000408 max=2.939 mean=0.4358]
[2025-10-03 16:59:40,647] INFO __main__: train_single: rec advantage shape=torch.Size([17])
[2025-10-03 16:59:40,647] INFO __main__: Advantage reconstruction sample 35: mse=2.192e-06 mae=9.158e-04 IS=1.357e+02 ratio[min=0.107 max=0.982]
[2025-10-03 16:59:40,648] INFO doa_rl.advantage: Advantage: policy-mixture reconstruction shapes — pi=(17,), Y_mix=(346,), Y_hat=(346, 286), base_sum=(346,)
[2025-10-03 16:59:40,648] INFO doa_rl.advantage: Advantage: policy-mixture base_sum stats min=-6.294e+05 max=-1.103e+04 mean=-2.275e+05
[2025-10-03 16:59:40,649] INFO doa_rl.advantage: Advantage: IS divergence summary — r_is=-7.038e+04 per_bin=-0.7112 ratio[min=0.0001653 max=2.971 mean=0.367]
[2025-10-03 16:59:40,649] INFO __main__: train_single: rec advantage shape=torch.Size([17])
[2025-10-03 16:59:40,649] INFO __main__: Advantage reconstruction sample 36: mse=2.352e-06 mae=1.029e-03 IS=1.708e+02 ratio[min=0.0282 max=0.966]
[2025-10-03 16:59:40,651] INFO doa_rl.advantage: Advantage: policy-mixture reconstruction shapes — pi=(17,), Y_mix=(346,), Y_hat=(346, 286), base_sum=(346,)
[2025-10-03 16:59:40,651] INFO doa_rl.advantage: Advantage: policy-mixture base_sum stats min=-5.949e+05 max=1.03e+05 mean=-1.649e+05
[2025-10-03 16:59:40,651] INFO doa_rl.advantage: Advantage: IS divergence summary — r_is=-4.655e+04 per_bin=-0.4704 ratio[min=0.0003908 max=4.056 mean=0.5489]
[2025-10-03 16:59:40,652] INFO __main__: train_single: rec advantage shape=torch.Size([17])
[2025-10-03 16:59:40,652] INFO __main__: Advantage reconstruction sample 37: mse=1.858e-06 mae=8.022e-04 IS=9.048e+01 ratio[min=0.131 max=1.28]
[2025-10-03 16:59:40,653] INFO doa_rl.advantage: Advantage: policy-mixture reconstruction shapes — pi=(17,), Y_mix=(346,), Y_hat=(346, 286), base_sum=(346,)
[2025-10-03 16:59:40,653] INFO doa_rl.advantage: Advantage: policy-mixture base_sum stats min=-5.665e+05 max=1.3e+04 mean=-1.913e+05
[2025-10-03 16:59:40,654] INFO doa_rl.advantage: Advantage: IS divergence summary — r_is=-5.323e+04 per_bin=-0.5379 ratio[min=7.436e-05 max=3.703 mean=0.4802]
[2025-10-03 16:59:40,654] INFO __main__: train_single: rec advantage shape=torch.Size([17])
[2025-10-03 16:59:40,654] INFO __main__: Advantage reconstruction sample 38: mse=1.001e-06 mae=7.388e-04 IS=1.084e+02 ratio[min=0.0598 max=1.21]
[2025-10-03 16:59:40,655] INFO doa_rl.advantage: Advantage: policy-mixture reconstruction shapes — pi=(17,), Y_mix=(346,), Y_hat=(346, 286), base_sum=(346,)
[2025-10-03 16:59:40,656] INFO doa_rl.advantage: Advantage: policy-mixture base_sum stats min=-5.931e+05 max=1.135e+05 mean=-1.618e+05
[2025-10-03 16:59:40,656] INFO doa_rl.advantage: Advantage: IS divergence summary — r_is=-4.571e+04 per_bin=-0.462 ratio[min=0.0008246 max=3.934 mean=0.5577]
[2025-10-03 16:59:40,657] INFO __main__: train_single: rec advantage shape=torch.Size([17])
[2025-10-03 16:59:40,657] INFO __main__: Advantage reconstruction sample 39: mse=1.820e-06 mae=7.908e-04 IS=8.848e+01 ratio[min=0.132 max=1.31]
[2025-10-03 16:59:40,658] INFO __main__: train_single: batch 5 input_ids shape=torch.Size([8, 606]) attention_mask shape=torch.Size([8, 606])
[2025-10-03 16:59:40,672] INFO __main__: train_single: logits shape=torch.Size([8, 17]) actions shape=torch.Size([8]) logps shape=torch.Size([8])
[2025-10-03 16:59:40,673] INFO doa_rl.advantage: Advantage: policy-mixture reconstruction shapes — pi=(17,), Y_mix=(346,), Y_hat=(346, 286), base_sum=(346,)
[2025-10-03 16:59:40,673] INFO doa_rl.advantage: Advantage: policy-mixture base_sum stats min=-4.844e+05 max=7.177e+04 mean=-1.413e+05
[2025-10-03 16:59:40,674] INFO doa_rl.advantage: Advantage: IS divergence summary — r_is=-4.357e+04 per_bin=-0.4403 ratio[min=0.000352 max=4.388 mean=0.5958]
[2025-10-03 16:59:40,674] INFO __main__: train_single: rec advantage shape=torch.Size([17])
[2025-10-03 16:59:40,674] INFO __main__: Advantage reconstruction sample 40: mse=1.740e-06 mae=7.534e-04 IS=7.628e+01 ratio[min=0.0786 max=1.29]
[2025-10-03 16:59:40,675] INFO doa_rl.advantage: Advantage: policy-mixture reconstruction shapes — pi=(17,), Y_mix=(346,), Y_hat=(346, 286), base_sum=(346,)
[2025-10-03 16:59:40,675] INFO doa_rl.advantage: Advantage: policy-mixture base_sum stats min=-6.315e+05 max=-1.464e+04 mean=-1.961e+05
[2025-10-03 16:59:40,676] INFO doa_rl.advantage: Advantage: IS divergence summary — r_is=-6.309e+04 per_bin=-0.6376 ratio[min=0.0003914 max=3.185 mean=0.4329]
[2025-10-03 16:59:40,676] INFO __main__: train_single: rec advantage shape=torch.Size([17])
[2025-10-03 16:59:40,677] INFO __main__: Advantage reconstruction sample 41: mse=2.186e-06 mae=9.665e-04 IS=1.513e+02 ratio[min=0.0559 max=0.956]
[2025-10-03 16:59:40,678] INFO doa_rl.advantage: Advantage: policy-mixture reconstruction shapes — pi=(17,), Y_mix=(346,), Y_hat=(346, 286), base_sum=(346,)
[2025-10-03 16:59:40,678] INFO doa_rl.advantage: Advantage: policy-mixture base_sum stats min=-6.628e+05 max=4260 mean=-1.976e+05
[2025-10-03 16:59:40,679] INFO doa_rl.advantage: Advantage: IS divergence summary — r_is=-5.609e+04 per_bin=-0.5668 ratio[min=0.0002101 max=3.098 mean=0.4486]
[2025-10-03 16:59:40,679] INFO __main__: train_single: rec advantage shape=torch.Size([17])
[2025-10-03 16:59:40,679] INFO __main__: Advantage reconstruction sample 42: mse=1.344e-06 mae=8.262e-04 IS=1.226e+02 ratio[min=0.0568 max=1.05]
[2025-10-03 16:59:40,680] INFO doa_rl.advantage: Advantage: policy-mixture reconstruction shapes — pi=(17,), Y_mix=(346,), Y_hat=(346, 286), base_sum=(346,)
[2025-10-03 16:59:40,680] INFO doa_rl.advantage: Advantage: policy-mixture base_sum stats min=-6.05e+05 max=8.502e+04 mean=-1.437e+05
[2025-10-03 16:59:40,681] INFO doa_rl.advantage: Advantage: IS divergence summary — r_is=-4.363e+04 per_bin=-0.4409 ratio[min=0.0008517 max=3.46 mean=0.578]
[2025-10-03 16:59:40,681] INFO __main__: train_single: rec advantage shape=torch.Size([17])
[2025-10-03 16:59:40,681] INFO __main__: Advantage reconstruction sample 43: mse=1.823e-06 mae=7.943e-04 IS=7.950e+01 ratio[min=0.118 max=1.19]
[2025-10-03 16:59:40,683] INFO doa_rl.advantage: Advantage: policy-mixture reconstruction shapes — pi=(17,), Y_mix=(346,), Y_hat=(346, 286), base_sum=(346,)
[2025-10-03 16:59:40,683] INFO doa_rl.advantage: Advantage: policy-mixture base_sum stats min=-5.29e+05 max=6.227e+04 mean=-1.493e+05
[2025-10-03 16:59:40,684] INFO doa_rl.advantage: Advantage: IS divergence summary — r_is=-4.364e+04 per_bin=-0.441 ratio[min=0.0007346 max=3.8 mean=0.5541]
[2025-10-03 16:59:40,684] INFO __main__: train_single: rec advantage shape=torch.Size([17])
[2025-10-03 16:59:40,684] INFO __main__: Advantage reconstruction sample 44: mse=2.141e-06 mae=8.598e-04 IS=8.397e+01 ratio[min=0.105 max=1.14]
[2025-10-03 16:59:40,685] INFO doa_rl.advantage: Advantage: policy-mixture reconstruction shapes — pi=(17,), Y_mix=(346,), Y_hat=(346, 286), base_sum=(346,)
[2025-10-03 16:59:40,685] INFO doa_rl.advantage: Advantage: policy-mixture base_sum stats min=-5.52e+05 max=2.287e+04 mean=-2.101e+05
[2025-10-03 16:59:40,686] INFO doa_rl.advantage: Advantage: IS divergence summary — r_is=-5.818e+04 per_bin=-0.588 ratio[min=0.0002104 max=4.255 mean=0.4337]
[2025-10-03 16:59:40,686] INFO __main__: train_single: rec advantage shape=torch.Size([17])
[2025-10-03 16:59:40,687] INFO __main__: Advantage reconstruction sample 45: mse=1.159e-06 mae=8.105e-04 IS=1.311e+02 ratio[min=0.0942 max=1.3]
[2025-10-03 16:59:40,688] INFO doa_rl.advantage: Advantage: policy-mixture reconstruction shapes — pi=(17,), Y_mix=(346,), Y_hat=(346, 286), base_sum=(346,)
[2025-10-03 16:59:40,688] INFO doa_rl.advantage: Advantage: policy-mixture base_sum stats min=-6.559e+05 max=1.148e+05 mean=-2.039e+05
[2025-10-03 16:59:40,689] INFO doa_rl.advantage: Advantage: IS divergence summary — r_is=-6.011e+04 per_bin=-0.6075 ratio[min=0.0001826 max=3.808 mean=0.4244]
[2025-10-03 16:59:40,689] INFO __main__: train_single: rec advantage shape=torch.Size([17])
[2025-10-03 16:59:40,690] INFO __main__: Advantage reconstruction sample 46: mse=2.029e-06 mae=9.430e-04 IS=1.358e+02 ratio[min=0.0781 max=1.2]
[2025-10-03 16:59:40,691] INFO doa_rl.advantage: Advantage: policy-mixture reconstruction shapes — pi=(17,), Y_mix=(346,), Y_hat=(346, 286), base_sum=(346,)
[2025-10-03 16:59:40,691] INFO doa_rl.advantage: Advantage: policy-mixture base_sum stats min=-6.772e+05 max=-9630 mean=-2.226e+05
[2025-10-03 16:59:40,692] INFO doa_rl.advantage: Advantage: IS divergence summary — r_is=-6.689e+04 per_bin=-0.676 ratio[min=0.0001978 max=2.495 mean=0.3776]
[2025-10-03 16:59:40,692] INFO __main__: train_single: rec advantage shape=torch.Size([17])
[2025-10-03 16:59:40,692] INFO __main__: Advantage reconstruction sample 47: mse=1.773e-06 mae=9.563e-04 IS=1.583e+02 ratio[min=0.0473 max=0.894]
[2025-10-03 16:59:40,693] INFO __main__: train_single: batch 6 input_ids shape=torch.Size([3, 606]) attention_mask shape=torch.Size([3, 606])
[2025-10-03 16:59:41,107] INFO __main__: train_single: logits shape=torch.Size([3, 17]) actions shape=torch.Size([3]) logps shape=torch.Size([3])
[2025-10-03 16:59:41,107] INFO doa_rl.advantage: Advantage: policy-mixture reconstruction shapes — pi=(17,), Y_mix=(346,), Y_hat=(346, 286), base_sum=(346,)
[2025-10-03 16:59:41,107] INFO doa_rl.advantage: Advantage: policy-mixture base_sum stats min=-6.362e+05 max=5.287e+04 mean=-2.14e+05
[2025-10-03 16:59:41,108] INFO doa_rl.advantage: Advantage: IS divergence summary — r_is=-5.933e+04 per_bin=-0.5996 ratio[min=9.558e-05 max=4.269 mean=0.4428]
[2025-10-03 16:59:41,109] INFO __main__: train_single: rec advantage shape=torch.Size([17])
[2025-10-03 16:59:41,109] INFO __main__: Advantage reconstruction sample 48: mse=1.930e-06 mae=8.956e-04 IS=1.367e+02 ratio[min=0.0673 max=1.45]
[2025-10-03 16:59:41,110] INFO doa_rl.advantage: Advantage: policy-mixture reconstruction shapes — pi=(17,), Y_mix=(346,), Y_hat=(346, 286), base_sum=(346,)
[2025-10-03 16:59:41,110] INFO doa_rl.advantage: Advantage: policy-mixture base_sum stats min=-6.494e+05 max=1.731e+05 mean=-1.893e+05
[2025-10-03 16:59:41,111] INFO doa_rl.advantage: Advantage: IS divergence summary — r_is=-5.498e+04 per_bin=-0.5556 ratio[min=0.0003607 max=3.994 mean=0.4653]
[2025-10-03 16:59:41,111] INFO __main__: train_single: rec advantage shape=torch.Size([17])
[2025-10-03 16:59:41,111] INFO __main__: Advantage reconstruction sample 49: mse=1.794e-06 mae=8.745e-04 IS=1.182e+02 ratio[min=0.0872 max=1.31]
[2025-10-03 16:59:41,113] INFO doa_rl.advantage: Advantage: policy-mixture reconstruction shapes — pi=(17,), Y_mix=(346,), Y_hat=(346, 286), base_sum=(346,)
[2025-10-03 16:59:41,113] INFO doa_rl.advantage: Advantage: policy-mixture base_sum stats min=-5.767e+05 max=1.382e+05 mean=-1.69e+05
[2025-10-03 16:59:41,113] INFO doa_rl.advantage: Advantage: IS divergence summary — r_is=-4.559e+04 per_bin=-0.4607 ratio[min=0.0007882 max=4.488 mean=0.5455]
[2025-10-03 16:59:41,114] INFO __main__: train_single: rec advantage shape=torch.Size([17])
[2025-10-03 16:59:41,114] INFO __main__: Advantage reconstruction sample 50: mse=1.902e-06 mae=8.172e-04 IS=9.021e+01 ratio[min=0.112 max=1.45]
[2025-10-03 16:59:44,190] INFO __main__: Epoch 0 summary: {'mode': 'real', 'epoch': 0, 'loss': -0.02628178335726261, 'policy_loss': 0.0019838903099298477, 'entropy': 2.8265674114227295, 'kl': 1.2381485248624813e-05, 'acc_top1': 5.882352941176471, 'adv_sampled_mean': -51894.44194240196, 'adv_sampled_median': -50425.1796875, 'adv_max_mean': -40716.837239583336, 'adv_mean_mean': -52082.87002144608}
[2025-10-03 16:59:44,190] INFO __main__: Advantage reconstruction summary: count=51 mse_mean=1.809e-06 mse_std=3.721e-07 is_mean=1.183e+02 ratio[min,max]=(0.0282, 1.57)
[2025-10-03 16:59:44,290] INFO __main__: Saved patch reconstruction visualization: outputs/advantage_recon/advantage_recon_00_clip_000.png
[2025-10-03 16:59:44,387] INFO __main__: Saved patch reconstruction visualization: outputs/advantage_recon/advantage_recon_01_clip_001.png
[2025-10-03 16:59:44,484] INFO __main__: Saved patch reconstruction visualization: outputs/advantage_recon/advantage_recon_02_clip_001.png
