2025-10-25 16:34:29,821 - __main__ - INFO - ================================================================================
2025-10-25 16:34:29,821 - __main__ - INFO - USM TRAINING
2025-10-25 16:34:29,821 - __main__ - INFO - ================================================================================
2025-10-25 16:34:29,821 - __main__ - INFO - Data root: /Users/sbplab/LDV-data-processed/white_noise_irregularbox_data_no_edge_sync_vad_normalized
2025-10-25 16:34:29,821 - __main__ - INFO - Output path: /Users/sbplab/LDV-data-processed/usm_irregularbox_ldv.pth
2025-10-25 16:34:29,821 - __main__ - INFO - Device: cpu
2025-10-25 16:34:29,821 - __main__ - INFO - Beta divergence: 0.0
2025-10-25 16:34:29,821 - __main__ - INFO - Max iterations: 200
2025-10-25 16:34:29,821 - __main__ - INFO - Atoms per speaker: 50
2025-10-25 16:34:29,821 - __main__ - INFO - Frequency range: 300.0-3000.0 Hz
2025-10-25 16:34:29,821 - __main__ - INFO - Loading training data from: /Users/sbplab/LDV-data-processed/white_noise_irregularbox_data_no_edge_sync_vad_normalized
2025-10-25 16:34:29,822 - __main__ - INFO - Found 37 angle directories
2025-10-25 16:34:30,267 - __main__ - INFO - Loaded 111 spectrograms from 37 angles
2025-10-25 16:34:30,267 - __main__ - INFO - Spectrogram shape example: torch.Size([346, 286])
2025-10-25 16:34:30,267 - __main__ - INFO - Data loading complete in 0.4s
2025-10-25 16:34:30,267 - __main__ - INFO - Moving 111 spectrograms to cpu...
2025-10-25 16:34:30,267 - __main__ - INFO - Starting USM training...
2025-10-25 16:34:30,267 - nmf_localizer.core.usm_trainer - INFO - Training USM with 111 speakers...
2025-10-25 16:34:30,267 - nmf_localizer.core.usm_trainer - INFO - Frequency dimension: 346
2025-10-25 16:34:30,267 - nmf_localizer.core.usm_trainer - INFO - Atoms per speaker: 50
2025-10-25 16:34:30,267 - nmf_localizer.core.usm_trainer - INFO - Training speaker model: input shape torch.Size([346, 286])
2025-10-25 16:34:30,267 - nmf_localizer.core.usm_trainer - INFO - NMF fitting: V shape torch.Size([346, 286]), n_components 50
2025-10-25 16:34:30,267 - nmf_localizer.core.usm_trainer - INFO - Input data statistics: mean=7.98e-04, std=1.05e-03, max=1.68e-02
2025-10-25 16:34:30,489 - numexpr.utils - INFO - Note: NumExpr detected 24 cores but "NUMEXPR_MAX_THREADS" not set, so enforcing safe limit of 8.
2025-10-25 16:34:30,489 - numexpr.utils - INFO - NumExpr defaulting to 8 threads.
/opt/anaconda3/lib/python3.12/site-packages/sklearn/decomposition/_nmf.py:1742: ConvergenceWarning: Maximum number of iterations 1000 reached. Increase it to improve convergence.
  warnings.warn(
2025-10-25 16:34:34,674 - nmf_localizer.core.usm_trainer - INFO - NMF completed: 1000 iterations, final loss: 0.077632
2025-10-25 16:34:34,674 - nmf_localizer.core.usm_trainer - INFO - W non-zero elements: 7995/17300 (46.2%)
2025-10-25 16:34:34,674 - nmf_localizer.core.usm_trainer - INFO - W statistics: min=0.000000, max=0.606774, mean=0.003198
2025-10-25 16:34:34,674 - nmf_localizer.core.usm_trainer - INFO - Speaker 0: W shape torch.Size([346, 50]), loss 0.077632
2025-10-25 16:34:34,674 - nmf_localizer.core.usm_trainer - INFO - Training speaker model: input shape torch.Size([346, 286])
2025-10-25 16:34:34,674 - nmf_localizer.core.usm_trainer - INFO - NMF fitting: V shape torch.Size([346, 286]), n_components 50
2025-10-25 16:34:34,674 - nmf_localizer.core.usm_trainer - INFO - Input data statistics: mean=8.32e-04, std=1.10e-03, max=1.75e-02
/opt/anaconda3/lib/python3.12/site-packages/sklearn/decomposition/_nmf.py:1742: ConvergenceWarning: Maximum number of iterations 1000 reached. Increase it to improve convergence.
  warnings.warn(
2025-10-25 16:34:38,591 - nmf_localizer.core.usm_trainer - INFO - NMF completed: 1000 iterations, final loss: 0.081056
2025-10-25 16:34:38,591 - nmf_localizer.core.usm_trainer - INFO - W non-zero elements: 7984/17300 (46.2%)
2025-10-25 16:34:38,591 - nmf_localizer.core.usm_trainer - INFO - W statistics: min=0.000000, max=0.781259, mean=0.003316
2025-10-25 16:34:38,591 - nmf_localizer.core.usm_trainer - INFO - Speaker 1: W shape torch.Size([346, 50]), loss 0.081056
2025-10-25 16:34:38,591 - nmf_localizer.core.usm_trainer - INFO - Training speaker model: input shape torch.Size([346, 286])
2025-10-25 16:34:38,591 - nmf_localizer.core.usm_trainer - INFO - NMF fitting: V shape torch.Size([346, 286]), n_components 50
2025-10-25 16:34:38,591 - nmf_localizer.core.usm_trainer - INFO - Input data statistics: mean=8.21e-04, std=1.08e-03, max=1.71e-02
/opt/anaconda3/lib/python3.12/site-packages/sklearn/decomposition/_nmf.py:1742: ConvergenceWarning: Maximum number of iterations 1000 reached. Increase it to improve convergence.
  warnings.warn(
2025-10-25 16:34:42,125 - nmf_localizer.core.usm_trainer - INFO - NMF completed: 1000 iterations, final loss: 0.079957
2025-10-25 16:34:42,125 - nmf_localizer.core.usm_trainer - INFO - W non-zero elements: 7877/17300 (45.5%)
2025-10-25 16:34:42,125 - nmf_localizer.core.usm_trainer - INFO - W statistics: min=0.000000, max=0.678727, mean=0.003005
2025-10-25 16:34:42,125 - nmf_localizer.core.usm_trainer - INFO - Speaker 2: W shape torch.Size([346, 50]), loss 0.079957
2025-10-25 16:34:42,125 - nmf_localizer.core.usm_trainer - INFO - Training speaker model: input shape torch.Size([346, 286])
2025-10-25 16:34:42,125 - nmf_localizer.core.usm_trainer - INFO - NMF fitting: V shape torch.Size([346, 286]), n_components 50
2025-10-25 16:34:42,126 - nmf_localizer.core.usm_trainer - INFO - Input data statistics: mean=6.34e-04, std=8.88e-04, max=1.01e-02
/opt/anaconda3/lib/python3.12/site-packages/sklearn/decomposition/_nmf.py:1742: ConvergenceWarning: Maximum number of iterations 1000 reached. Increase it to improve convergence.
  warnings.warn(
2025-10-25 16:34:45,377 - nmf_localizer.core.usm_trainer - INFO - NMF completed: 1000 iterations, final loss: 0.061006
2025-10-25 16:34:45,377 - nmf_localizer.core.usm_trainer - INFO - W non-zero elements: 7754/17300 (44.8%)
2025-10-25 16:34:45,377 - nmf_localizer.core.usm_trainer - INFO - W statistics: min=0.000000, max=0.369119, mean=0.002768
2025-10-25 16:34:45,377 - nmf_localizer.core.usm_trainer - INFO - Speaker 3: W shape torch.Size([346, 50]), loss 0.061006
2025-10-25 16:34:45,377 - nmf_localizer.core.usm_trainer - INFO - Training speaker model: input shape torch.Size([346, 286])
2025-10-25 16:34:45,377 - nmf_localizer.core.usm_trainer - INFO - NMF fitting: V shape torch.Size([346, 286]), n_components 50
2025-10-25 16:34:45,378 - nmf_localizer.core.usm_trainer - INFO - Input data statistics: mean=7.82e-04, std=1.10e-03, max=1.25e-02
/opt/anaconda3/lib/python3.12/site-packages/sklearn/decomposition/_nmf.py:1742: ConvergenceWarning: Maximum number of iterations 1000 reached. Increase it to improve convergence.
  warnings.warn(
2025-10-25 16:34:49,236 - nmf_localizer.core.usm_trainer - INFO - NMF completed: 1000 iterations, final loss: 0.075637
2025-10-25 16:34:49,236 - nmf_localizer.core.usm_trainer - INFO - W non-zero elements: 7778/17300 (45.0%)
2025-10-25 16:34:49,236 - nmf_localizer.core.usm_trainer - INFO - W statistics: min=0.000000, max=0.460437, mean=0.003017
2025-10-25 16:34:49,237 - nmf_localizer.core.usm_trainer - INFO - Speaker 4: W shape torch.Size([346, 50]), loss 0.075637
2025-10-25 16:34:49,237 - nmf_localizer.core.usm_trainer - INFO - Training speaker model: input shape torch.Size([346, 286])
2025-10-25 16:34:49,237 - nmf_localizer.core.usm_trainer - INFO - NMF fitting: V shape torch.Size([346, 286]), n_components 50
2025-10-25 16:34:49,237 - nmf_localizer.core.usm_trainer - INFO - Input data statistics: mean=7.79e-04, std=1.09e-03, max=1.27e-02
/opt/anaconda3/lib/python3.12/site-packages/sklearn/decomposition/_nmf.py:1742: ConvergenceWarning: Maximum number of iterations 1000 reached. Increase it to improve convergence.
  warnings.warn(
2025-10-25 16:34:52,710 - nmf_localizer.core.usm_trainer - INFO - NMF completed: 1000 iterations, final loss: 0.075147
2025-10-25 16:34:52,710 - nmf_localizer.core.usm_trainer - INFO - W non-zero elements: 7463/17300 (43.1%)
2025-10-25 16:34:52,710 - nmf_localizer.core.usm_trainer - INFO - W statistics: min=0.000000, max=0.506420, mean=0.002993
2025-10-25 16:34:52,711 - nmf_localizer.core.usm_trainer - INFO - Speaker 5: W shape torch.Size([346, 50]), loss 0.075147
2025-10-25 16:34:52,711 - nmf_localizer.core.usm_trainer - INFO - Training speaker model: input shape torch.Size([346, 286])
2025-10-25 16:34:52,711 - nmf_localizer.core.usm_trainer - INFO - NMF fitting: V shape torch.Size([346, 286]), n_components 50
2025-10-25 16:34:52,711 - nmf_localizer.core.usm_trainer - INFO - Input data statistics: mean=7.37e-04, std=1.44e-03, max=1.86e-02
/opt/anaconda3/lib/python3.12/site-packages/sklearn/decomposition/_nmf.py:1742: ConvergenceWarning: Maximum number of iterations 1000 reached. Increase it to improve convergence.
  warnings.warn(
2025-10-25 16:34:56,472 - nmf_localizer.core.usm_trainer - INFO - NMF completed: 1000 iterations, final loss: 0.048436
2025-10-25 16:34:56,472 - nmf_localizer.core.usm_trainer - INFO - W non-zero elements: 7235/17300 (41.8%)
2025-10-25 16:34:56,472 - nmf_localizer.core.usm_trainer - INFO - W statistics: min=0.000000, max=0.979908, mean=0.003102
2025-10-25 16:34:56,472 - nmf_localizer.core.usm_trainer - INFO - Speaker 6: W shape torch.Size([346, 50]), loss 0.048436
2025-10-25 16:34:56,472 - nmf_localizer.core.usm_trainer - INFO - Training speaker model: input shape torch.Size([346, 286])
2025-10-25 16:34:56,472 - nmf_localizer.core.usm_trainer - INFO - NMF fitting: V shape torch.Size([346, 286]), n_components 50
2025-10-25 16:34:56,473 - nmf_localizer.core.usm_trainer - INFO - Input data statistics: mean=7.69e-04, std=1.50e-03, max=1.88e-02
/opt/anaconda3/lib/python3.12/site-packages/sklearn/decomposition/_nmf.py:1742: ConvergenceWarning: Maximum number of iterations 1000 reached. Increase it to improve convergence.
  warnings.warn(
2025-10-25 16:34:59,610 - nmf_localizer.core.usm_trainer - INFO - NMF completed: 1000 iterations, final loss: 0.050480
2025-10-25 16:34:59,610 - nmf_localizer.core.usm_trainer - INFO - W non-zero elements: 7236/17300 (41.8%)
2025-10-25 16:34:59,610 - nmf_localizer.core.usm_trainer - INFO - W statistics: min=0.000000, max=1.372284, mean=0.002901
2025-10-25 16:34:59,610 - nmf_localizer.core.usm_trainer - INFO - Speaker 7: W shape torch.Size([346, 50]), loss 0.050480
2025-10-25 16:34:59,610 - nmf_localizer.core.usm_trainer - INFO - Training speaker model: input shape torch.Size([346, 286])
2025-10-25 16:34:59,610 - nmf_localizer.core.usm_trainer - INFO - NMF fitting: V shape torch.Size([346, 286]), n_components 50
2025-10-25 16:34:59,610 - nmf_localizer.core.usm_trainer - INFO - Input data statistics: mean=7.62e-04, std=1.49e-03, max=1.92e-02
/opt/anaconda3/lib/python3.12/site-packages/sklearn/decomposition/_nmf.py:1742: ConvergenceWarning: Maximum number of iterations 1000 reached. Increase it to improve convergence.
  warnings.warn(
2025-10-25 16:35:03,639 - nmf_localizer.core.usm_trainer - INFO - NMF completed: 1000 iterations, final loss: 0.050043
2025-10-25 16:35:03,639 - nmf_localizer.core.usm_trainer - INFO - W non-zero elements: 7146/17300 (41.3%)
2025-10-25 16:35:03,639 - nmf_localizer.core.usm_trainer - INFO - W statistics: min=0.000000, max=0.969413, mean=0.002889
2025-10-25 16:35:03,639 - nmf_localizer.core.usm_trainer - INFO - Speaker 8: W shape torch.Size([346, 50]), loss 0.050043
2025-10-25 16:35:03,639 - nmf_localizer.core.usm_trainer - INFO - Training speaker model: input shape torch.Size([346, 286])
2025-10-25 16:35:03,639 - nmf_localizer.core.usm_trainer - INFO - NMF fitting: V shape torch.Size([346, 286]), n_components 50
2025-10-25 16:35:03,639 - nmf_localizer.core.usm_trainer - INFO - Input data statistics: mean=6.85e-04, std=1.35e-03, max=1.75e-02
/opt/anaconda3/lib/python3.12/site-packages/sklearn/decomposition/_nmf.py:1742: ConvergenceWarning: Maximum number of iterations 1000 reached. Increase it to improve convergence.
  warnings.warn(
2025-10-25 16:35:07,272 - nmf_localizer.core.usm_trainer - INFO - NMF completed: 1000 iterations, final loss: 0.044806
2025-10-25 16:35:07,273 - nmf_localizer.core.usm_trainer - INFO - W non-zero elements: 7374/17300 (42.6%)
2025-10-25 16:35:07,273 - nmf_localizer.core.usm_trainer - INFO - W statistics: min=0.000000, max=0.798963, mean=0.002866
2025-10-25 16:35:07,273 - nmf_localizer.core.usm_trainer - INFO - Speaker 9: W shape torch.Size([346, 50]), loss 0.044806
2025-10-25 16:35:07,273 - nmf_localizer.core.usm_trainer - INFO - Training speaker model: input shape torch.Size([346, 286])
2025-10-25 16:35:07,273 - nmf_localizer.core.usm_trainer - INFO - NMF fitting: V shape torch.Size([346, 286]), n_components 50
2025-10-25 16:35:07,273 - nmf_localizer.core.usm_trainer - INFO - Input data statistics: mean=6.46e-04, std=1.27e-03, max=1.67e-02
/opt/anaconda3/lib/python3.12/site-packages/sklearn/decomposition/_nmf.py:1742: ConvergenceWarning: Maximum number of iterations 1000 reached. Increase it to improve convergence.
  warnings.warn(
2025-10-25 16:35:11,024 - nmf_localizer.core.usm_trainer - INFO - NMF completed: 1000 iterations, final loss: 0.042229
2025-10-25 16:35:11,024 - nmf_localizer.core.usm_trainer - INFO - W non-zero elements: 7391/17300 (42.7%)
2025-10-25 16:35:11,025 - nmf_localizer.core.usm_trainer - INFO - W statistics: min=0.000000, max=1.405053, mean=0.002800
2025-10-25 16:35:11,025 - nmf_localizer.core.usm_trainer - INFO - Speaker 10: W shape torch.Size([346, 50]), loss 0.042229
2025-10-25 16:35:11,025 - nmf_localizer.core.usm_trainer - INFO - Training speaker model: input shape torch.Size([346, 286])
2025-10-25 16:35:11,025 - nmf_localizer.core.usm_trainer - INFO - NMF fitting: V shape torch.Size([346, 286]), n_components 50
2025-10-25 16:35:11,025 - nmf_localizer.core.usm_trainer - INFO - Input data statistics: mean=5.99e-04, std=1.18e-03, max=1.58e-02
/opt/anaconda3/lib/python3.12/site-packages/sklearn/decomposition/_nmf.py:1742: ConvergenceWarning: Maximum number of iterations 1000 reached. Increase it to improve convergence.
  warnings.warn(
2025-10-25 16:35:14,271 - nmf_localizer.core.usm_trainer - INFO - NMF completed: 1000 iterations, final loss: 0.039549
2025-10-25 16:35:14,271 - nmf_localizer.core.usm_trainer - INFO - W non-zero elements: 7413/17300 (42.8%)
2025-10-25 16:35:14,271 - nmf_localizer.core.usm_trainer - INFO - W statistics: min=0.000000, max=0.685751, mean=0.002431
2025-10-25 16:35:14,271 - nmf_localizer.core.usm_trainer - INFO - Speaker 11: W shape torch.Size([346, 50]), loss 0.039549
2025-10-25 16:35:14,271 - nmf_localizer.core.usm_trainer - INFO - Training speaker model: input shape torch.Size([346, 286])
2025-10-25 16:35:14,271 - nmf_localizer.core.usm_trainer - INFO - NMF fitting: V shape torch.Size([346, 286]), n_components 50
2025-10-25 16:35:14,271 - nmf_localizer.core.usm_trainer - INFO - Input data statistics: mean=7.21e-04, std=1.39e-03, max=1.74e-02
/opt/anaconda3/lib/python3.12/site-packages/sklearn/decomposition/_nmf.py:1742: ConvergenceWarning: Maximum number of iterations 1000 reached. Increase it to improve convergence.
  warnings.warn(
2025-10-25 16:35:17,903 - nmf_localizer.core.usm_trainer - INFO - NMF completed: 1000 iterations, final loss: 0.049560
2025-10-25 16:35:17,903 - nmf_localizer.core.usm_trainer - INFO - W non-zero elements: 7396/17300 (42.8%)
2025-10-25 16:35:17,903 - nmf_localizer.core.usm_trainer - INFO - W statistics: min=0.000000, max=0.865928, mean=0.002983
2025-10-25 16:35:17,903 - nmf_localizer.core.usm_trainer - INFO - Speaker 12: W shape torch.Size([346, 50]), loss 0.049560
2025-10-25 16:35:17,903 - nmf_localizer.core.usm_trainer - INFO - Training speaker model: input shape torch.Size([346, 286])
2025-10-25 16:35:17,903 - nmf_localizer.core.usm_trainer - INFO - NMF fitting: V shape torch.Size([346, 286]), n_components 50
2025-10-25 16:35:17,903 - nmf_localizer.core.usm_trainer - INFO - Input data statistics: mean=6.99e-04, std=1.35e-03, max=1.75e-02
/opt/anaconda3/lib/python3.12/site-packages/sklearn/decomposition/_nmf.py:1742: ConvergenceWarning: Maximum number of iterations 1000 reached. Increase it to improve convergence.
  warnings.warn(
2025-10-25 16:35:21,418 - nmf_localizer.core.usm_trainer - INFO - NMF completed: 1000 iterations, final loss: 0.047753
2025-10-25 16:35:21,418 - nmf_localizer.core.usm_trainer - INFO - W non-zero elements: 7401/17300 (42.8%)
2025-10-25 16:35:21,418 - nmf_localizer.core.usm_trainer - INFO - W statistics: min=0.000000, max=0.795278, mean=0.002885
2025-10-25 16:35:21,418 - nmf_localizer.core.usm_trainer - INFO - Speaker 13: W shape torch.Size([346, 50]), loss 0.047753
2025-10-25 16:35:21,418 - nmf_localizer.core.usm_trainer - INFO - Training speaker model: input shape torch.Size([346, 286])
2025-10-25 16:35:21,418 - nmf_localizer.core.usm_trainer - INFO - NMF fitting: V shape torch.Size([346, 286]), n_components 50
2025-10-25 16:35:21,419 - nmf_localizer.core.usm_trainer - INFO - Input data statistics: mean=6.71e-04, std=1.29e-03, max=1.73e-02
/opt/anaconda3/lib/python3.12/site-packages/sklearn/decomposition/_nmf.py:1742: ConvergenceWarning: Maximum number of iterations 1000 reached. Increase it to improve convergence.
  warnings.warn(
2025-10-25 16:35:24,974 - nmf_localizer.core.usm_trainer - INFO - NMF completed: 1000 iterations, final loss: 0.045811
2025-10-25 16:35:24,974 - nmf_localizer.core.usm_trainer - INFO - W non-zero elements: 7361/17300 (42.5%)
2025-10-25 16:35:24,974 - nmf_localizer.core.usm_trainer - INFO - W statistics: min=0.000000, max=0.828939, mean=0.003395
2025-10-25 16:35:24,974 - nmf_localizer.core.usm_trainer - INFO - Speaker 14: W shape torch.Size([346, 50]), loss 0.045811
2025-10-25 16:35:24,974 - nmf_localizer.core.usm_trainer - INFO - Training speaker model: input shape torch.Size([346, 286])
2025-10-25 16:35:24,974 - nmf_localizer.core.usm_trainer - INFO - NMF fitting: V shape torch.Size([346, 286]), n_components 50
2025-10-25 16:35:24,975 - nmf_localizer.core.usm_trainer - INFO - Input data statistics: mean=6.19e-04, std=9.66e-04, max=1.28e-02
/opt/anaconda3/lib/python3.12/site-packages/sklearn/decomposition/_nmf.py:1742: ConvergenceWarning: Maximum number of iterations 1000 reached. Increase it to improve convergence.
  warnings.warn(
2025-10-25 16:35:28,022 - nmf_localizer.core.usm_trainer - INFO - NMF completed: 1000 iterations, final loss: 0.053066
2025-10-25 16:35:28,022 - nmf_localizer.core.usm_trainer - INFO - W non-zero elements: 7192/17300 (41.6%)
2025-10-25 16:35:28,022 - nmf_localizer.core.usm_trainer - INFO - W statistics: min=0.000000, max=0.469254, mean=0.002571
2025-10-25 16:35:28,022 - nmf_localizer.core.usm_trainer - INFO - Speaker 15: W shape torch.Size([346, 50]), loss 0.053066
2025-10-25 16:35:28,022 - nmf_localizer.core.usm_trainer - INFO - Training speaker model: input shape torch.Size([346, 286])
2025-10-25 16:35:28,022 - nmf_localizer.core.usm_trainer - INFO - NMF fitting: V shape torch.Size([346, 286]), n_components 50
2025-10-25 16:35:28,022 - nmf_localizer.core.usm_trainer - INFO - Input data statistics: mean=6.60e-04, std=1.05e-03, max=1.42e-02
/opt/anaconda3/lib/python3.12/site-packages/sklearn/decomposition/_nmf.py:1742: ConvergenceWarning: Maximum number of iterations 1000 reached. Increase it to improve convergence.
  warnings.warn(
2025-10-25 16:35:31,464 - nmf_localizer.core.usm_trainer - INFO - NMF completed: 1000 iterations, final loss: 0.056204
2025-10-25 16:35:31,464 - nmf_localizer.core.usm_trainer - INFO - W non-zero elements: 7306/17300 (42.2%)
2025-10-25 16:35:31,464 - nmf_localizer.core.usm_trainer - INFO - W statistics: min=0.000000, max=0.753169, mean=0.002849
2025-10-25 16:35:31,465 - nmf_localizer.core.usm_trainer - INFO - Speaker 16: W shape torch.Size([346, 50]), loss 0.056204
2025-10-25 16:35:31,465 - nmf_localizer.core.usm_trainer - INFO - Training speaker model: input shape torch.Size([346, 286])
2025-10-25 16:35:31,465 - nmf_localizer.core.usm_trainer - INFO - NMF fitting: V shape torch.Size([346, 286]), n_components 50
2025-10-25 16:35:31,465 - nmf_localizer.core.usm_trainer - INFO - Input data statistics: mean=6.42e-04, std=1.01e-03, max=1.37e-02
/opt/anaconda3/lib/python3.12/site-packages/sklearn/decomposition/_nmf.py:1742: ConvergenceWarning: Maximum number of iterations 1000 reached. Increase it to improve convergence.
  warnings.warn(
2025-10-25 16:35:34,674 - nmf_localizer.core.usm_trainer - INFO - NMF completed: 1000 iterations, final loss: 0.055002
2025-10-25 16:35:34,674 - nmf_localizer.core.usm_trainer - INFO - W non-zero elements: 7277/17300 (42.1%)
2025-10-25 16:35:34,675 - nmf_localizer.core.usm_trainer - INFO - W statistics: min=0.000000, max=0.827641, mean=0.002806
2025-10-25 16:35:34,675 - nmf_localizer.core.usm_trainer - INFO - Speaker 17: W shape torch.Size([346, 50]), loss 0.055002
2025-10-25 16:35:34,675 - nmf_localizer.core.usm_trainer - INFO - Training speaker model: input shape torch.Size([346, 286])
2025-10-25 16:35:34,675 - nmf_localizer.core.usm_trainer - INFO - NMF fitting: V shape torch.Size([346, 286]), n_components 50
2025-10-25 16:35:34,675 - nmf_localizer.core.usm_trainer - INFO - Input data statistics: mean=8.11e-04, std=1.33e-03, max=2.06e-02
/opt/anaconda3/lib/python3.12/site-packages/sklearn/decomposition/_nmf.py:1742: ConvergenceWarning: Maximum number of iterations 1000 reached. Increase it to improve convergence.
  warnings.warn(
2025-10-25 16:35:38,217 - nmf_localizer.core.usm_trainer - INFO - NMF completed: 1000 iterations, final loss: 0.067114
2025-10-25 16:35:38,217 - nmf_localizer.core.usm_trainer - INFO - W non-zero elements: 7375/17300 (42.6%)
2025-10-25 16:35:38,217 - nmf_localizer.core.usm_trainer - INFO - W statistics: min=0.000000, max=0.908417, mean=0.003096
2025-10-25 16:35:38,217 - nmf_localizer.core.usm_trainer - INFO - Speaker 18: W shape torch.Size([346, 50]), loss 0.067114
2025-10-25 16:35:38,217 - nmf_localizer.core.usm_trainer - INFO - Training speaker model: input shape torch.Size([346, 286])
2025-10-25 16:35:38,217 - nmf_localizer.core.usm_trainer - INFO - NMF fitting: V shape torch.Size([346, 286]), n_components 50
2025-10-25 16:35:38,218 - nmf_localizer.core.usm_trainer - INFO - Input data statistics: mean=8.08e-04, std=1.32e-03, max=2.11e-02
/opt/anaconda3/lib/python3.12/site-packages/sklearn/decomposition/_nmf.py:1742: ConvergenceWarning: Maximum number of iterations 1000 reached. Increase it to improve convergence.
  warnings.warn(
2025-10-25 16:35:41,286 - nmf_localizer.core.usm_trainer - INFO - NMF completed: 1000 iterations, final loss: 0.066689
2025-10-25 16:35:41,286 - nmf_localizer.core.usm_trainer - INFO - W non-zero elements: 7339/17300 (42.4%)
2025-10-25 16:35:41,286 - nmf_localizer.core.usm_trainer - INFO - W statistics: min=0.000000, max=0.817615, mean=0.003256
2025-10-25 16:35:41,286 - nmf_localizer.core.usm_trainer - INFO - Speaker 19: W shape torch.Size([346, 50]), loss 0.066689
2025-10-25 16:35:41,286 - nmf_localizer.core.usm_trainer - INFO - Training speaker model: input shape torch.Size([346, 286])
2025-10-25 16:35:41,286 - nmf_localizer.core.usm_trainer - INFO - NMF fitting: V shape torch.Size([346, 286]), n_components 50
2025-10-25 16:35:41,286 - nmf_localizer.core.usm_trainer - INFO - Input data statistics: mean=8.67e-04, std=1.41e-03, max=2.28e-02
/opt/anaconda3/lib/python3.12/site-packages/sklearn/decomposition/_nmf.py:1742: ConvergenceWarning: Maximum number of iterations 1000 reached. Increase it to improve convergence.
  warnings.warn(
2025-10-25 16:35:45,017 - nmf_localizer.core.usm_trainer - INFO - NMF completed: 1000 iterations, final loss: 0.071367
2025-10-25 16:35:45,018 - nmf_localizer.core.usm_trainer - INFO - W non-zero elements: 7406/17300 (42.8%)
2025-10-25 16:35:45,018 - nmf_localizer.core.usm_trainer - INFO - W statistics: min=0.000000, max=0.910080, mean=0.003113
2025-10-25 16:35:45,018 - nmf_localizer.core.usm_trainer - INFO - Speaker 20: W shape torch.Size([346, 50]), loss 0.071367
2025-10-25 16:35:45,018 - nmf_localizer.core.usm_trainer - INFO - Training speaker model: input shape torch.Size([346, 286])
2025-10-25 16:35:45,018 - nmf_localizer.core.usm_trainer - INFO - NMF fitting: V shape torch.Size([346, 286]), n_components 50
2025-10-25 16:35:45,018 - nmf_localizer.core.usm_trainer - INFO - Input data statistics: mean=7.17e-04, std=1.10e-03, max=1.86e-02
/opt/anaconda3/lib/python3.12/site-packages/sklearn/decomposition/_nmf.py:1742: ConvergenceWarning: Maximum number of iterations 1000 reached. Increase it to improve convergence.
  warnings.warn(
2025-10-25 16:35:48,604 - nmf_localizer.core.usm_trainer - INFO - NMF completed: 1000 iterations, final loss: 0.061623
2025-10-25 16:35:48,604 - nmf_localizer.core.usm_trainer - INFO - W non-zero elements: 7514/17300 (43.4%)
2025-10-25 16:35:48,604 - nmf_localizer.core.usm_trainer - INFO - W statistics: min=0.000000, max=0.698463, mean=0.003055
2025-10-25 16:35:48,604 - nmf_localizer.core.usm_trainer - INFO - Speaker 21: W shape torch.Size([346, 50]), loss 0.061623
2025-10-25 16:35:48,604 - nmf_localizer.core.usm_trainer - INFO - Training speaker model: input shape torch.Size([346, 286])
2025-10-25 16:35:48,604 - nmf_localizer.core.usm_trainer - INFO - NMF fitting: V shape torch.Size([346, 286]), n_components 50
2025-10-25 16:35:48,604 - nmf_localizer.core.usm_trainer - INFO - Input data statistics: mean=7.93e-04, std=1.22e-03, max=2.05e-02
/opt/anaconda3/lib/python3.12/site-packages/sklearn/decomposition/_nmf.py:1742: ConvergenceWarning: Maximum number of iterations 1000 reached. Increase it to improve convergence.
  warnings.warn(
2025-10-25 16:35:52,178 - nmf_localizer.core.usm_trainer - INFO - NMF completed: 1000 iterations, final loss: 0.068657
2025-10-25 16:35:52,179 - nmf_localizer.core.usm_trainer - INFO - W non-zero elements: 7554/17300 (43.7%)
2025-10-25 16:35:52,179 - nmf_localizer.core.usm_trainer - INFO - W statistics: min=0.000000, max=0.701659, mean=0.003054
2025-10-25 16:35:52,179 - nmf_localizer.core.usm_trainer - INFO - Speaker 22: W shape torch.Size([346, 50]), loss 0.068657
2025-10-25 16:35:52,179 - nmf_localizer.core.usm_trainer - INFO - Training speaker model: input shape torch.Size([346, 286])
2025-10-25 16:35:52,179 - nmf_localizer.core.usm_trainer - INFO - NMF fitting: V shape torch.Size([346, 286]), n_components 50
2025-10-25 16:35:52,180 - nmf_localizer.core.usm_trainer - INFO - Input data statistics: mean=7.64e-04, std=1.17e-03, max=1.91e-02
/opt/anaconda3/lib/python3.12/site-packages/sklearn/decomposition/_nmf.py:1742: ConvergenceWarning: Maximum number of iterations 1000 reached. Increase it to improve convergence.
  warnings.warn(
2025-10-25 16:35:55,166 - nmf_localizer.core.usm_trainer - INFO - NMF completed: 1000 iterations, final loss: 0.065988
2025-10-25 16:35:55,166 - nmf_localizer.core.usm_trainer - INFO - W non-zero elements: 7591/17300 (43.9%)
2025-10-25 16:35:55,166 - nmf_localizer.core.usm_trainer - INFO - W statistics: min=0.000000, max=0.690923, mean=0.003102
2025-10-25 16:35:55,166 - nmf_localizer.core.usm_trainer - INFO - Speaker 23: W shape torch.Size([346, 50]), loss 0.065988
2025-10-25 16:35:55,166 - nmf_localizer.core.usm_trainer - INFO - Training speaker model: input shape torch.Size([346, 286])
2025-10-25 16:35:55,166 - nmf_localizer.core.usm_trainer - INFO - NMF fitting: V shape torch.Size([346, 286]), n_components 50
2025-10-25 16:35:55,167 - nmf_localizer.core.usm_trainer - INFO - Input data statistics: mean=8.98e-04, std=1.40e-03, max=1.81e-02
/opt/anaconda3/lib/python3.12/site-packages/sklearn/decomposition/_nmf.py:1742: ConvergenceWarning: Maximum number of iterations 1000 reached. Increase it to improve convergence.
  warnings.warn(
2025-10-25 16:35:58,780 - nmf_localizer.core.usm_trainer - INFO - NMF completed: 1000 iterations, final loss: 0.075523
2025-10-25 16:35:58,780 - nmf_localizer.core.usm_trainer - INFO - W non-zero elements: 7525/17300 (43.5%)
2025-10-25 16:35:58,780 - nmf_localizer.core.usm_trainer - INFO - W statistics: min=0.000000, max=0.916378, mean=0.003347
2025-10-25 16:35:58,780 - nmf_localizer.core.usm_trainer - INFO - Speaker 24: W shape torch.Size([346, 50]), loss 0.075523
2025-10-25 16:35:58,780 - nmf_localizer.core.usm_trainer - INFO - Training speaker model: input shape torch.Size([346, 286])
2025-10-25 16:35:58,780 - nmf_localizer.core.usm_trainer - INFO - NMF fitting: V shape torch.Size([346, 286]), n_components 50
2025-10-25 16:35:58,780 - nmf_localizer.core.usm_trainer - INFO - Input data statistics: mean=8.04e-04, std=1.26e-03, max=1.66e-02
/opt/anaconda3/lib/python3.12/site-packages/sklearn/decomposition/_nmf.py:1742: ConvergenceWarning: Maximum number of iterations 1000 reached. Increase it to improve convergence.
  warnings.warn(
2025-10-25 16:36:02,160 - nmf_localizer.core.usm_trainer - INFO - NMF completed: 1000 iterations, final loss: 0.067794
2025-10-25 16:36:02,160 - nmf_localizer.core.usm_trainer - INFO - W non-zero elements: 7655/17300 (44.2%)
2025-10-25 16:36:02,160 - nmf_localizer.core.usm_trainer - INFO - W statistics: min=0.000000, max=0.542690, mean=0.003007
2025-10-25 16:36:02,160 - nmf_localizer.core.usm_trainer - INFO - Speaker 25: W shape torch.Size([346, 50]), loss 0.067794
2025-10-25 16:36:02,160 - nmf_localizer.core.usm_trainer - INFO - Training speaker model: input shape torch.Size([346, 286])
2025-10-25 16:36:02,160 - nmf_localizer.core.usm_trainer - INFO - NMF fitting: V shape torch.Size([346, 286]), n_components 50
2025-10-25 16:36:02,160 - nmf_localizer.core.usm_trainer - INFO - Input data statistics: mean=7.50e-04, std=1.17e-03, max=1.63e-02
/opt/anaconda3/lib/python3.12/site-packages/sklearn/decomposition/_nmf.py:1742: ConvergenceWarning: Maximum number of iterations 1000 reached. Increase it to improve convergence.
  warnings.warn(
2025-10-25 16:36:05,519 - nmf_localizer.core.usm_trainer - INFO - NMF completed: 1000 iterations, final loss: 0.062871
2025-10-25 16:36:05,519 - nmf_localizer.core.usm_trainer - INFO - W non-zero elements: 7625/17300 (44.1%)
2025-10-25 16:36:05,519 - nmf_localizer.core.usm_trainer - INFO - W statistics: min=0.000000, max=0.554933, mean=0.002882
2025-10-25 16:36:05,519 - nmf_localizer.core.usm_trainer - INFO - Speaker 26: W shape torch.Size([346, 50]), loss 0.062871
2025-10-25 16:36:05,519 - nmf_localizer.core.usm_trainer - INFO - Training speaker model: input shape torch.Size([346, 286])
2025-10-25 16:36:05,519 - nmf_localizer.core.usm_trainer - INFO - NMF fitting: V shape torch.Size([346, 286]), n_components 50
2025-10-25 16:36:05,519 - nmf_localizer.core.usm_trainer - INFO - Input data statistics: mean=8.00e-04, std=1.17e-03, max=1.68e-02
/opt/anaconda3/lib/python3.12/site-packages/sklearn/decomposition/_nmf.py:1742: ConvergenceWarning: Maximum number of iterations 1000 reached. Increase it to improve convergence.
  warnings.warn(
2025-10-25 16:36:09,275 - nmf_localizer.core.usm_trainer - INFO - NMF completed: 1000 iterations, final loss: 0.071089
2025-10-25 16:36:09,275 - nmf_localizer.core.usm_trainer - INFO - W non-zero elements: 7696/17300 (44.5%)
2025-10-25 16:36:09,276 - nmf_localizer.core.usm_trainer - INFO - W statistics: min=0.000000, max=0.536264, mean=0.002906
2025-10-25 16:36:09,276 - nmf_localizer.core.usm_trainer - INFO - Speaker 27: W shape torch.Size([346, 50]), loss 0.071089
2025-10-25 16:36:09,276 - nmf_localizer.core.usm_trainer - INFO - Training speaker model: input shape torch.Size([346, 286])
2025-10-25 16:36:09,276 - nmf_localizer.core.usm_trainer - INFO - NMF fitting: V shape torch.Size([346, 286]), n_components 50
2025-10-25 16:36:09,276 - nmf_localizer.core.usm_trainer - INFO - Input data statistics: mean=7.67e-04, std=1.12e-03, max=1.59e-02
/opt/anaconda3/lib/python3.12/site-packages/sklearn/decomposition/_nmf.py:1742: ConvergenceWarning: Maximum number of iterations 1000 reached. Increase it to improve convergence.
  warnings.warn(
2025-10-25 16:36:13,005 - nmf_localizer.core.usm_trainer - INFO - NMF completed: 1000 iterations, final loss: 0.067964
2025-10-25 16:36:13,005 - nmf_localizer.core.usm_trainer - INFO - W non-zero elements: 7581/17300 (43.8%)
2025-10-25 16:36:13,005 - nmf_localizer.core.usm_trainer - INFO - W statistics: min=0.000000, max=0.748648, mean=0.002920
2025-10-25 16:36:13,005 - nmf_localizer.core.usm_trainer - INFO - Speaker 28: W shape torch.Size([346, 50]), loss 0.067964
2025-10-25 16:36:13,005 - nmf_localizer.core.usm_trainer - INFO - Training speaker model: input shape torch.Size([346, 286])
2025-10-25 16:36:13,005 - nmf_localizer.core.usm_trainer - INFO - NMF fitting: V shape torch.Size([346, 286]), n_components 50
2025-10-25 16:36:13,006 - nmf_localizer.core.usm_trainer - INFO - Input data statistics: mean=7.95e-04, std=1.16e-03, max=1.68e-02
/opt/anaconda3/lib/python3.12/site-packages/sklearn/decomposition/_nmf.py:1742: ConvergenceWarning: Maximum number of iterations 1000 reached. Increase it to improve convergence.
  warnings.warn(
2025-10-25 16:36:16,427 - nmf_localizer.core.usm_trainer - INFO - NMF completed: 1000 iterations, final loss: 0.070661
2025-10-25 16:36:16,427 - nmf_localizer.core.usm_trainer - INFO - W non-zero elements: 7688/17300 (44.4%)
2025-10-25 16:36:16,427 - nmf_localizer.core.usm_trainer - INFO - W statistics: min=0.000000, max=0.620128, mean=0.003143
2025-10-25 16:36:16,427 - nmf_localizer.core.usm_trainer - INFO - Speaker 29: W shape torch.Size([346, 50]), loss 0.070661
2025-10-25 16:36:16,427 - nmf_localizer.core.usm_trainer - INFO - Training speaker model: input shape torch.Size([346, 286])
2025-10-25 16:36:16,427 - nmf_localizer.core.usm_trainer - INFO - NMF fitting: V shape torch.Size([346, 286]), n_components 50
2025-10-25 16:36:16,427 - nmf_localizer.core.usm_trainer - INFO - Input data statistics: mean=9.47e-04, std=1.44e-03, max=2.07e-02
/opt/anaconda3/lib/python3.12/site-packages/sklearn/decomposition/_nmf.py:1742: ConvergenceWarning: Maximum number of iterations 1000 reached. Increase it to improve convergence.
  warnings.warn(
2025-10-25 16:36:20,017 - nmf_localizer.core.usm_trainer - INFO - NMF completed: 1000 iterations, final loss: 0.080255
2025-10-25 16:36:20,017 - nmf_localizer.core.usm_trainer - INFO - W non-zero elements: 7596/17300 (43.9%)
2025-10-25 16:36:20,017 - nmf_localizer.core.usm_trainer - INFO - W statistics: min=0.000000, max=0.728281, mean=0.003653
2025-10-25 16:36:20,018 - nmf_localizer.core.usm_trainer - INFO - Speaker 30: W shape torch.Size([346, 50]), loss 0.080255
2025-10-25 16:36:20,018 - nmf_localizer.core.usm_trainer - INFO - Training speaker model: input shape torch.Size([346, 286])
2025-10-25 16:36:20,018 - nmf_localizer.core.usm_trainer - INFO - NMF fitting: V shape torch.Size([346, 286]), n_components 50
2025-10-25 16:36:20,018 - nmf_localizer.core.usm_trainer - INFO - Input data statistics: mean=8.43e-04, std=1.28e-03, max=1.80e-02
/opt/anaconda3/lib/python3.12/site-packages/sklearn/decomposition/_nmf.py:1742: ConvergenceWarning: Maximum number of iterations 1000 reached. Increase it to improve convergence.
  warnings.warn(
2025-10-25 16:36:23,081 - nmf_localizer.core.usm_trainer - INFO - NMF completed: 1000 iterations, final loss: 0.071414
2025-10-25 16:36:23,081 - nmf_localizer.core.usm_trainer - INFO - W non-zero elements: 7502/17300 (43.4%)
2025-10-25 16:36:23,082 - nmf_localizer.core.usm_trainer - INFO - W statistics: min=0.000000, max=0.669176, mean=0.003296
2025-10-25 16:36:23,082 - nmf_localizer.core.usm_trainer - INFO - Speaker 31: W shape torch.Size([346, 50]), loss 0.071414
2025-10-25 16:36:23,082 - nmf_localizer.core.usm_trainer - INFO - Training speaker model: input shape torch.Size([346, 286])
2025-10-25 16:36:23,082 - nmf_localizer.core.usm_trainer - INFO - NMF fitting: V shape torch.Size([346, 286]), n_components 50
2025-10-25 16:36:23,082 - nmf_localizer.core.usm_trainer - INFO - Input data statistics: mean=8.86e-04, std=1.34e-03, max=1.88e-02
/opt/anaconda3/lib/python3.12/site-packages/sklearn/decomposition/_nmf.py:1742: ConvergenceWarning: Maximum number of iterations 1000 reached. Increase it to improve convergence.
  warnings.warn(
2025-10-25 16:36:26,359 - nmf_localizer.core.usm_trainer - INFO - NMF completed: 1000 iterations, final loss: 0.075043
2025-10-25 16:36:26,359 - nmf_localizer.core.usm_trainer - INFO - W non-zero elements: 7587/17300 (43.9%)
2025-10-25 16:36:26,359 - nmf_localizer.core.usm_trainer - INFO - W statistics: min=0.000000, max=0.804271, mean=0.003516
2025-10-25 16:36:26,359 - nmf_localizer.core.usm_trainer - INFO - Speaker 32: W shape torch.Size([346, 50]), loss 0.075043
2025-10-25 16:36:26,360 - nmf_localizer.core.usm_trainer - INFO - Training speaker model: input shape torch.Size([346, 286])
2025-10-25 16:36:26,360 - nmf_localizer.core.usm_trainer - INFO - NMF fitting: V shape torch.Size([346, 286]), n_components 50
2025-10-25 16:36:26,360 - nmf_localizer.core.usm_trainer - INFO - Input data statistics: mean=6.53e-04, std=8.54e-04, max=1.18e-02
/opt/anaconda3/lib/python3.12/site-packages/sklearn/decomposition/_nmf.py:1742: ConvergenceWarning: Maximum number of iterations 1000 reached. Increase it to improve convergence.
  warnings.warn(
2025-10-25 16:36:29,952 - nmf_localizer.core.usm_trainer - INFO - NMF completed: 1000 iterations, final loss: 0.059755
2025-10-25 16:36:29,952 - nmf_localizer.core.usm_trainer - INFO - W non-zero elements: 7931/17300 (45.8%)
2025-10-25 16:36:29,952 - nmf_localizer.core.usm_trainer - INFO - W statistics: min=0.000000, max=0.631010, mean=0.002925
2025-10-25 16:36:29,952 - nmf_localizer.core.usm_trainer - INFO - Speaker 33: W shape torch.Size([346, 50]), loss 0.059755
2025-10-25 16:36:29,952 - nmf_localizer.core.usm_trainer - INFO - Training speaker model: input shape torch.Size([346, 286])
2025-10-25 16:36:29,952 - nmf_localizer.core.usm_trainer - INFO - NMF fitting: V shape torch.Size([346, 286]), n_components 50
2025-10-25 16:36:29,952 - nmf_localizer.core.usm_trainer - INFO - Input data statistics: mean=6.49e-04, std=8.48e-04, max=1.18e-02
/opt/anaconda3/lib/python3.12/site-packages/sklearn/decomposition/_nmf.py:1742: ConvergenceWarning: Maximum number of iterations 1000 reached. Increase it to improve convergence.
  warnings.warn(
2025-10-25 16:36:33,730 - nmf_localizer.core.usm_trainer - INFO - NMF completed: 1000 iterations, final loss: 0.059299
2025-10-25 16:36:33,730 - nmf_localizer.core.usm_trainer - INFO - W non-zero elements: 7717/17300 (44.6%)
2025-10-25 16:36:33,730 - nmf_localizer.core.usm_trainer - INFO - W statistics: min=0.000000, max=0.593012, mean=0.002875
2025-10-25 16:36:33,730 - nmf_localizer.core.usm_trainer - INFO - Speaker 34: W shape torch.Size([346, 50]), loss 0.059299
2025-10-25 16:36:33,730 - nmf_localizer.core.usm_trainer - INFO - Training speaker model: input shape torch.Size([346, 286])
2025-10-25 16:36:33,730 - nmf_localizer.core.usm_trainer - INFO - NMF fitting: V shape torch.Size([346, 286]), n_components 50
2025-10-25 16:36:33,731 - nmf_localizer.core.usm_trainer - INFO - Input data statistics: mean=6.49e-04, std=8.49e-04, max=1.19e-02
/opt/anaconda3/lib/python3.12/site-packages/sklearn/decomposition/_nmf.py:1742: ConvergenceWarning: Maximum number of iterations 1000 reached. Increase it to improve convergence.
  warnings.warn(
2025-10-25 16:36:36,745 - nmf_localizer.core.usm_trainer - INFO - NMF completed: 1000 iterations, final loss: 0.059529
2025-10-25 16:36:36,745 - nmf_localizer.core.usm_trainer - INFO - W non-zero elements: 7827/17300 (45.2%)
2025-10-25 16:36:36,745 - nmf_localizer.core.usm_trainer - INFO - W statistics: min=0.000000, max=0.822816, mean=0.002840
2025-10-25 16:36:36,745 - nmf_localizer.core.usm_trainer - INFO - Speaker 35: W shape torch.Size([346, 50]), loss 0.059529
2025-10-25 16:36:36,745 - nmf_localizer.core.usm_trainer - INFO - Training speaker model: input shape torch.Size([346, 286])
2025-10-25 16:36:36,745 - nmf_localizer.core.usm_trainer - INFO - NMF fitting: V shape torch.Size([346, 286]), n_components 50
2025-10-25 16:36:36,746 - nmf_localizer.core.usm_trainer - INFO - Input data statistics: mean=7.46e-04, std=9.08e-04, max=1.05e-02
/opt/anaconda3/lib/python3.12/site-packages/sklearn/decomposition/_nmf.py:1742: ConvergenceWarning: Maximum number of iterations 1000 reached. Increase it to improve convergence.
  warnings.warn(
2025-10-25 16:36:40,394 - nmf_localizer.core.usm_trainer - INFO - NMF completed: 1000 iterations, final loss: 0.075166
2025-10-25 16:36:40,394 - nmf_localizer.core.usm_trainer - INFO - W non-zero elements: 7982/17300 (46.1%)
2025-10-25 16:36:40,394 - nmf_localizer.core.usm_trainer - INFO - W statistics: min=0.000000, max=0.405086, mean=0.003002
2025-10-25 16:36:40,394 - nmf_localizer.core.usm_trainer - INFO - Speaker 36: W shape torch.Size([346, 50]), loss 0.075166
2025-10-25 16:36:40,394 - nmf_localizer.core.usm_trainer - INFO - Training speaker model: input shape torch.Size([346, 286])
2025-10-25 16:36:40,394 - nmf_localizer.core.usm_trainer - INFO - NMF fitting: V shape torch.Size([346, 286]), n_components 50
2025-10-25 16:36:40,395 - nmf_localizer.core.usm_trainer - INFO - Input data statistics: mean=6.27e-04, std=7.64e-04, max=9.21e-03
/opt/anaconda3/lib/python3.12/site-packages/sklearn/decomposition/_nmf.py:1742: ConvergenceWarning: Maximum number of iterations 1000 reached. Increase it to improve convergence.
  warnings.warn(
2025-10-25 16:36:43,822 - nmf_localizer.core.usm_trainer - INFO - NMF completed: 1000 iterations, final loss: 0.063163
2025-10-25 16:36:43,822 - nmf_localizer.core.usm_trainer - INFO - W non-zero elements: 7836/17300 (45.3%)
2025-10-25 16:36:43,822 - nmf_localizer.core.usm_trainer - INFO - W statistics: min=0.000000, max=0.435017, mean=0.002745
2025-10-25 16:36:43,822 - nmf_localizer.core.usm_trainer - INFO - Speaker 37: W shape torch.Size([346, 50]), loss 0.063163
2025-10-25 16:36:43,822 - nmf_localizer.core.usm_trainer - INFO - Training speaker model: input shape torch.Size([346, 286])
2025-10-25 16:36:43,822 - nmf_localizer.core.usm_trainer - INFO - NMF fitting: V shape torch.Size([346, 286]), n_components 50
2025-10-25 16:36:43,823 - nmf_localizer.core.usm_trainer - INFO - Input data statistics: mean=4.86e-04, std=5.91e-04, max=7.34e-03
/opt/anaconda3/lib/python3.12/site-packages/sklearn/decomposition/_nmf.py:1742: ConvergenceWarning: Maximum number of iterations 1000 reached. Increase it to improve convergence.
  warnings.warn(
2025-10-25 16:36:47,312 - nmf_localizer.core.usm_trainer - INFO - NMF completed: 1000 iterations, final loss: 0.048925
2025-10-25 16:36:47,312 - nmf_localizer.core.usm_trainer - INFO - W non-zero elements: 7936/17300 (45.9%)
2025-10-25 16:36:47,312 - nmf_localizer.core.usm_trainer - INFO - W statistics: min=0.000000, max=0.336389, mean=0.002517
2025-10-25 16:36:47,312 - nmf_localizer.core.usm_trainer - INFO - Speaker 38: W shape torch.Size([346, 50]), loss 0.048925
2025-10-25 16:36:47,312 - nmf_localizer.core.usm_trainer - INFO - Training speaker model: input shape torch.Size([346, 286])
2025-10-25 16:36:47,312 - nmf_localizer.core.usm_trainer - INFO - NMF fitting: V shape torch.Size([346, 286]), n_components 50
2025-10-25 16:36:47,313 - nmf_localizer.core.usm_trainer - INFO - Input data statistics: mean=7.45e-04, std=8.66e-04, max=1.11e-02
/opt/anaconda3/lib/python3.12/site-packages/sklearn/decomposition/_nmf.py:1742: ConvergenceWarning: Maximum number of iterations 1000 reached. Increase it to improve convergence.
  warnings.warn(
2025-10-25 16:36:50,371 - nmf_localizer.core.usm_trainer - INFO - NMF completed: 1000 iterations, final loss: 0.071737
2025-10-25 16:36:50,372 - nmf_localizer.core.usm_trainer - INFO - W non-zero elements: 7932/17300 (45.8%)
2025-10-25 16:36:50,372 - nmf_localizer.core.usm_trainer - INFO - W statistics: min=0.000000, max=0.541172, mean=0.003040
2025-10-25 16:36:50,372 - nmf_localizer.core.usm_trainer - INFO - Speaker 39: W shape torch.Size([346, 50]), loss 0.071737
2025-10-25 16:36:50,372 - nmf_localizer.core.usm_trainer - INFO - Training speaker model: input shape torch.Size([346, 286])
2025-10-25 16:36:50,372 - nmf_localizer.core.usm_trainer - INFO - NMF fitting: V shape torch.Size([346, 286]), n_components 50
2025-10-25 16:36:50,372 - nmf_localizer.core.usm_trainer - INFO - Input data statistics: mean=8.18e-04, std=9.51e-04, max=1.19e-02
/opt/anaconda3/lib/python3.12/site-packages/sklearn/decomposition/_nmf.py:1742: ConvergenceWarning: Maximum number of iterations 1000 reached. Increase it to improve convergence.
  warnings.warn(
2025-10-25 16:36:54,018 - nmf_localizer.core.usm_trainer - INFO - NMF completed: 1000 iterations, final loss: 0.078501
2025-10-25 16:36:54,018 - nmf_localizer.core.usm_trainer - INFO - W non-zero elements: 8040/17300 (46.5%)
2025-10-25 16:36:54,018 - nmf_localizer.core.usm_trainer - INFO - W statistics: min=0.000000, max=0.434943, mean=0.003200
2025-10-25 16:36:54,018 - nmf_localizer.core.usm_trainer - INFO - Speaker 40: W shape torch.Size([346, 50]), loss 0.078501
2025-10-25 16:36:54,018 - nmf_localizer.core.usm_trainer - INFO - Training speaker model: input shape torch.Size([346, 286])
2025-10-25 16:36:54,018 - nmf_localizer.core.usm_trainer - INFO - NMF fitting: V shape torch.Size([346, 286]), n_components 50
2025-10-25 16:36:54,018 - nmf_localizer.core.usm_trainer - INFO - Input data statistics: mean=7.78e-04, std=9.05e-04, max=1.14e-02
/opt/anaconda3/lib/python3.12/site-packages/sklearn/decomposition/_nmf.py:1742: ConvergenceWarning: Maximum number of iterations 1000 reached. Increase it to improve convergence.
  warnings.warn(
2025-10-25 16:36:57,509 - nmf_localizer.core.usm_trainer - INFO - NMF completed: 1000 iterations, final loss: 0.075034
2025-10-25 16:36:57,509 - nmf_localizer.core.usm_trainer - INFO - W non-zero elements: 7961/17300 (46.0%)
2025-10-25 16:36:57,509 - nmf_localizer.core.usm_trainer - INFO - W statistics: min=0.000000, max=0.532912, mean=0.003177
2025-10-25 16:36:57,509 - nmf_localizer.core.usm_trainer - INFO - Speaker 41: W shape torch.Size([346, 50]), loss 0.075034
2025-10-25 16:36:57,509 - nmf_localizer.core.usm_trainer - INFO - Training speaker model: input shape torch.Size([346, 286])
2025-10-25 16:36:57,509 - nmf_localizer.core.usm_trainer - INFO - NMF fitting: V shape torch.Size([346, 286]), n_components 50
2025-10-25 16:36:57,510 - nmf_localizer.core.usm_trainer - INFO - Input data statistics: mean=9.64e-04, std=1.28e-03, max=1.44e-02
/opt/anaconda3/lib/python3.12/site-packages/sklearn/decomposition/_nmf.py:1742: ConvergenceWarning: Maximum number of iterations 1000 reached. Increase it to improve convergence.
  warnings.warn(
2025-10-25 16:37:01,263 - nmf_localizer.core.usm_trainer - INFO - NMF completed: 1000 iterations, final loss: 0.088844
2025-10-25 16:37:01,263 - nmf_localizer.core.usm_trainer - INFO - W non-zero elements: 7870/17300 (45.5%)
2025-10-25 16:37:01,263 - nmf_localizer.core.usm_trainer - INFO - W statistics: min=0.000000, max=0.523208, mean=0.003502
2025-10-25 16:37:01,263 - nmf_localizer.core.usm_trainer - INFO - Speaker 42: W shape torch.Size([346, 50]), loss 0.088844
2025-10-25 16:37:01,263 - nmf_localizer.core.usm_trainer - INFO - Training speaker model: input shape torch.Size([346, 286])
2025-10-25 16:37:01,263 - nmf_localizer.core.usm_trainer - INFO - NMF fitting: V shape torch.Size([346, 286]), n_components 50
2025-10-25 16:37:01,263 - nmf_localizer.core.usm_trainer - INFO - Input data statistics: mean=7.97e-04, std=1.06e-03, max=1.17e-02
/opt/anaconda3/lib/python3.12/site-packages/sklearn/decomposition/_nmf.py:1742: ConvergenceWarning: Maximum number of iterations 1000 reached. Increase it to improve convergence.
  warnings.warn(
2025-10-25 16:37:05,066 - nmf_localizer.core.usm_trainer - INFO - NMF completed: 1000 iterations, final loss: 0.073292
2025-10-25 16:37:05,067 - nmf_localizer.core.usm_trainer - INFO - W non-zero elements: 7914/17300 (45.7%)
2025-10-25 16:37:05,067 - nmf_localizer.core.usm_trainer - INFO - W statistics: min=0.000000, max=0.568310, mean=0.002903
2025-10-25 16:37:05,067 - nmf_localizer.core.usm_trainer - INFO - Speaker 43: W shape torch.Size([346, 50]), loss 0.073292
2025-10-25 16:37:05,067 - nmf_localizer.core.usm_trainer - INFO - Training speaker model: input shape torch.Size([346, 286])
2025-10-25 16:37:05,067 - nmf_localizer.core.usm_trainer - INFO - NMF fitting: V shape torch.Size([346, 286]), n_components 50
2025-10-25 16:37:05,067 - nmf_localizer.core.usm_trainer - INFO - Input data statistics: mean=9.42e-04, std=1.25e-03, max=1.39e-02
/opt/anaconda3/lib/python3.12/site-packages/sklearn/decomposition/_nmf.py:1742: ConvergenceWarning: Maximum number of iterations 1000 reached. Increase it to improve convergence.
  warnings.warn(
2025-10-25 16:37:08,331 - nmf_localizer.core.usm_trainer - INFO - NMF completed: 1000 iterations, final loss: 0.086752
2025-10-25 16:37:08,331 - nmf_localizer.core.usm_trainer - INFO - W non-zero elements: 7828/17300 (45.2%)
2025-10-25 16:37:08,331 - nmf_localizer.core.usm_trainer - INFO - W statistics: min=0.000000, max=0.602089, mean=0.003329
2025-10-25 16:37:08,331 - nmf_localizer.core.usm_trainer - INFO - Speaker 44: W shape torch.Size([346, 50]), loss 0.086752
2025-10-25 16:37:08,331 - nmf_localizer.core.usm_trainer - INFO - Training speaker model: input shape torch.Size([346, 286])
2025-10-25 16:37:08,331 - nmf_localizer.core.usm_trainer - INFO - NMF fitting: V shape torch.Size([346, 286]), n_components 50
2025-10-25 16:37:08,332 - nmf_localizer.core.usm_trainer - INFO - Input data statistics: mean=5.52e-04, std=8.56e-04, max=1.13e-02
/opt/anaconda3/lib/python3.12/site-packages/sklearn/decomposition/_nmf.py:1742: ConvergenceWarning: Maximum number of iterations 1000 reached. Increase it to improve convergence.
  warnings.warn(
2025-10-25 16:37:12,011 - nmf_localizer.core.usm_trainer - INFO - NMF completed: 1000 iterations, final loss: 0.048302
2025-10-25 16:37:12,011 - nmf_localizer.core.usm_trainer - INFO - W non-zero elements: 7765/17300 (44.9%)
2025-10-25 16:37:12,011 - nmf_localizer.core.usm_trainer - INFO - W statistics: min=0.000000, max=0.584605, mean=0.002604
2025-10-25 16:37:12,011 - nmf_localizer.core.usm_trainer - INFO - Speaker 45: W shape torch.Size([346, 50]), loss 0.048302
2025-10-25 16:37:12,011 - nmf_localizer.core.usm_trainer - INFO - Training speaker model: input shape torch.Size([346, 286])
2025-10-25 16:37:12,011 - nmf_localizer.core.usm_trainer - INFO - NMF fitting: V shape torch.Size([346, 286]), n_components 50
2025-10-25 16:37:12,011 - nmf_localizer.core.usm_trainer - INFO - Input data statistics: mean=5.49e-04, std=8.50e-04, max=1.06e-02
/opt/anaconda3/lib/python3.12/site-packages/sklearn/decomposition/_nmf.py:1742: ConvergenceWarning: Maximum number of iterations 1000 reached. Increase it to improve convergence.
  warnings.warn(
2025-10-25 16:37:15,545 - nmf_localizer.core.usm_trainer - INFO - NMF completed: 1000 iterations, final loss: 0.048120
2025-10-25 16:37:15,545 - nmf_localizer.core.usm_trainer - INFO - W non-zero elements: 7680/17300 (44.4%)
2025-10-25 16:37:15,546 - nmf_localizer.core.usm_trainer - INFO - W statistics: min=0.000000, max=0.463938, mean=0.002705
2025-10-25 16:37:15,546 - nmf_localizer.core.usm_trainer - INFO - Speaker 46: W shape torch.Size([346, 50]), loss 0.048120
2025-10-25 16:37:15,546 - nmf_localizer.core.usm_trainer - INFO - Training speaker model: input shape torch.Size([346, 286])
2025-10-25 16:37:15,546 - nmf_localizer.core.usm_trainer - INFO - NMF fitting: V shape torch.Size([346, 286]), n_components 50
2025-10-25 16:37:15,546 - nmf_localizer.core.usm_trainer - INFO - Input data statistics: mean=5.53e-04, std=8.60e-04, max=1.13e-02
/opt/anaconda3/lib/python3.12/site-packages/sklearn/decomposition/_nmf.py:1742: ConvergenceWarning: Maximum number of iterations 1000 reached. Increase it to improve convergence.
  warnings.warn(
2025-10-25 16:37:19,418 - nmf_localizer.core.usm_trainer - INFO - NMF completed: 1000 iterations, final loss: 0.048409
2025-10-25 16:37:19,418 - nmf_localizer.core.usm_trainer - INFO - W non-zero elements: 7715/17300 (44.6%)
2025-10-25 16:37:19,418 - nmf_localizer.core.usm_trainer - INFO - W statistics: min=0.000000, max=0.520567, mean=0.002413
2025-10-25 16:37:19,418 - nmf_localizer.core.usm_trainer - INFO - Speaker 47: W shape torch.Size([346, 50]), loss 0.048409
2025-10-25 16:37:19,418 - nmf_localizer.core.usm_trainer - INFO - Training speaker model: input shape torch.Size([346, 286])
2025-10-25 16:37:19,418 - nmf_localizer.core.usm_trainer - INFO - NMF fitting: V shape torch.Size([346, 286]), n_components 50
2025-10-25 16:37:19,419 - nmf_localizer.core.usm_trainer - INFO - Input data statistics: mean=5.33e-04, std=8.29e-04, max=1.27e-02
/opt/anaconda3/lib/python3.12/site-packages/sklearn/decomposition/_nmf.py:1742: ConvergenceWarning: Maximum number of iterations 1000 reached. Increase it to improve convergence.
  warnings.warn(
2025-10-25 16:37:23,000 - nmf_localizer.core.usm_trainer - INFO - NMF completed: 1000 iterations, final loss: 0.047945
2025-10-25 16:37:23,001 - nmf_localizer.core.usm_trainer - INFO - W non-zero elements: 7700/17300 (44.5%)
2025-10-25 16:37:23,001 - nmf_localizer.core.usm_trainer - INFO - W statistics: min=0.000000, max=0.466672, mean=0.002426
2025-10-25 16:37:23,001 - nmf_localizer.core.usm_trainer - INFO - Speaker 48: W shape torch.Size([346, 50]), loss 0.047945
2025-10-25 16:37:23,001 - nmf_localizer.core.usm_trainer - INFO - Training speaker model: input shape torch.Size([346, 286])
2025-10-25 16:37:23,001 - nmf_localizer.core.usm_trainer - INFO - NMF fitting: V shape torch.Size([346, 286]), n_components 50
2025-10-25 16:37:23,001 - nmf_localizer.core.usm_trainer - INFO - Input data statistics: mean=5.24e-04, std=8.13e-04, max=1.21e-02
/opt/anaconda3/lib/python3.12/site-packages/sklearn/decomposition/_nmf.py:1742: ConvergenceWarning: Maximum number of iterations 1000 reached. Increase it to improve convergence.
  warnings.warn(
2025-10-25 16:37:26,418 - nmf_localizer.core.usm_trainer - INFO - NMF completed: 1000 iterations, final loss: 0.047128
2025-10-25 16:37:26,418 - nmf_localizer.core.usm_trainer - INFO - W non-zero elements: 7841/17300 (45.3%)
2025-10-25 16:37:26,418 - nmf_localizer.core.usm_trainer - INFO - W statistics: min=0.000000, max=0.408398, mean=0.002359
2025-10-25 16:37:26,418 - nmf_localizer.core.usm_trainer - INFO - Speaker 49: W shape torch.Size([346, 50]), loss 0.047128
2025-10-25 16:37:26,418 - nmf_localizer.core.usm_trainer - INFO - Training speaker model: input shape torch.Size([346, 286])
2025-10-25 16:37:26,418 - nmf_localizer.core.usm_trainer - INFO - NMF fitting: V shape torch.Size([346, 286]), n_components 50
2025-10-25 16:37:26,419 - nmf_localizer.core.usm_trainer - INFO - Input data statistics: mean=5.13e-04, std=7.95e-04, max=1.21e-02
/opt/anaconda3/lib/python3.12/site-packages/sklearn/decomposition/_nmf.py:1742: ConvergenceWarning: Maximum number of iterations 1000 reached. Increase it to improve convergence.
  warnings.warn(
2025-10-25 16:37:29,946 - nmf_localizer.core.usm_trainer - INFO - NMF completed: 1000 iterations, final loss: 0.045973
2025-10-25 16:37:29,946 - nmf_localizer.core.usm_trainer - INFO - W non-zero elements: 7832/17300 (45.3%)
2025-10-25 16:37:29,946 - nmf_localizer.core.usm_trainer - INFO - W statistics: min=0.000000, max=0.461884, mean=0.002328
2025-10-25 16:37:29,946 - nmf_localizer.core.usm_trainer - INFO - Speaker 50: W shape torch.Size([346, 50]), loss 0.045973
2025-10-25 16:37:29,946 - nmf_localizer.core.usm_trainer - INFO - Training speaker model: input shape torch.Size([346, 286])
2025-10-25 16:37:29,946 - nmf_localizer.core.usm_trainer - INFO - NMF fitting: V shape torch.Size([346, 286]), n_components 50
2025-10-25 16:37:29,946 - nmf_localizer.core.usm_trainer - INFO - Input data statistics: mean=6.46e-04, std=9.99e-04, max=1.70e-02
/opt/anaconda3/lib/python3.12/site-packages/sklearn/decomposition/_nmf.py:1742: ConvergenceWarning: Maximum number of iterations 1000 reached. Increase it to improve convergence.
  warnings.warn(
2025-10-25 16:37:33,604 - nmf_localizer.core.usm_trainer - INFO - NMF completed: 1000 iterations, final loss: 0.058586
2025-10-25 16:37:33,604 - nmf_localizer.core.usm_trainer - INFO - W non-zero elements: 7917/17300 (45.8%)
2025-10-25 16:37:33,604 - nmf_localizer.core.usm_trainer - INFO - W statistics: min=0.000000, max=0.553450, mean=0.002835
2025-10-25 16:37:33,604 - nmf_localizer.core.usm_trainer - INFO - Speaker 51: W shape torch.Size([346, 50]), loss 0.058586
2025-10-25 16:37:33,604 - nmf_localizer.core.usm_trainer - INFO - Training speaker model: input shape torch.Size([346, 286])
2025-10-25 16:37:33,604 - nmf_localizer.core.usm_trainer - INFO - NMF fitting: V shape torch.Size([346, 286]), n_components 50
2025-10-25 16:37:33,604 - nmf_localizer.core.usm_trainer - INFO - Input data statistics: mean=6.51e-04, std=1.00e-03, max=1.67e-02
/opt/anaconda3/lib/python3.12/site-packages/sklearn/decomposition/_nmf.py:1742: ConvergenceWarning: Maximum number of iterations 1000 reached. Increase it to improve convergence.
  warnings.warn(
2025-10-25 16:37:38,333 - nmf_localizer.core.usm_trainer - INFO - NMF completed: 1000 iterations, final loss: 0.059078
2025-10-25 16:37:38,333 - nmf_localizer.core.usm_trainer - INFO - W non-zero elements: 7780/17300 (45.0%)
2025-10-25 16:37:38,334 - nmf_localizer.core.usm_trainer - INFO - W statistics: min=0.000000, max=0.485075, mean=0.002774
2025-10-25 16:37:38,334 - nmf_localizer.core.usm_trainer - INFO - Speaker 52: W shape torch.Size([346, 50]), loss 0.059078
2025-10-25 16:37:38,334 - nmf_localizer.core.usm_trainer - INFO - Training speaker model: input shape torch.Size([346, 286])
2025-10-25 16:37:38,334 - nmf_localizer.core.usm_trainer - INFO - NMF fitting: V shape torch.Size([346, 286]), n_components 50
2025-10-25 16:37:38,334 - nmf_localizer.core.usm_trainer - INFO - Input data statistics: mean=6.83e-04, std=1.06e-03, max=1.76e-02
/opt/anaconda3/lib/python3.12/site-packages/sklearn/decomposition/_nmf.py:1742: ConvergenceWarning: Maximum number of iterations 1000 reached. Increase it to improve convergence.
  warnings.warn(
2025-10-25 16:37:42,227 - nmf_localizer.core.usm_trainer - INFO - NMF completed: 1000 iterations, final loss: 0.061955
2025-10-25 16:37:42,227 - nmf_localizer.core.usm_trainer - INFO - W non-zero elements: 7778/17300 (45.0%)
2025-10-25 16:37:42,227 - nmf_localizer.core.usm_trainer - INFO - W statistics: min=0.000000, max=0.465124, mean=0.002826
2025-10-25 16:37:42,227 - nmf_localizer.core.usm_trainer - INFO - Speaker 53: W shape torch.Size([346, 50]), loss 0.061955
2025-10-25 16:37:42,227 - nmf_localizer.core.usm_trainer - INFO - Training speaker model: input shape torch.Size([346, 286])
2025-10-25 16:37:42,227 - nmf_localizer.core.usm_trainer - INFO - NMF fitting: V shape torch.Size([346, 286]), n_components 50
2025-10-25 16:37:42,228 - nmf_localizer.core.usm_trainer - INFO - Input data statistics: mean=6.66e-04, std=1.21e-03, max=1.78e-02
/opt/anaconda3/lib/python3.12/site-packages/sklearn/decomposition/_nmf.py:1742: ConvergenceWarning: Maximum number of iterations 1000 reached. Increase it to improve convergence.
  warnings.warn(
2025-10-25 16:37:45,281 - nmf_localizer.core.usm_trainer - INFO - NMF completed: 1000 iterations, final loss: 0.052847
2025-10-25 16:37:45,281 - nmf_localizer.core.usm_trainer - INFO - W non-zero elements: 7559/17300 (43.7%)
2025-10-25 16:37:45,281 - nmf_localizer.core.usm_trainer - INFO - W statistics: min=0.000000, max=0.724668, mean=0.002746
2025-10-25 16:37:45,281 - nmf_localizer.core.usm_trainer - INFO - Speaker 54: W shape torch.Size([346, 50]), loss 0.052847
2025-10-25 16:37:45,281 - nmf_localizer.core.usm_trainer - INFO - Training speaker model: input shape torch.Size([346, 286])
2025-10-25 16:37:45,281 - nmf_localizer.core.usm_trainer - INFO - NMF fitting: V shape torch.Size([346, 286]), n_components 50
2025-10-25 16:37:45,281 - nmf_localizer.core.usm_trainer - INFO - Input data statistics: mean=6.27e-04, std=1.14e-03, max=1.67e-02
/opt/anaconda3/lib/python3.12/site-packages/sklearn/decomposition/_nmf.py:1742: ConvergenceWarning: Maximum number of iterations 1000 reached. Increase it to improve convergence.
  warnings.warn(
2025-10-25 16:37:48,918 - nmf_localizer.core.usm_trainer - INFO - NMF completed: 1000 iterations, final loss: 0.050129
2025-10-25 16:37:48,918 - nmf_localizer.core.usm_trainer - INFO - W non-zero elements: 7557/17300 (43.7%)
2025-10-25 16:37:48,918 - nmf_localizer.core.usm_trainer - INFO - W statistics: min=0.000000, max=0.602539, mean=0.002734
2025-10-25 16:37:48,918 - nmf_localizer.core.usm_trainer - INFO - Speaker 55: W shape torch.Size([346, 50]), loss 0.050129
2025-10-25 16:37:48,918 - nmf_localizer.core.usm_trainer - INFO - Training speaker model: input shape torch.Size([346, 286])
2025-10-25 16:37:48,918 - nmf_localizer.core.usm_trainer - INFO - NMF fitting: V shape torch.Size([346, 286]), n_components 50
2025-10-25 16:37:48,918 - nmf_localizer.core.usm_trainer - INFO - Input data statistics: mean=6.39e-04, std=1.16e-03, max=1.72e-02
/opt/anaconda3/lib/python3.12/site-packages/sklearn/decomposition/_nmf.py:1742: ConvergenceWarning: Maximum number of iterations 1000 reached. Increase it to improve convergence.
  warnings.warn(
2025-10-25 16:37:52,350 - nmf_localizer.core.usm_trainer - INFO - NMF completed: 1000 iterations, final loss: 0.050763
2025-10-25 16:37:52,350 - nmf_localizer.core.usm_trainer - INFO - W non-zero elements: 7492/17300 (43.3%)
2025-10-25 16:37:52,350 - nmf_localizer.core.usm_trainer - INFO - W statistics: min=0.000000, max=0.946253, mean=0.002967
2025-10-25 16:37:52,351 - nmf_localizer.core.usm_trainer - INFO - Speaker 56: W shape torch.Size([346, 50]), loss 0.050763
2025-10-25 16:37:52,351 - nmf_localizer.core.usm_trainer - INFO - Training speaker model: input shape torch.Size([346, 286])
2025-10-25 16:37:52,351 - nmf_localizer.core.usm_trainer - INFO - NMF fitting: V shape torch.Size([346, 286]), n_components 50
2025-10-25 16:37:52,351 - nmf_localizer.core.usm_trainer - INFO - Input data statistics: mean=8.57e-04, std=1.37e-03, max=2.14e-02
/opt/anaconda3/lib/python3.12/site-packages/sklearn/decomposition/_nmf.py:1742: ConvergenceWarning: Maximum number of iterations 1000 reached. Increase it to improve convergence.
  warnings.warn(
2025-10-25 16:37:55,726 - nmf_localizer.core.usm_trainer - INFO - NMF completed: 1000 iterations, final loss: 0.075767
2025-10-25 16:37:55,727 - nmf_localizer.core.usm_trainer - INFO - W non-zero elements: 7660/17300 (44.3%)
2025-10-25 16:37:55,727 - nmf_localizer.core.usm_trainer - INFO - W statistics: min=0.000000, max=0.926888, mean=0.003463
2025-10-25 16:37:55,727 - nmf_localizer.core.usm_trainer - INFO - Speaker 57: W shape torch.Size([346, 50]), loss 0.075767
2025-10-25 16:37:55,727 - nmf_localizer.core.usm_trainer - INFO - Training speaker model: input shape torch.Size([346, 286])
2025-10-25 16:37:55,727 - nmf_localizer.core.usm_trainer - INFO - NMF fitting: V shape torch.Size([346, 286]), n_components 50
2025-10-25 16:37:55,727 - nmf_localizer.core.usm_trainer - INFO - Input data statistics: mean=7.94e-04, std=1.27e-03, max=2.00e-02
/opt/anaconda3/lib/python3.12/site-packages/sklearn/decomposition/_nmf.py:1742: ConvergenceWarning: Maximum number of iterations 1000 reached. Increase it to improve convergence.
  warnings.warn(
2025-10-25 16:37:59,132 - nmf_localizer.core.usm_trainer - INFO - NMF completed: 1000 iterations, final loss: 0.070010
2025-10-25 16:37:59,132 - nmf_localizer.core.usm_trainer - INFO - W non-zero elements: 7556/17300 (43.7%)
2025-10-25 16:37:59,132 - nmf_localizer.core.usm_trainer - INFO - W statistics: min=0.000000, max=0.967353, mean=0.003428
2025-10-25 16:37:59,132 - nmf_localizer.core.usm_trainer - INFO - Speaker 58: W shape torch.Size([346, 50]), loss 0.070010
2025-10-25 16:37:59,132 - nmf_localizer.core.usm_trainer - INFO - Training speaker model: input shape torch.Size([346, 286])
2025-10-25 16:37:59,132 - nmf_localizer.core.usm_trainer - INFO - NMF fitting: V shape torch.Size([346, 286]), n_components 50
2025-10-25 16:37:59,132 - nmf_localizer.core.usm_trainer - INFO - Input data statistics: mean=9.01e-04, std=1.44e-03, max=2.22e-02
/opt/anaconda3/lib/python3.12/site-packages/sklearn/decomposition/_nmf.py:1742: ConvergenceWarning: Maximum number of iterations 1000 reached. Increase it to improve convergence.
  warnings.warn(
2025-10-25 16:38:02,509 - nmf_localizer.core.usm_trainer - INFO - NMF completed: 1000 iterations, final loss: 0.079763
2025-10-25 16:38:02,509 - nmf_localizer.core.usm_trainer - INFO - W non-zero elements: 7495/17300 (43.3%)
2025-10-25 16:38:02,509 - nmf_localizer.core.usm_trainer - INFO - W statistics: min=0.000000, max=0.765248, mean=0.003408
2025-10-25 16:38:02,509 - nmf_localizer.core.usm_trainer - INFO - Speaker 59: W shape torch.Size([346, 50]), loss 0.079763
2025-10-25 16:38:02,509 - nmf_localizer.core.usm_trainer - INFO - Training speaker model: input shape torch.Size([346, 286])
2025-10-25 16:38:02,509 - nmf_localizer.core.usm_trainer - INFO - NMF fitting: V shape torch.Size([346, 286]), n_components 50
2025-10-25 16:38:02,510 - nmf_localizer.core.usm_trainer - INFO - Input data statistics: mean=9.67e-04, std=1.24e-03, max=1.63e-02
/opt/anaconda3/lib/python3.12/site-packages/sklearn/decomposition/_nmf.py:1742: ConvergenceWarning: Maximum number of iterations 1000 reached. Increase it to improve convergence.
  warnings.warn(
2025-10-25 16:38:06,175 - nmf_localizer.core.usm_trainer - INFO - NMF completed: 1000 iterations, final loss: 0.093779
2025-10-25 16:38:06,175 - nmf_localizer.core.usm_trainer - INFO - W non-zero elements: 7885/17300 (45.6%)
2025-10-25 16:38:06,175 - nmf_localizer.core.usm_trainer - INFO - W statistics: min=0.000000, max=0.684008, mean=0.003221
2025-10-25 16:38:06,176 - nmf_localizer.core.usm_trainer - INFO - Speaker 60: W shape torch.Size([346, 50]), loss 0.093779
2025-10-25 16:38:06,176 - nmf_localizer.core.usm_trainer - INFO - Training speaker model: input shape torch.Size([346, 286])
2025-10-25 16:38:06,176 - nmf_localizer.core.usm_trainer - INFO - NMF fitting: V shape torch.Size([346, 286]), n_components 50
2025-10-25 16:38:06,176 - nmf_localizer.core.usm_trainer - INFO - Input data statistics: mean=8.93e-04, std=1.14e-03, max=1.55e-02
/opt/anaconda3/lib/python3.12/site-packages/sklearn/decomposition/_nmf.py:1742: ConvergenceWarning: Maximum number of iterations 1000 reached. Increase it to improve convergence.
  warnings.warn(
2025-10-25 16:38:09,883 - nmf_localizer.core.usm_trainer - INFO - NMF completed: 1000 iterations, final loss: 0.086464
2025-10-25 16:38:09,883 - nmf_localizer.core.usm_trainer - INFO - W non-zero elements: 8064/17300 (46.6%)
2025-10-25 16:38:09,883 - nmf_localizer.core.usm_trainer - INFO - W statistics: min=0.000000, max=0.443247, mean=0.003125
2025-10-25 16:38:09,883 - nmf_localizer.core.usm_trainer - INFO - Speaker 61: W shape torch.Size([346, 50]), loss 0.086464
2025-10-25 16:38:09,883 - nmf_localizer.core.usm_trainer - INFO - Training speaker model: input shape torch.Size([346, 286])
2025-10-25 16:38:09,883 - nmf_localizer.core.usm_trainer - INFO - NMF fitting: V shape torch.Size([346, 286]), n_components 50
2025-10-25 16:38:09,884 - nmf_localizer.core.usm_trainer - INFO - Input data statistics: mean=1.05e-03, std=1.35e-03, max=1.89e-02
/opt/anaconda3/lib/python3.12/site-packages/sklearn/decomposition/_nmf.py:1742: ConvergenceWarning: Maximum number of iterations 1000 reached. Increase it to improve convergence.
  warnings.warn(
2025-10-25 16:38:13,046 - nmf_localizer.core.usm_trainer - INFO - NMF completed: 1000 iterations, final loss: 0.102020
2025-10-25 16:38:13,047 - nmf_localizer.core.usm_trainer - INFO - W non-zero elements: 7944/17300 (45.9%)
2025-10-25 16:38:13,047 - nmf_localizer.core.usm_trainer - INFO - W statistics: min=0.000000, max=0.423167, mean=0.003464
2025-10-25 16:38:13,047 - nmf_localizer.core.usm_trainer - INFO - Speaker 62: W shape torch.Size([346, 50]), loss 0.102020
2025-10-25 16:38:13,047 - nmf_localizer.core.usm_trainer - INFO - Training speaker model: input shape torch.Size([346, 286])
2025-10-25 16:38:13,047 - nmf_localizer.core.usm_trainer - INFO - NMF fitting: V shape torch.Size([346, 286]), n_components 50
2025-10-25 16:38:13,047 - nmf_localizer.core.usm_trainer - INFO - Input data statistics: mean=7.93e-04, std=9.50e-04, max=1.38e-02
/opt/anaconda3/lib/python3.12/site-packages/sklearn/decomposition/_nmf.py:1742: ConvergenceWarning: Maximum number of iterations 1000 reached. Increase it to improve convergence.
  warnings.warn(
2025-10-25 16:38:16,477 - nmf_localizer.core.usm_trainer - INFO - NMF completed: 1000 iterations, final loss: 0.078857
2025-10-25 16:38:16,477 - nmf_localizer.core.usm_trainer - INFO - W non-zero elements: 8016/17300 (46.3%)
2025-10-25 16:38:16,477 - nmf_localizer.core.usm_trainer - INFO - W statistics: min=0.000000, max=0.502294, mean=0.003037
2025-10-25 16:38:16,477 - nmf_localizer.core.usm_trainer - INFO - Speaker 63: W shape torch.Size([346, 50]), loss 0.078857
2025-10-25 16:38:16,477 - nmf_localizer.core.usm_trainer - INFO - Training speaker model: input shape torch.Size([346, 286])
2025-10-25 16:38:16,477 - nmf_localizer.core.usm_trainer - INFO - NMF fitting: V shape torch.Size([346, 286]), n_components 50
2025-10-25 16:38:16,477 - nmf_localizer.core.usm_trainer - INFO - Input data statistics: mean=7.46e-04, std=8.93e-04, max=1.38e-02
/opt/anaconda3/lib/python3.12/site-packages/sklearn/decomposition/_nmf.py:1742: ConvergenceWarning: Maximum number of iterations 1000 reached. Increase it to improve convergence.
  warnings.warn(
2025-10-25 16:38:19,891 - nmf_localizer.core.usm_trainer - INFO - NMF completed: 1000 iterations, final loss: 0.074186
2025-10-25 16:38:19,891 - nmf_localizer.core.usm_trainer - INFO - W non-zero elements: 8062/17300 (46.6%)
2025-10-25 16:38:19,891 - nmf_localizer.core.usm_trainer - INFO - W statistics: min=0.000000, max=0.836204, mean=0.003053
2025-10-25 16:38:19,891 - nmf_localizer.core.usm_trainer - INFO - Speaker 64: W shape torch.Size([346, 50]), loss 0.074186
2025-10-25 16:38:19,891 - nmf_localizer.core.usm_trainer - INFO - Training speaker model: input shape torch.Size([346, 286])
2025-10-25 16:38:19,891 - nmf_localizer.core.usm_trainer - INFO - NMF fitting: V shape torch.Size([346, 286]), n_components 50
2025-10-25 16:38:19,891 - nmf_localizer.core.usm_trainer - INFO - Input data statistics: mean=7.37e-04, std=8.80e-04, max=1.40e-02
/opt/anaconda3/lib/python3.12/site-packages/sklearn/decomposition/_nmf.py:1742: ConvergenceWarning: Maximum number of iterations 1000 reached. Increase it to improve convergence.
  warnings.warn(
2025-10-25 16:38:23,586 - nmf_localizer.core.usm_trainer - INFO - NMF completed: 1000 iterations, final loss: 0.073051
2025-10-25 16:38:23,586 - nmf_localizer.core.usm_trainer - INFO - W non-zero elements: 8030/17300 (46.4%)
2025-10-25 16:38:23,586 - nmf_localizer.core.usm_trainer - INFO - W statistics: min=0.000000, max=0.585293, mean=0.003045
2025-10-25 16:38:23,586 - nmf_localizer.core.usm_trainer - INFO - Speaker 65: W shape torch.Size([346, 50]), loss 0.073051
2025-10-25 16:38:23,586 - nmf_localizer.core.usm_trainer - INFO - Training speaker model: input shape torch.Size([346, 286])
2025-10-25 16:38:23,586 - nmf_localizer.core.usm_trainer - INFO - NMF fitting: V shape torch.Size([346, 286]), n_components 50
2025-10-25 16:38:23,586 - nmf_localizer.core.usm_trainer - INFO - Input data statistics: mean=4.20e-04, std=6.04e-04, max=8.90e-03
/opt/anaconda3/lib/python3.12/site-packages/sklearn/decomposition/_nmf.py:1742: ConvergenceWarning: Maximum number of iterations 1000 reached. Increase it to improve convergence.
  warnings.warn(
2025-10-25 16:38:26,622 - nmf_localizer.core.usm_trainer - INFO - NMF completed: 1000 iterations, final loss: 0.036916
2025-10-25 16:38:26,622 - nmf_localizer.core.usm_trainer - INFO - W non-zero elements: 7876/17300 (45.5%)
2025-10-25 16:38:26,622 - nmf_localizer.core.usm_trainer - INFO - W statistics: min=0.000000, max=0.501838, mean=0.002223
2025-10-25 16:38:26,622 - nmf_localizer.core.usm_trainer - INFO - Speaker 66: W shape torch.Size([346, 50]), loss 0.036916
2025-10-25 16:38:26,622 - nmf_localizer.core.usm_trainer - INFO - Training speaker model: input shape torch.Size([346, 286])
2025-10-25 16:38:26,622 - nmf_localizer.core.usm_trainer - INFO - NMF fitting: V shape torch.Size([346, 286]), n_components 50
2025-10-25 16:38:26,623 - nmf_localizer.core.usm_trainer - INFO - Input data statistics: mean=4.54e-04, std=6.52e-04, max=8.54e-03
/opt/anaconda3/lib/python3.12/site-packages/sklearn/decomposition/_nmf.py:1742: ConvergenceWarning: Maximum number of iterations 1000 reached. Increase it to improve convergence.
  warnings.warn(
2025-10-25 16:38:30,296 - nmf_localizer.core.usm_trainer - INFO - NMF completed: 1000 iterations, final loss: 0.040193
2025-10-25 16:38:30,296 - nmf_localizer.core.usm_trainer - INFO - W non-zero elements: 7739/17300 (44.7%)
2025-10-25 16:38:30,296 - nmf_localizer.core.usm_trainer - INFO - W statistics: min=0.000000, max=0.576128, mean=0.002437
2025-10-25 16:38:30,296 - nmf_localizer.core.usm_trainer - INFO - Speaker 67: W shape torch.Size([346, 50]), loss 0.040193
2025-10-25 16:38:30,296 - nmf_localizer.core.usm_trainer - INFO - Training speaker model: input shape torch.Size([346, 286])
2025-10-25 16:38:30,296 - nmf_localizer.core.usm_trainer - INFO - NMF fitting: V shape torch.Size([346, 286]), n_components 50
2025-10-25 16:38:30,296 - nmf_localizer.core.usm_trainer - INFO - Input data statistics: mean=3.40e-04, std=4.92e-04, max=6.69e-03
/opt/anaconda3/lib/python3.12/site-packages/sklearn/decomposition/_nmf.py:1742: ConvergenceWarning: Maximum number of iterations 1000 reached. Increase it to improve convergence.
  warnings.warn(
2025-10-25 16:38:33,978 - nmf_localizer.core.usm_trainer - INFO - NMF completed: 1000 iterations, final loss: 0.029833
2025-10-25 16:38:33,978 - nmf_localizer.core.usm_trainer - INFO - W non-zero elements: 7714/17300 (44.6%)
2025-10-25 16:38:33,978 - nmf_localizer.core.usm_trainer - INFO - W statistics: min=0.000000, max=0.417896, mean=0.002075
2025-10-25 16:38:33,978 - nmf_localizer.core.usm_trainer - INFO - Speaker 68: W shape torch.Size([346, 50]), loss 0.029833
2025-10-25 16:38:33,978 - nmf_localizer.core.usm_trainer - INFO - Training speaker model: input shape torch.Size([346, 286])
2025-10-25 16:38:33,978 - nmf_localizer.core.usm_trainer - INFO - NMF fitting: V shape torch.Size([346, 286]), n_components 50
2025-10-25 16:38:33,978 - nmf_localizer.core.usm_trainer - INFO - Input data statistics: mean=7.66e-04, std=1.07e-03, max=1.41e-02
/opt/anaconda3/lib/python3.12/site-packages/sklearn/decomposition/_nmf.py:1742: ConvergenceWarning: Maximum number of iterations 1000 reached. Increase it to improve convergence.
  warnings.warn(
2025-10-25 16:38:37,458 - nmf_localizer.core.usm_trainer - INFO - NMF completed: 1000 iterations, final loss: 0.073253
2025-10-25 16:38:37,458 - nmf_localizer.core.usm_trainer - INFO - W non-zero elements: 7660/17300 (44.3%)
2025-10-25 16:38:37,459 - nmf_localizer.core.usm_trainer - INFO - W statistics: min=0.000000, max=0.637151, mean=0.003037
2025-10-25 16:38:37,459 - nmf_localizer.core.usm_trainer - INFO - Speaker 69: W shape torch.Size([346, 50]), loss 0.073253
2025-10-25 16:38:37,459 - nmf_localizer.core.usm_trainer - INFO - Training speaker model: input shape torch.Size([346, 286])
2025-10-25 16:38:37,459 - nmf_localizer.core.usm_trainer - INFO - NMF fitting: V shape torch.Size([346, 286]), n_components 50
2025-10-25 16:38:37,459 - nmf_localizer.core.usm_trainer - INFO - Input data statistics: mean=7.91e-04, std=1.11e-03, max=1.48e-02
/opt/anaconda3/lib/python3.12/site-packages/sklearn/decomposition/_nmf.py:1742: ConvergenceWarning: Maximum number of iterations 1000 reached. Increase it to improve convergence.
  warnings.warn(
2025-10-25 16:38:40,516 - nmf_localizer.core.usm_trainer - INFO - NMF completed: 1000 iterations, final loss: 0.075609
2025-10-25 16:38:40,516 - nmf_localizer.core.usm_trainer - INFO - W non-zero elements: 7782/17300 (45.0%)
2025-10-25 16:38:40,516 - nmf_localizer.core.usm_trainer - INFO - W statistics: min=0.000000, max=0.569397, mean=0.002827
2025-10-25 16:38:40,516 - nmf_localizer.core.usm_trainer - INFO - Speaker 70: W shape torch.Size([346, 50]), loss 0.075609
2025-10-25 16:38:40,516 - nmf_localizer.core.usm_trainer - INFO - Training speaker model: input shape torch.Size([346, 286])
2025-10-25 16:38:40,516 - nmf_localizer.core.usm_trainer - INFO - NMF fitting: V shape torch.Size([346, 286]), n_components 50
2025-10-25 16:38:40,516 - nmf_localizer.core.usm_trainer - INFO - Input data statistics: mean=6.61e-04, std=9.21e-04, max=1.22e-02
/opt/anaconda3/lib/python3.12/site-packages/sklearn/decomposition/_nmf.py:1742: ConvergenceWarning: Maximum number of iterations 1000 reached. Increase it to improve convergence.
  warnings.warn(
2025-10-25 16:38:44,254 - nmf_localizer.core.usm_trainer - INFO - NMF completed: 1000 iterations, final loss: 0.063190
2025-10-25 16:38:44,254 - nmf_localizer.core.usm_trainer - INFO - W non-zero elements: 7643/17300 (44.2%)
2025-10-25 16:38:44,254 - nmf_localizer.core.usm_trainer - INFO - W statistics: min=0.000000, max=0.431042, mean=0.002810
2025-10-25 16:38:44,255 - nmf_localizer.core.usm_trainer - INFO - Speaker 71: W shape torch.Size([346, 50]), loss 0.063190
2025-10-25 16:38:44,255 - nmf_localizer.core.usm_trainer - INFO - Training speaker model: input shape torch.Size([346, 286])
2025-10-25 16:38:44,255 - nmf_localizer.core.usm_trainer - INFO - NMF fitting: V shape torch.Size([346, 286]), n_components 50
2025-10-25 16:38:44,255 - nmf_localizer.core.usm_trainer - INFO - Input data statistics: mean=8.24e-04, std=1.22e-03, max=2.24e-02
/opt/anaconda3/lib/python3.12/site-packages/sklearn/decomposition/_nmf.py:1742: ConvergenceWarning: Maximum number of iterations 1000 reached. Increase it to improve convergence.
  warnings.warn(
2025-10-25 16:38:48,074 - nmf_localizer.core.usm_trainer - INFO - NMF completed: 1000 iterations, final loss: 0.072010
2025-10-25 16:38:48,074 - nmf_localizer.core.usm_trainer - INFO - W non-zero elements: 7844/17300 (45.3%)
2025-10-25 16:38:48,074 - nmf_localizer.core.usm_trainer - INFO - W statistics: min=0.000000, max=0.624584, mean=0.003343
2025-10-25 16:38:48,074 - nmf_localizer.core.usm_trainer - INFO - Speaker 72: W shape torch.Size([346, 50]), loss 0.072010
2025-10-25 16:38:48,074 - nmf_localizer.core.usm_trainer - INFO - Training speaker model: input shape torch.Size([346, 286])
2025-10-25 16:38:48,074 - nmf_localizer.core.usm_trainer - INFO - NMF fitting: V shape torch.Size([346, 286]), n_components 50
2025-10-25 16:38:48,074 - nmf_localizer.core.usm_trainer - INFO - Input data statistics: mean=8.50e-04, std=1.27e-03, max=2.31e-02
/opt/anaconda3/lib/python3.12/site-packages/sklearn/decomposition/_nmf.py:1742: ConvergenceWarning: Maximum number of iterations 1000 reached. Increase it to improve convergence.
  warnings.warn(
2025-10-25 16:38:51,496 - nmf_localizer.core.usm_trainer - INFO - NMF completed: 1000 iterations, final loss: 0.074668
2025-10-25 16:38:51,496 - nmf_localizer.core.usm_trainer - INFO - W non-zero elements: 7767/17300 (44.9%)
2025-10-25 16:38:51,496 - nmf_localizer.core.usm_trainer - INFO - W statistics: min=0.000000, max=0.955736, mean=0.003510
2025-10-25 16:38:51,496 - nmf_localizer.core.usm_trainer - INFO - Speaker 73: W shape torch.Size([346, 50]), loss 0.074668
2025-10-25 16:38:51,496 - nmf_localizer.core.usm_trainer - INFO - Training speaker model: input shape torch.Size([346, 286])
2025-10-25 16:38:51,496 - nmf_localizer.core.usm_trainer - INFO - NMF fitting: V shape torch.Size([346, 286]), n_components 50
2025-10-25 16:38:51,496 - nmf_localizer.core.usm_trainer - INFO - Input data statistics: mean=7.66e-04, std=1.14e-03, max=2.02e-02
/opt/anaconda3/lib/python3.12/site-packages/sklearn/decomposition/_nmf.py:1742: ConvergenceWarning: Maximum number of iterations 1000 reached. Increase it to improve convergence.
  warnings.warn(
2025-10-25 16:38:55,311 - nmf_localizer.core.usm_trainer - INFO - NMF completed: 1000 iterations, final loss: 0.067270
2025-10-25 16:38:55,311 - nmf_localizer.core.usm_trainer - INFO - W non-zero elements: 7641/17300 (44.2%)
2025-10-25 16:38:55,311 - nmf_localizer.core.usm_trainer - INFO - W statistics: min=0.000000, max=0.469205, mean=0.003018
2025-10-25 16:38:55,311 - nmf_localizer.core.usm_trainer - INFO - Speaker 74: W shape torch.Size([346, 50]), loss 0.067270
2025-10-25 16:38:55,311 - nmf_localizer.core.usm_trainer - INFO - Training speaker model: input shape torch.Size([346, 286])
2025-10-25 16:38:55,311 - nmf_localizer.core.usm_trainer - INFO - NMF fitting: V shape torch.Size([346, 286]), n_components 50
2025-10-25 16:38:55,311 - nmf_localizer.core.usm_trainer - INFO - Input data statistics: mean=5.42e-04, std=7.19e-04, max=9.64e-03
/opt/anaconda3/lib/python3.12/site-packages/sklearn/decomposition/_nmf.py:1742: ConvergenceWarning: Maximum number of iterations 1000 reached. Increase it to improve convergence.
  warnings.warn(
2025-10-25 16:38:58,659 - nmf_localizer.core.usm_trainer - INFO - NMF completed: 1000 iterations, final loss: 0.050832
2025-10-25 16:38:58,659 - nmf_localizer.core.usm_trainer - INFO - W non-zero elements: 7739/17300 (44.7%)
2025-10-25 16:38:58,659 - nmf_localizer.core.usm_trainer - INFO - W statistics: min=0.000000, max=0.456609, mean=0.002651
2025-10-25 16:38:58,659 - nmf_localizer.core.usm_trainer - INFO - Speaker 75: W shape torch.Size([346, 50]), loss 0.050832
2025-10-25 16:38:58,659 - nmf_localizer.core.usm_trainer - INFO - Training speaker model: input shape torch.Size([346, 286])
2025-10-25 16:38:58,659 - nmf_localizer.core.usm_trainer - INFO - NMF fitting: V shape torch.Size([346, 286]), n_components 50
2025-10-25 16:38:58,659 - nmf_localizer.core.usm_trainer - INFO - Input data statistics: mean=6.27e-04, std=8.32e-04, max=1.17e-02
/opt/anaconda3/lib/python3.12/site-packages/sklearn/decomposition/_nmf.py:1742: ConvergenceWarning: Maximum number of iterations 1000 reached. Increase it to improve convergence.
  warnings.warn(
2025-10-25 16:39:02,109 - nmf_localizer.core.usm_trainer - INFO - NMF completed: 1000 iterations, final loss: 0.058847
2025-10-25 16:39:02,109 - nmf_localizer.core.usm_trainer - INFO - W non-zero elements: 7687/17300 (44.4%)
2025-10-25 16:39:02,109 - nmf_localizer.core.usm_trainer - INFO - W statistics: min=0.000000, max=0.459291, mean=0.002743
2025-10-25 16:39:02,109 - nmf_localizer.core.usm_trainer - INFO - Speaker 76: W shape torch.Size([346, 50]), loss 0.058847
2025-10-25 16:39:02,109 - nmf_localizer.core.usm_trainer - INFO - Training speaker model: input shape torch.Size([346, 286])
2025-10-25 16:39:02,109 - nmf_localizer.core.usm_trainer - INFO - NMF fitting: V shape torch.Size([346, 286]), n_components 50
2025-10-25 16:39:02,109 - nmf_localizer.core.usm_trainer - INFO - Input data statistics: mean=6.09e-04, std=8.08e-04, max=1.18e-02
/opt/anaconda3/lib/python3.12/site-packages/sklearn/decomposition/_nmf.py:1742: ConvergenceWarning: Maximum number of iterations 1000 reached. Increase it to improve convergence.
  warnings.warn(
2025-10-25 16:39:05,630 - nmf_localizer.core.usm_trainer - INFO - NMF completed: 1000 iterations, final loss: 0.056976
2025-10-25 16:39:05,631 - nmf_localizer.core.usm_trainer - INFO - W non-zero elements: 7807/17300 (45.1%)
2025-10-25 16:39:05,631 - nmf_localizer.core.usm_trainer - INFO - W statistics: min=0.000000, max=0.457437, mean=0.002637
2025-10-25 16:39:05,631 - nmf_localizer.core.usm_trainer - INFO - Speaker 77: W shape torch.Size([346, 50]), loss 0.056976
2025-10-25 16:39:05,631 - nmf_localizer.core.usm_trainer - INFO - Training speaker model: input shape torch.Size([346, 286])
2025-10-25 16:39:05,631 - nmf_localizer.core.usm_trainer - INFO - NMF fitting: V shape torch.Size([346, 286]), n_components 50
2025-10-25 16:39:05,631 - nmf_localizer.core.usm_trainer - INFO - Input data statistics: mean=6.17e-04, std=7.73e-04, max=9.31e-03
/opt/anaconda3/lib/python3.12/site-packages/sklearn/decomposition/_nmf.py:1742: ConvergenceWarning: Maximum number of iterations 1000 reached. Increase it to improve convergence.
  warnings.warn(
2025-10-25 16:39:09,588 - nmf_localizer.core.usm_trainer - INFO - NMF completed: 1000 iterations, final loss: 0.060940
2025-10-25 16:39:09,589 - nmf_localizer.core.usm_trainer - INFO - W non-zero elements: 7951/17300 (46.0%)
2025-10-25 16:39:09,589 - nmf_localizer.core.usm_trainer - INFO - W statistics: min=0.000000, max=0.443442, mean=0.002636
2025-10-25 16:39:09,589 - nmf_localizer.core.usm_trainer - INFO - Speaker 78: W shape torch.Size([346, 50]), loss 0.060940
2025-10-25 16:39:09,589 - nmf_localizer.core.usm_trainer - INFO - Training speaker model: input shape torch.Size([346, 286])
2025-10-25 16:39:09,589 - nmf_localizer.core.usm_trainer - INFO - NMF fitting: V shape torch.Size([346, 286]), n_components 50
2025-10-25 16:39:09,589 - nmf_localizer.core.usm_trainer - INFO - Input data statistics: mean=6.32e-04, std=7.92e-04, max=9.93e-03
/opt/anaconda3/lib/python3.12/site-packages/sklearn/decomposition/_nmf.py:1742: ConvergenceWarning: Maximum number of iterations 1000 reached. Increase it to improve convergence.
  warnings.warn(
2025-10-25 16:39:13,321 - nmf_localizer.core.usm_trainer - INFO - NMF completed: 1000 iterations, final loss: 0.062135
2025-10-25 16:39:13,321 - nmf_localizer.core.usm_trainer - INFO - W non-zero elements: 7788/17300 (45.0%)
2025-10-25 16:39:13,321 - nmf_localizer.core.usm_trainer - INFO - W statistics: min=0.000000, max=0.460836, mean=0.002902
2025-10-25 16:39:13,321 - nmf_localizer.core.usm_trainer - INFO - Speaker 79: W shape torch.Size([346, 50]), loss 0.062135
2025-10-25 16:39:13,321 - nmf_localizer.core.usm_trainer - INFO - Training speaker model: input shape torch.Size([346, 286])
2025-10-25 16:39:13,321 - nmf_localizer.core.usm_trainer - INFO - NMF fitting: V shape torch.Size([346, 286]), n_components 50
2025-10-25 16:39:13,321 - nmf_localizer.core.usm_trainer - INFO - Input data statistics: mean=6.12e-04, std=7.67e-04, max=9.63e-03
/opt/anaconda3/lib/python3.12/site-packages/sklearn/decomposition/_nmf.py:1742: ConvergenceWarning: Maximum number of iterations 1000 reached. Increase it to improve convergence.
  warnings.warn(
2025-10-25 16:39:16,690 - nmf_localizer.core.usm_trainer - INFO - NMF completed: 1000 iterations, final loss: 0.059855
2025-10-25 16:39:16,690 - nmf_localizer.core.usm_trainer - INFO - W non-zero elements: 7891/17300 (45.6%)
2025-10-25 16:39:16,690 - nmf_localizer.core.usm_trainer - INFO - W statistics: min=0.000000, max=0.512384, mean=0.002725
2025-10-25 16:39:16,690 - nmf_localizer.core.usm_trainer - INFO - Speaker 80: W shape torch.Size([346, 50]), loss 0.059855
2025-10-25 16:39:16,690 - nmf_localizer.core.usm_trainer - INFO - Training speaker model: input shape torch.Size([346, 286])
2025-10-25 16:39:16,690 - nmf_localizer.core.usm_trainer - INFO - NMF fitting: V shape torch.Size([346, 286]), n_components 50
2025-10-25 16:39:16,690 - nmf_localizer.core.usm_trainer - INFO - Input data statistics: mean=6.11e-04, std=8.60e-04, max=1.29e-02
/opt/anaconda3/lib/python3.12/site-packages/sklearn/decomposition/_nmf.py:1742: ConvergenceWarning: Maximum number of iterations 1000 reached. Increase it to improve convergence.
  warnings.warn(
2025-10-25 16:39:20,064 - nmf_localizer.core.usm_trainer - INFO - NMF completed: 1000 iterations, final loss: 0.054601
2025-10-25 16:39:20,064 - nmf_localizer.core.usm_trainer - INFO - W non-zero elements: 8027/17300 (46.4%)
2025-10-25 16:39:20,064 - nmf_localizer.core.usm_trainer - INFO - W statistics: min=0.000000, max=0.358467, mean=0.002628
2025-10-25 16:39:20,064 - nmf_localizer.core.usm_trainer - INFO - Speaker 81: W shape torch.Size([346, 50]), loss 0.054601
2025-10-25 16:39:20,064 - nmf_localizer.core.usm_trainer - INFO - Training speaker model: input shape torch.Size([346, 286])
2025-10-25 16:39:20,064 - nmf_localizer.core.usm_trainer - INFO - NMF fitting: V shape torch.Size([346, 286]), n_components 50
2025-10-25 16:39:20,064 - nmf_localizer.core.usm_trainer - INFO - Input data statistics: mean=5.40e-04, std=7.58e-04, max=1.17e-02
/opt/anaconda3/lib/python3.12/site-packages/sklearn/decomposition/_nmf.py:1742: ConvergenceWarning: Maximum number of iterations 1000 reached. Increase it to improve convergence.
  warnings.warn(
2025-10-25 16:39:23,986 - nmf_localizer.core.usm_trainer - INFO - NMF completed: 1000 iterations, final loss: 0.048198
2025-10-25 16:39:23,986 - nmf_localizer.core.usm_trainer - INFO - W non-zero elements: 7949/17300 (45.9%)
2025-10-25 16:39:23,986 - nmf_localizer.core.usm_trainer - INFO - W statistics: min=0.000000, max=0.505614, mean=0.002674
2025-10-25 16:39:23,987 - nmf_localizer.core.usm_trainer - INFO - Speaker 82: W shape torch.Size([346, 50]), loss 0.048198
2025-10-25 16:39:23,987 - nmf_localizer.core.usm_trainer - INFO - Training speaker model: input shape torch.Size([346, 286])
2025-10-25 16:39:23,987 - nmf_localizer.core.usm_trainer - INFO - NMF fitting: V shape torch.Size([346, 286]), n_components 50
2025-10-25 16:39:23,987 - nmf_localizer.core.usm_trainer - INFO - Input data statistics: mean=3.58e-04, std=5.03e-04, max=7.78e-03
/opt/anaconda3/lib/python3.12/site-packages/sklearn/decomposition/_nmf.py:1742: ConvergenceWarning: Maximum number of iterations 1000 reached. Increase it to improve convergence.
  warnings.warn(
2025-10-25 16:39:27,415 - nmf_localizer.core.usm_trainer - INFO - NMF completed: 1000 iterations, final loss: 0.031713
2025-10-25 16:39:27,415 - nmf_localizer.core.usm_trainer - INFO - W non-zero elements: 7961/17300 (46.0%)
2025-10-25 16:39:27,416 - nmf_localizer.core.usm_trainer - INFO - W statistics: min=0.000000, max=0.360093, mean=0.002026
2025-10-25 16:39:27,416 - nmf_localizer.core.usm_trainer - INFO - Speaker 83: W shape torch.Size([346, 50]), loss 0.031713
2025-10-25 16:39:27,416 - nmf_localizer.core.usm_trainer - INFO - Training speaker model: input shape torch.Size([346, 286])
2025-10-25 16:39:27,416 - nmf_localizer.core.usm_trainer - INFO - NMF fitting: V shape torch.Size([346, 286]), n_components 50
2025-10-25 16:39:27,416 - nmf_localizer.core.usm_trainer - INFO - Input data statistics: mean=5.97e-04, std=9.56e-04, max=1.43e-02
/opt/anaconda3/lib/python3.12/site-packages/sklearn/decomposition/_nmf.py:1742: ConvergenceWarning: Maximum number of iterations 1000 reached. Increase it to improve convergence.
  warnings.warn(
2025-10-25 16:39:31,036 - nmf_localizer.core.usm_trainer - INFO - NMF completed: 1000 iterations, final loss: 0.050102
2025-10-25 16:39:31,036 - nmf_localizer.core.usm_trainer - INFO - W non-zero elements: 7559/17300 (43.7%)
2025-10-25 16:39:31,036 - nmf_localizer.core.usm_trainer - INFO - W statistics: min=0.000000, max=0.589478, mean=0.002575
2025-10-25 16:39:31,036 - nmf_localizer.core.usm_trainer - INFO - Speaker 84: W shape torch.Size([346, 50]), loss 0.050102
2025-10-25 16:39:31,036 - nmf_localizer.core.usm_trainer - INFO - Training speaker model: input shape torch.Size([346, 286])
2025-10-25 16:39:31,036 - nmf_localizer.core.usm_trainer - INFO - NMF fitting: V shape torch.Size([346, 286]), n_components 50
2025-10-25 16:39:31,036 - nmf_localizer.core.usm_trainer - INFO - Input data statistics: mean=5.25e-04, std=8.39e-04, max=1.22e-02
/opt/anaconda3/lib/python3.12/site-packages/sklearn/decomposition/_nmf.py:1742: ConvergenceWarning: Maximum number of iterations 1000 reached. Increase it to improve convergence.
  warnings.warn(
2025-10-25 16:39:34,212 - nmf_localizer.core.usm_trainer - INFO - NMF completed: 1000 iterations, final loss: 0.044134
2025-10-25 16:39:34,212 - nmf_localizer.core.usm_trainer - INFO - W non-zero elements: 7508/17300 (43.4%)
2025-10-25 16:39:34,212 - nmf_localizer.core.usm_trainer - INFO - W statistics: min=0.000000, max=0.975000, mean=0.002494
2025-10-25 16:39:34,212 - nmf_localizer.core.usm_trainer - INFO - Speaker 85: W shape torch.Size([346, 50]), loss 0.044134
2025-10-25 16:39:34,212 - nmf_localizer.core.usm_trainer - INFO - Training speaker model: input shape torch.Size([346, 286])
2025-10-25 16:39:34,212 - nmf_localizer.core.usm_trainer - INFO - NMF fitting: V shape torch.Size([346, 286]), n_components 50
2025-10-25 16:39:34,212 - nmf_localizer.core.usm_trainer - INFO - Input data statistics: mean=5.53e-04, std=8.83e-04, max=1.35e-02
/opt/anaconda3/lib/python3.12/site-packages/sklearn/decomposition/_nmf.py:1742: ConvergenceWarning: Maximum number of iterations 1000 reached. Increase it to improve convergence.
  warnings.warn(
2025-10-25 16:39:38,109 - nmf_localizer.core.usm_trainer - INFO - NMF completed: 1000 iterations, final loss: 0.046477
2025-10-25 16:39:38,109 - nmf_localizer.core.usm_trainer - INFO - W non-zero elements: 7522/17300 (43.5%)
2025-10-25 16:39:38,110 - nmf_localizer.core.usm_trainer - INFO - W statistics: min=0.000000, max=0.628374, mean=0.002645
2025-10-25 16:39:38,110 - nmf_localizer.core.usm_trainer - INFO - Speaker 86: W shape torch.Size([346, 50]), loss 0.046477
2025-10-25 16:39:38,110 - nmf_localizer.core.usm_trainer - INFO - Training speaker model: input shape torch.Size([346, 286])
2025-10-25 16:39:38,110 - nmf_localizer.core.usm_trainer - INFO - NMF fitting: V shape torch.Size([346, 286]), n_components 50
2025-10-25 16:39:38,110 - nmf_localizer.core.usm_trainer - INFO - Input data statistics: mean=5.22e-04, std=7.87e-04, max=9.36e-03
/opt/anaconda3/lib/python3.12/site-packages/sklearn/decomposition/_nmf.py:1742: ConvergenceWarning: Maximum number of iterations 1000 reached. Increase it to improve convergence.
  warnings.warn(
2025-10-25 16:39:41,594 - nmf_localizer.core.usm_trainer - INFO - NMF completed: 1000 iterations, final loss: 0.047235
2025-10-25 16:39:41,594 - nmf_localizer.core.usm_trainer - INFO - W non-zero elements: 7481/17300 (43.2%)
2025-10-25 16:39:41,594 - nmf_localizer.core.usm_trainer - INFO - W statistics: min=0.000000, max=0.611658, mean=0.002307
2025-10-25 16:39:41,594 - nmf_localizer.core.usm_trainer - INFO - Speaker 87: W shape torch.Size([346, 50]), loss 0.047235
2025-10-25 16:39:41,594 - nmf_localizer.core.usm_trainer - INFO - Training speaker model: input shape torch.Size([346, 286])
2025-10-25 16:39:41,594 - nmf_localizer.core.usm_trainer - INFO - NMF fitting: V shape torch.Size([346, 286]), n_components 50
2025-10-25 16:39:41,595 - nmf_localizer.core.usm_trainer - INFO - Input data statistics: mean=5.20e-04, std=7.84e-04, max=9.42e-03
/opt/anaconda3/lib/python3.12/site-packages/sklearn/decomposition/_nmf.py:1742: ConvergenceWarning: Maximum number of iterations 1000 reached. Increase it to improve convergence.
  warnings.warn(
2025-10-25 16:39:45,436 - nmf_localizer.core.usm_trainer - INFO - NMF completed: 1000 iterations, final loss: 0.046901
2025-10-25 16:39:45,436 - nmf_localizer.core.usm_trainer - INFO - W non-zero elements: 7519/17300 (43.5%)
2025-10-25 16:39:45,436 - nmf_localizer.core.usm_trainer - INFO - W statistics: min=0.000000, max=0.482876, mean=0.002451
2025-10-25 16:39:45,436 - nmf_localizer.core.usm_trainer - INFO - Speaker 88: W shape torch.Size([346, 50]), loss 0.046901
2025-10-25 16:39:45,436 - nmf_localizer.core.usm_trainer - INFO - Training speaker model: input shape torch.Size([346, 286])
2025-10-25 16:39:45,436 - nmf_localizer.core.usm_trainer - INFO - NMF fitting: V shape torch.Size([346, 286]), n_components 50
2025-10-25 16:39:45,436 - nmf_localizer.core.usm_trainer - INFO - Input data statistics: mean=5.92e-04, std=8.93e-04, max=1.09e-02
/opt/anaconda3/lib/python3.12/site-packages/sklearn/decomposition/_nmf.py:1742: ConvergenceWarning: Maximum number of iterations 1000 reached. Increase it to improve convergence.
  warnings.warn(
2025-10-25 16:39:48,690 - nmf_localizer.core.usm_trainer - INFO - NMF completed: 1000 iterations, final loss: 0.053413
2025-10-25 16:39:48,690 - nmf_localizer.core.usm_trainer - INFO - W non-zero elements: 7333/17300 (42.4%)
2025-10-25 16:39:48,690 - nmf_localizer.core.usm_trainer - INFO - W statistics: min=0.000000, max=0.454164, mean=0.002555
2025-10-25 16:39:48,690 - nmf_localizer.core.usm_trainer - INFO - Speaker 89: W shape torch.Size([346, 50]), loss 0.053413
2025-10-25 16:39:48,690 - nmf_localizer.core.usm_trainer - INFO - Training speaker model: input shape torch.Size([346, 286])
2025-10-25 16:39:48,690 - nmf_localizer.core.usm_trainer - INFO - NMF fitting: V shape torch.Size([346, 286]), n_components 50
2025-10-25 16:39:48,690 - nmf_localizer.core.usm_trainer - INFO - Input data statistics: mean=5.69e-04, std=7.91e-04, max=1.05e-02
/opt/anaconda3/lib/python3.12/site-packages/sklearn/decomposition/_nmf.py:1742: ConvergenceWarning: Maximum number of iterations 1000 reached. Increase it to improve convergence.
  warnings.warn(
2025-10-25 16:39:52,456 - nmf_localizer.core.usm_trainer - INFO - NMF completed: 1000 iterations, final loss: 0.053286
2025-10-25 16:39:52,456 - nmf_localizer.core.usm_trainer - INFO - W non-zero elements: 8014/17300 (46.3%)
2025-10-25 16:39:52,456 - nmf_localizer.core.usm_trainer - INFO - W statistics: min=0.000000, max=0.344513, mean=0.002506
2025-10-25 16:39:52,456 - nmf_localizer.core.usm_trainer - INFO - Speaker 90: W shape torch.Size([346, 50]), loss 0.053286
2025-10-25 16:39:52,456 - nmf_localizer.core.usm_trainer - INFO - Training speaker model: input shape torch.Size([346, 286])
2025-10-25 16:39:52,456 - nmf_localizer.core.usm_trainer - INFO - NMF fitting: V shape torch.Size([346, 286]), n_components 50
2025-10-25 16:39:52,456 - nmf_localizer.core.usm_trainer - INFO - Input data statistics: mean=4.55e-04, std=6.32e-04, max=8.57e-03
/opt/anaconda3/lib/python3.12/site-packages/sklearn/decomposition/_nmf.py:1742: ConvergenceWarning: Maximum number of iterations 1000 reached. Increase it to improve convergence.
  warnings.warn(
2025-10-25 16:39:56,307 - nmf_localizer.core.usm_trainer - INFO - NMF completed: 1000 iterations, final loss: 0.042796
2025-10-25 16:39:56,307 - nmf_localizer.core.usm_trainer - INFO - W non-zero elements: 7913/17300 (45.7%)
2025-10-25 16:39:56,307 - nmf_localizer.core.usm_trainer - INFO - W statistics: min=0.000000, max=0.353857, mean=0.002245
2025-10-25 16:39:56,307 - nmf_localizer.core.usm_trainer - INFO - Speaker 91: W shape torch.Size([346, 50]), loss 0.042796
2025-10-25 16:39:56,307 - nmf_localizer.core.usm_trainer - INFO - Training speaker model: input shape torch.Size([346, 286])
2025-10-25 16:39:56,307 - nmf_localizer.core.usm_trainer - INFO - NMF fitting: V shape torch.Size([346, 286]), n_components 50
2025-10-25 16:39:56,307 - nmf_localizer.core.usm_trainer - INFO - Input data statistics: mean=5.70e-04, std=7.91e-04, max=1.07e-02
/opt/anaconda3/lib/python3.12/site-packages/sklearn/decomposition/_nmf.py:1742: ConvergenceWarning: Maximum number of iterations 1000 reached. Increase it to improve convergence.
  warnings.warn(
2025-10-25 16:40:00,128 - nmf_localizer.core.usm_trainer - INFO - NMF completed: 1000 iterations, final loss: 0.053856
2025-10-25 16:40:00,128 - nmf_localizer.core.usm_trainer - INFO - W non-zero elements: 7831/17300 (45.3%)
2025-10-25 16:40:00,128 - nmf_localizer.core.usm_trainer - INFO - W statistics: min=0.000000, max=0.580582, mean=0.002442
2025-10-25 16:40:00,128 - nmf_localizer.core.usm_trainer - INFO - Speaker 92: W shape torch.Size([346, 50]), loss 0.053856
2025-10-25 16:40:00,128 - nmf_localizer.core.usm_trainer - INFO - Training speaker model: input shape torch.Size([346, 286])
2025-10-25 16:40:00,128 - nmf_localizer.core.usm_trainer - INFO - NMF fitting: V shape torch.Size([346, 286]), n_components 50
2025-10-25 16:40:00,129 - nmf_localizer.core.usm_trainer - INFO - Input data statistics: mean=5.29e-04, std=8.80e-04, max=1.32e-02
/opt/anaconda3/lib/python3.12/site-packages/sklearn/decomposition/_nmf.py:1742: ConvergenceWarning: Maximum number of iterations 1000 reached. Increase it to improve convergence.
  warnings.warn(
2025-10-25 16:40:03,716 - nmf_localizer.core.usm_trainer - INFO - NMF completed: 1000 iterations, final loss: 0.043349
2025-10-25 16:40:03,716 - nmf_localizer.core.usm_trainer - INFO - W non-zero elements: 7748/17300 (44.8%)
2025-10-25 16:40:03,716 - nmf_localizer.core.usm_trainer - INFO - W statistics: min=0.000000, max=0.552020, mean=0.002173
2025-10-25 16:40:03,716 - nmf_localizer.core.usm_trainer - INFO - Speaker 93: W shape torch.Size([346, 50]), loss 0.043349
2025-10-25 16:40:03,716 - nmf_localizer.core.usm_trainer - INFO - Training speaker model: input shape torch.Size([346, 286])
2025-10-25 16:40:03,716 - nmf_localizer.core.usm_trainer - INFO - NMF fitting: V shape torch.Size([346, 286]), n_components 50
2025-10-25 16:40:03,716 - nmf_localizer.core.usm_trainer - INFO - Input data statistics: mean=5.66e-04, std=9.44e-04, max=1.40e-02
/opt/anaconda3/lib/python3.12/site-packages/sklearn/decomposition/_nmf.py:1742: ConvergenceWarning: Maximum number of iterations 1000 reached. Increase it to improve convergence.
  warnings.warn(
2025-10-25 16:40:07,118 - nmf_localizer.core.usm_trainer - INFO - NMF completed: 1000 iterations, final loss: 0.046677
2025-10-25 16:40:07,118 - nmf_localizer.core.usm_trainer - INFO - W non-zero elements: 7765/17300 (44.9%)
2025-10-25 16:40:07,119 - nmf_localizer.core.usm_trainer - INFO - W statistics: min=0.000000, max=0.575442, mean=0.002352
2025-10-25 16:40:07,119 - nmf_localizer.core.usm_trainer - INFO - Speaker 94: W shape torch.Size([346, 50]), loss 0.046677
2025-10-25 16:40:07,119 - nmf_localizer.core.usm_trainer - INFO - Training speaker model: input shape torch.Size([346, 286])
2025-10-25 16:40:07,119 - nmf_localizer.core.usm_trainer - INFO - NMF fitting: V shape torch.Size([346, 286]), n_components 50
2025-10-25 16:40:07,119 - nmf_localizer.core.usm_trainer - INFO - Input data statistics: mean=5.27e-04, std=8.74e-04, max=1.28e-02
/opt/anaconda3/lib/python3.12/site-packages/sklearn/decomposition/_nmf.py:1742: ConvergenceWarning: Maximum number of iterations 1000 reached. Increase it to improve convergence.
  warnings.warn(
2025-10-25 16:40:10,376 - nmf_localizer.core.usm_trainer - INFO - NMF completed: 1000 iterations, final loss: 0.043098
2025-10-25 16:40:10,377 - nmf_localizer.core.usm_trainer - INFO - W non-zero elements: 7936/17300 (45.9%)
2025-10-25 16:40:10,377 - nmf_localizer.core.usm_trainer - INFO - W statistics: min=0.000000, max=0.623578, mean=0.002246
2025-10-25 16:40:10,377 - nmf_localizer.core.usm_trainer - INFO - Speaker 95: W shape torch.Size([346, 50]), loss 0.043098
2025-10-25 16:40:10,377 - nmf_localizer.core.usm_trainer - INFO - Training speaker model: input shape torch.Size([346, 286])
2025-10-25 16:40:10,377 - nmf_localizer.core.usm_trainer - INFO - NMF fitting: V shape torch.Size([346, 286]), n_components 50
2025-10-25 16:40:10,377 - nmf_localizer.core.usm_trainer - INFO - Input data statistics: mean=6.37e-04, std=9.74e-04, max=1.51e-02
/opt/anaconda3/lib/python3.12/site-packages/sklearn/decomposition/_nmf.py:1742: ConvergenceWarning: Maximum number of iterations 1000 reached. Increase it to improve convergence.
  warnings.warn(
2025-10-25 16:40:14,262 - nmf_localizer.core.usm_trainer - INFO - NMF completed: 1000 iterations, final loss: 0.055371
2025-10-25 16:40:14,262 - nmf_localizer.core.usm_trainer - INFO - W non-zero elements: 7795/17300 (45.1%)
2025-10-25 16:40:14,262 - nmf_localizer.core.usm_trainer - INFO - W statistics: min=0.000000, max=0.515482, mean=0.002551
2025-10-25 16:40:14,262 - nmf_localizer.core.usm_trainer - INFO - Speaker 96: W shape torch.Size([346, 50]), loss 0.055371
2025-10-25 16:40:14,262 - nmf_localizer.core.usm_trainer - INFO - Training speaker model: input shape torch.Size([346, 286])
2025-10-25 16:40:14,262 - nmf_localizer.core.usm_trainer - INFO - NMF fitting: V shape torch.Size([346, 286]), n_components 50
2025-10-25 16:40:14,262 - nmf_localizer.core.usm_trainer - INFO - Input data statistics: mean=6.82e-04, std=1.04e-03, max=1.71e-02
/opt/anaconda3/lib/python3.12/site-packages/sklearn/decomposition/_nmf.py:1742: ConvergenceWarning: Maximum number of iterations 1000 reached. Increase it to improve convergence.
  warnings.warn(
2025-10-25 16:40:17,942 - nmf_localizer.core.usm_trainer - INFO - NMF completed: 1000 iterations, final loss: 0.059665
2025-10-25 16:40:17,943 - nmf_localizer.core.usm_trainer - INFO - W non-zero elements: 7910/17300 (45.7%)
2025-10-25 16:40:17,943 - nmf_localizer.core.usm_trainer - INFO - W statistics: min=0.000000, max=0.552785, mean=0.002638
2025-10-25 16:40:17,943 - nmf_localizer.core.usm_trainer - INFO - Speaker 97: W shape torch.Size([346, 50]), loss 0.059665
2025-10-25 16:40:17,943 - nmf_localizer.core.usm_trainer - INFO - Training speaker model: input shape torch.Size([346, 286])
2025-10-25 16:40:17,943 - nmf_localizer.core.usm_trainer - INFO - NMF fitting: V shape torch.Size([346, 286]), n_components 50
2025-10-25 16:40:17,944 - nmf_localizer.core.usm_trainer - INFO - Input data statistics: mean=6.66e-04, std=1.02e-03, max=1.73e-02
/opt/anaconda3/lib/python3.12/site-packages/sklearn/decomposition/_nmf.py:1742: ConvergenceWarning: Maximum number of iterations 1000 reached. Increase it to improve convergence.
  warnings.warn(
2025-10-25 16:40:21,540 - nmf_localizer.core.usm_trainer - INFO - NMF completed: 1000 iterations, final loss: 0.058087
2025-10-25 16:40:21,540 - nmf_localizer.core.usm_trainer - INFO - W non-zero elements: 7854/17300 (45.4%)
2025-10-25 16:40:21,540 - nmf_localizer.core.usm_trainer - INFO - W statistics: min=0.000000, max=0.556734, mean=0.002629
2025-10-25 16:40:21,540 - nmf_localizer.core.usm_trainer - INFO - Speaker 98: W shape torch.Size([346, 50]), loss 0.058087
2025-10-25 16:40:21,540 - nmf_localizer.core.usm_trainer - INFO - Training speaker model: input shape torch.Size([346, 286])
2025-10-25 16:40:21,540 - nmf_localizer.core.usm_trainer - INFO - NMF fitting: V shape torch.Size([346, 286]), n_components 50
2025-10-25 16:40:21,541 - nmf_localizer.core.usm_trainer - INFO - Input data statistics: mean=5.73e-04, std=1.07e-03, max=1.38e-02
/opt/anaconda3/lib/python3.12/site-packages/sklearn/decomposition/_nmf.py:1742: ConvergenceWarning: Maximum number of iterations 1000 reached. Increase it to improve convergence.
  warnings.warn(
2025-10-25 16:40:25,090 - nmf_localizer.core.usm_trainer - INFO - NMF completed: 1000 iterations, final loss: 0.040448
2025-10-25 16:40:25,090 - nmf_localizer.core.usm_trainer - INFO - W non-zero elements: 7204/17300 (41.6%)
2025-10-25 16:40:25,090 - nmf_localizer.core.usm_trainer - INFO - W statistics: min=0.000000, max=0.745066, mean=0.002620
2025-10-25 16:40:25,090 - nmf_localizer.core.usm_trainer - INFO - Speaker 99: W shape torch.Size([346, 50]), loss 0.040448
2025-10-25 16:40:25,090 - nmf_localizer.core.usm_trainer - INFO - Training speaker model: input shape torch.Size([346, 286])
2025-10-25 16:40:25,090 - nmf_localizer.core.usm_trainer - INFO - NMF fitting: V shape torch.Size([346, 286]), n_components 50
2025-10-25 16:40:25,090 - nmf_localizer.core.usm_trainer - INFO - Input data statistics: mean=5.83e-04, std=1.09e-03, max=1.46e-02
/opt/anaconda3/lib/python3.12/site-packages/sklearn/decomposition/_nmf.py:1742: ConvergenceWarning: Maximum number of iterations 1000 reached. Increase it to improve convergence.
  warnings.warn(
2025-10-25 16:40:28,485 - nmf_localizer.core.usm_trainer - INFO - NMF completed: 1000 iterations, final loss: 0.041254
2025-10-25 16:40:28,485 - nmf_localizer.core.usm_trainer - INFO - W non-zero elements: 7197/17300 (41.6%)
2025-10-25 16:40:28,485 - nmf_localizer.core.usm_trainer - INFO - W statistics: min=0.000000, max=0.593833, mean=0.002514
2025-10-25 16:40:28,485 - nmf_localizer.core.usm_trainer - INFO - Speaker 100: W shape torch.Size([346, 50]), loss 0.041254
2025-10-25 16:40:28,485 - nmf_localizer.core.usm_trainer - INFO - Training speaker model: input shape torch.Size([346, 286])
2025-10-25 16:40:28,485 - nmf_localizer.core.usm_trainer - INFO - NMF fitting: V shape torch.Size([346, 286]), n_components 50
2025-10-25 16:40:28,486 - nmf_localizer.core.usm_trainer - INFO - Input data statistics: mean=5.78e-04, std=1.08e-03, max=1.44e-02
/opt/anaconda3/lib/python3.12/site-packages/sklearn/decomposition/_nmf.py:1742: ConvergenceWarning: Maximum number of iterations 1000 reached. Increase it to improve convergence.
  warnings.warn(
2025-10-25 16:40:32,279 - nmf_localizer.core.usm_trainer - INFO - NMF completed: 1000 iterations, final loss: 0.040872
2025-10-25 16:40:32,279 - nmf_localizer.core.usm_trainer - INFO - W non-zero elements: 7114/17300 (41.1%)
2025-10-25 16:40:32,279 - nmf_localizer.core.usm_trainer - INFO - W statistics: min=0.000000, max=0.825969, mean=0.002661
2025-10-25 16:40:32,279 - nmf_localizer.core.usm_trainer - INFO - Speaker 101: W shape torch.Size([346, 50]), loss 0.040872
2025-10-25 16:40:32,279 - nmf_localizer.core.usm_trainer - INFO - Training speaker model: input shape torch.Size([346, 286])
2025-10-25 16:40:32,279 - nmf_localizer.core.usm_trainer - INFO - NMF fitting: V shape torch.Size([346, 286]), n_components 50
2025-10-25 16:40:32,279 - nmf_localizer.core.usm_trainer - INFO - Input data statistics: mean=7.97e-04, std=1.62e-03, max=1.94e-02
/opt/anaconda3/lib/python3.12/site-packages/sklearn/decomposition/_nmf.py:1742: ConvergenceWarning: Maximum number of iterations 1000 reached. Increase it to improve convergence.
  warnings.warn(
2025-10-25 16:40:35,576 - nmf_localizer.core.usm_trainer - INFO - NMF completed: 1000 iterations, final loss: 0.049943
2025-10-25 16:40:35,576 - nmf_localizer.core.usm_trainer - INFO - W non-zero elements: 7025/17300 (40.6%)
2025-10-25 16:40:35,576 - nmf_localizer.core.usm_trainer - INFO - W statistics: min=0.000000, max=0.978499, mean=0.002883
2025-10-25 16:40:35,576 - nmf_localizer.core.usm_trainer - INFO - Speaker 102: W shape torch.Size([346, 50]), loss 0.049943
2025-10-25 16:40:35,576 - nmf_localizer.core.usm_trainer - INFO - Training speaker model: input shape torch.Size([346, 286])
2025-10-25 16:40:35,576 - nmf_localizer.core.usm_trainer - INFO - NMF fitting: V shape torch.Size([346, 286]), n_components 50
2025-10-25 16:40:35,577 - nmf_localizer.core.usm_trainer - INFO - Input data statistics: mean=8.00e-04, std=1.63e-03, max=1.95e-02
/opt/anaconda3/lib/python3.12/site-packages/sklearn/decomposition/_nmf.py:1742: ConvergenceWarning: Maximum number of iterations 1000 reached. Increase it to improve convergence.
  warnings.warn(
2025-10-25 16:40:39,250 - nmf_localizer.core.usm_trainer - INFO - NMF completed: 1000 iterations, final loss: 0.050197
2025-10-25 16:40:39,250 - nmf_localizer.core.usm_trainer - INFO - W non-zero elements: 7137/17300 (41.3%)
2025-10-25 16:40:39,250 - nmf_localizer.core.usm_trainer - INFO - W statistics: min=0.000000, max=0.868403, mean=0.003050
2025-10-25 16:40:39,250 - nmf_localizer.core.usm_trainer - INFO - Speaker 103: W shape torch.Size([346, 50]), loss 0.050197
2025-10-25 16:40:39,250 - nmf_localizer.core.usm_trainer - INFO - Training speaker model: input shape torch.Size([346, 286])
2025-10-25 16:40:39,250 - nmf_localizer.core.usm_trainer - INFO - NMF fitting: V shape torch.Size([346, 286]), n_components 50
2025-10-25 16:40:39,250 - nmf_localizer.core.usm_trainer - INFO - Input data statistics: mean=7.56e-04, std=1.54e-03, max=1.90e-02
/opt/anaconda3/lib/python3.12/site-packages/sklearn/decomposition/_nmf.py:1742: ConvergenceWarning: Maximum number of iterations 1000 reached. Increase it to improve convergence.
  warnings.warn(
2025-10-25 16:40:42,427 - nmf_localizer.core.usm_trainer - INFO - NMF completed: 1000 iterations, final loss: 0.047410
2025-10-25 16:40:42,427 - nmf_localizer.core.usm_trainer - INFO - W non-zero elements: 7171/17300 (41.5%)
2025-10-25 16:40:42,427 - nmf_localizer.core.usm_trainer - INFO - W statistics: min=0.000000, max=1.053553, mean=0.002927
2025-10-25 16:40:42,427 - nmf_localizer.core.usm_trainer - INFO - Speaker 104: W shape torch.Size([346, 50]), loss 0.047410
2025-10-25 16:40:42,427 - nmf_localizer.core.usm_trainer - INFO - Training speaker model: input shape torch.Size([346, 286])
2025-10-25 16:40:42,427 - nmf_localizer.core.usm_trainer - INFO - NMF fitting: V shape torch.Size([346, 286]), n_components 50
2025-10-25 16:40:42,427 - nmf_localizer.core.usm_trainer - INFO - Input data statistics: mean=5.98e-04, std=9.76e-04, max=1.34e-02
/opt/anaconda3/lib/python3.12/site-packages/sklearn/decomposition/_nmf.py:1742: ConvergenceWarning: Maximum number of iterations 1000 reached. Increase it to improve convergence.
  warnings.warn(
2025-10-25 16:40:46,200 - nmf_localizer.core.usm_trainer - INFO - NMF completed: 1000 iterations, final loss: 0.051272
2025-10-25 16:40:46,200 - nmf_localizer.core.usm_trainer - INFO - W non-zero elements: 7606/17300 (44.0%)
2025-10-25 16:40:46,200 - nmf_localizer.core.usm_trainer - INFO - W statistics: min=0.000000, max=0.522919, mean=0.002649
2025-10-25 16:40:46,200 - nmf_localizer.core.usm_trainer - INFO - Speaker 105: W shape torch.Size([346, 50]), loss 0.051272
2025-10-25 16:40:46,200 - nmf_localizer.core.usm_trainer - INFO - Training speaker model: input shape torch.Size([346, 286])
2025-10-25 16:40:46,200 - nmf_localizer.core.usm_trainer - INFO - NMF fitting: V shape torch.Size([346, 286]), n_components 50
2025-10-25 16:40:46,200 - nmf_localizer.core.usm_trainer - INFO - Input data statistics: mean=5.04e-04, std=8.21e-04, max=1.07e-02
/opt/anaconda3/lib/python3.12/site-packages/sklearn/decomposition/_nmf.py:1742: ConvergenceWarning: Maximum number of iterations 1000 reached. Increase it to improve convergence.
  warnings.warn(
2025-10-25 16:40:49,719 - nmf_localizer.core.usm_trainer - INFO - NMF completed: 1000 iterations, final loss: 0.042775
2025-10-25 16:40:49,719 - nmf_localizer.core.usm_trainer - INFO - W non-zero elements: 7535/17300 (43.6%)
2025-10-25 16:40:49,720 - nmf_localizer.core.usm_trainer - INFO - W statistics: min=0.000000, max=0.586480, mean=0.002420
2025-10-25 16:40:49,720 - nmf_localizer.core.usm_trainer - INFO - Speaker 106: W shape torch.Size([346, 50]), loss 0.042775
2025-10-25 16:40:49,720 - nmf_localizer.core.usm_trainer - INFO - Training speaker model: input shape torch.Size([346, 286])
2025-10-25 16:40:49,720 - nmf_localizer.core.usm_trainer - INFO - NMF fitting: V shape torch.Size([346, 286]), n_components 50
2025-10-25 16:40:49,720 - nmf_localizer.core.usm_trainer - INFO - Input data statistics: mean=5.60e-04, std=9.10e-04, max=1.19e-02
/opt/anaconda3/lib/python3.12/site-packages/sklearn/decomposition/_nmf.py:1742: ConvergenceWarning: Maximum number of iterations 1000 reached. Increase it to improve convergence.
  warnings.warn(
2025-10-25 16:40:53,193 - nmf_localizer.core.usm_trainer - INFO - NMF completed: 1000 iterations, final loss: 0.047580
2025-10-25 16:40:53,193 - nmf_localizer.core.usm_trainer - INFO - W non-zero elements: 7492/17300 (43.3%)
2025-10-25 16:40:53,193 - nmf_localizer.core.usm_trainer - INFO - W statistics: min=0.000000, max=0.518893, mean=0.002637
2025-10-25 16:40:53,193 - nmf_localizer.core.usm_trainer - INFO - Speaker 107: W shape torch.Size([346, 50]), loss 0.047580
2025-10-25 16:40:53,193 - nmf_localizer.core.usm_trainer - INFO - Training speaker model: input shape torch.Size([346, 286])
2025-10-25 16:40:53,193 - nmf_localizer.core.usm_trainer - INFO - NMF fitting: V shape torch.Size([346, 286]), n_components 50
2025-10-25 16:40:53,194 - nmf_localizer.core.usm_trainer - INFO - Input data statistics: mean=7.44e-04, std=1.47e-03, max=2.02e-02
/opt/anaconda3/lib/python3.12/site-packages/sklearn/decomposition/_nmf.py:1742: ConvergenceWarning: Maximum number of iterations 1000 reached. Increase it to improve convergence.
  warnings.warn(
2025-10-25 16:40:56,286 - nmf_localizer.core.usm_trainer - INFO - NMF completed: 1000 iterations, final loss: 0.046907
2025-10-25 16:40:56,286 - nmf_localizer.core.usm_trainer - INFO - W non-zero elements: 7386/17300 (42.7%)
2025-10-25 16:40:56,287 - nmf_localizer.core.usm_trainer - INFO - W statistics: min=0.000000, max=0.830918, mean=0.002880
2025-10-25 16:40:56,287 - nmf_localizer.core.usm_trainer - INFO - Speaker 108: W shape torch.Size([346, 50]), loss 0.046907
2025-10-25 16:40:56,287 - nmf_localizer.core.usm_trainer - INFO - Training speaker model: input shape torch.Size([346, 286])
2025-10-25 16:40:56,287 - nmf_localizer.core.usm_trainer - INFO - NMF fitting: V shape torch.Size([346, 286]), n_components 50
2025-10-25 16:40:56,287 - nmf_localizer.core.usm_trainer - INFO - Input data statistics: mean=7.47e-04, std=1.48e-03, max=1.92e-02
/opt/anaconda3/lib/python3.12/site-packages/sklearn/decomposition/_nmf.py:1742: ConvergenceWarning: Maximum number of iterations 1000 reached. Increase it to improve convergence.
  warnings.warn(
2025-10-25 16:41:00,166 - nmf_localizer.core.usm_trainer - INFO - NMF completed: 1000 iterations, final loss: 0.046961
2025-10-25 16:41:00,166 - nmf_localizer.core.usm_trainer - INFO - W non-zero elements: 7281/17300 (42.1%)
2025-10-25 16:41:00,166 - nmf_localizer.core.usm_trainer - INFO - W statistics: min=0.000000, max=0.933579, mean=0.002473
2025-10-25 16:41:00,166 - nmf_localizer.core.usm_trainer - INFO - Speaker 109: W shape torch.Size([346, 50]), loss 0.046961
2025-10-25 16:41:00,166 - nmf_localizer.core.usm_trainer - INFO - Training speaker model: input shape torch.Size([346, 286])
2025-10-25 16:41:00,166 - nmf_localizer.core.usm_trainer - INFO - NMF fitting: V shape torch.Size([346, 286]), n_components 50
2025-10-25 16:41:00,166 - nmf_localizer.core.usm_trainer - INFO - Input data statistics: mean=7.76e-04, std=1.53e-03, max=1.97e-02
/opt/anaconda3/lib/python3.12/site-packages/sklearn/decomposition/_nmf.py:1742: ConvergenceWarning: Maximum number of iterations 1000 reached. Increase it to improve convergence.
  warnings.warn(
2025-10-25 16:41:03,872 - nmf_localizer.core.usm_trainer - INFO - NMF completed: 1000 iterations, final loss: 0.049013
2025-10-25 16:41:03,872 - nmf_localizer.core.usm_trainer - INFO - W non-zero elements: 7368/17300 (42.6%)
2025-10-25 16:41:03,872 - nmf_localizer.core.usm_trainer - INFO - W statistics: min=0.000000, max=0.711762, mean=0.002761
2025-10-25 16:41:03,872 - nmf_localizer.core.usm_trainer - INFO - Speaker 110: W shape torch.Size([346, 50]), loss 0.049013
2025-10-25 16:41:03,873 - nmf_localizer.core.usm_trainer - INFO - USM training complete: 346 frequencies x 5550 atoms
2025-10-25 16:41:03,873 - __main__ - INFO - ================================================================================
2025-10-25 16:41:03,873 - __main__ - INFO - TRAINING COMPLETE
2025-10-25 16:41:03,873 - __main__ - INFO - ================================================================================
2025-10-25 16:41:03,873 - __main__ - INFO - Training time: 393.6s
2025-10-25 16:41:03,873 - __main__ - INFO - W shape: torch.Size([346, 5550])
2025-10-25 16:41:03,875 - __main__ - INFO - W statistics: min=0.000000, max=1.405053, mean=0.002841
2025-10-25 16:41:03,875 - __main__ - INFO - Saving USM to: /Users/sbplab/LDV-data-processed/usm_irregularbox_ldv.pth
2025-10-25 16:41:03,924 - __main__ - INFO - ✓ USM saved successfully (7512.0 KB)
2025-10-25 16:41:03,926 - __main__ - INFO - 
================================================================================
2025-10-25 16:41:03,926 - __main__ - INFO - SUCCESS
2025-10-25 16:41:03,926 - __main__ - INFO - ================================================================================
2025-10-25 16:41:03,926 - __main__ - INFO - USM dictionary: torch.Size([346, 5550])
2025-10-25 16:41:03,927 - __main__ - INFO - Output file: /Users/sbplab/LDV-data-processed/usm_irregularbox_ldv.pth
2025-10-25 16:41:03,927 - __main__ - INFO - Training time: 393.6s
2025-10-25 16:41:03,927 - __main__ - INFO - Files processed: 111
