2025-10-25 16:13:47,927 - __main__ - INFO - ================================================================================
2025-10-25 16:13:47,927 - __main__ - INFO - USM TRAINING
2025-10-25 16:13:47,927 - __main__ - INFO - ================================================================================
2025-10-25 16:13:47,927 - __main__ - INFO - Data root: /Users/sbplab/LDV-data-processed/white_noise_original_data_no_edge_sync_vad_normalized
2025-10-25 16:13:47,927 - __main__ - INFO - Output path: /Users/sbplab/LDV-data-processed/usm_original_ldv.pth
2025-10-25 16:13:47,927 - __main__ - INFO - Device: cpu
2025-10-25 16:13:47,927 - __main__ - INFO - Beta divergence: 0.0
2025-10-25 16:13:47,927 - __main__ - INFO - Max iterations: 200
2025-10-25 16:13:47,927 - __main__ - INFO - Atoms per speaker: 50
2025-10-25 16:13:47,927 - __main__ - INFO - Frequency range: 300.0-3000.0 Hz
2025-10-25 16:13:47,927 - __main__ - INFO - Loading training data from: /Users/sbplab/LDV-data-processed/white_noise_original_data_no_edge_sync_vad_normalized
2025-10-25 16:13:47,927 - __main__ - INFO - Found 37 angle directories
2025-10-25 16:13:48,412 - __main__ - INFO - Loaded 111 spectrograms from 37 angles
2025-10-25 16:13:48,412 - __main__ - INFO - Spectrogram shape example: torch.Size([346, 286])
2025-10-25 16:13:48,413 - __main__ - INFO - Data loading complete in 0.5s
2025-10-25 16:13:48,413 - __main__ - INFO - Moving 111 spectrograms to cpu...
2025-10-25 16:13:48,413 - __main__ - INFO - Starting USM training...
2025-10-25 16:13:48,413 - nmf_localizer.core.usm_trainer - INFO - Training USM with 111 speakers...
2025-10-25 16:13:48,413 - nmf_localizer.core.usm_trainer - INFO - Frequency dimension: 346
2025-10-25 16:13:48,413 - nmf_localizer.core.usm_trainer - INFO - Atoms per speaker: 50
2025-10-25 16:13:48,413 - nmf_localizer.core.usm_trainer - INFO - Training speaker model: input shape torch.Size([346, 286])
2025-10-25 16:13:48,413 - nmf_localizer.core.usm_trainer - INFO - NMF fitting: V shape torch.Size([346, 286]), n_components 50
2025-10-25 16:13:48,413 - nmf_localizer.core.usm_trainer - INFO - Input data statistics: mean=6.82e-03, std=3.64e-03, max=2.68e-02
2025-10-25 16:13:48,630 - numexpr.utils - INFO - Note: NumExpr detected 24 cores but "NUMEXPR_MAX_THREADS" not set, so enforcing safe limit of 8.
2025-10-25 16:13:48,630 - numexpr.utils - INFO - NumExpr defaulting to 8 threads.
/opt/anaconda3/lib/python3.12/site-packages/sklearn/decomposition/_nmf.py:1742: ConvergenceWarning: Maximum number of iterations 1000 reached. Increase it to improve convergence.
  warnings.warn(
2025-10-25 16:13:52,866 - nmf_localizer.core.usm_trainer - INFO - NMF completed: 1000 iterations, final loss: 0.800006
2025-10-25 16:13:52,867 - nmf_localizer.core.usm_trainer - INFO - W non-zero elements: 10326/17300 (59.7%)
2025-10-25 16:13:52,867 - nmf_localizer.core.usm_trainer - INFO - W statistics: min=0.000000, max=0.140251, mean=0.011380
2025-10-25 16:13:52,867 - nmf_localizer.core.usm_trainer - INFO - Speaker 0: W shape torch.Size([346, 50]), loss 0.800006
2025-10-25 16:13:52,867 - nmf_localizer.core.usm_trainer - INFO - Training speaker model: input shape torch.Size([346, 286])
2025-10-25 16:13:52,867 - nmf_localizer.core.usm_trainer - INFO - NMF fitting: V shape torch.Size([346, 286]), n_components 50
2025-10-25 16:13:52,867 - nmf_localizer.core.usm_trainer - INFO - Input data statistics: mean=6.82e-03, std=3.63e-03, max=2.70e-02
/opt/anaconda3/lib/python3.12/site-packages/sklearn/decomposition/_nmf.py:1742: ConvergenceWarning: Maximum number of iterations 1000 reached. Increase it to improve convergence.
  warnings.warn(
2025-10-25 16:13:56,676 - nmf_localizer.core.usm_trainer - INFO - NMF completed: 1000 iterations, final loss: 0.799683
2025-10-25 16:13:56,676 - nmf_localizer.core.usm_trainer - INFO - W non-zero elements: 10296/17300 (59.5%)
2025-10-25 16:13:56,676 - nmf_localizer.core.usm_trainer - INFO - W statistics: min=0.000000, max=0.156365, mean=0.011338
2025-10-25 16:13:56,676 - nmf_localizer.core.usm_trainer - INFO - Speaker 1: W shape torch.Size([346, 50]), loss 0.799683
2025-10-25 16:13:56,676 - nmf_localizer.core.usm_trainer - INFO - Training speaker model: input shape torch.Size([346, 286])
2025-10-25 16:13:56,676 - nmf_localizer.core.usm_trainer - INFO - NMF fitting: V shape torch.Size([346, 286]), n_components 50
2025-10-25 16:13:56,677 - nmf_localizer.core.usm_trainer - INFO - Input data statistics: mean=6.82e-03, std=3.63e-03, max=2.69e-02
/opt/anaconda3/lib/python3.12/site-packages/sklearn/decomposition/_nmf.py:1742: ConvergenceWarning: Maximum number of iterations 1000 reached. Increase it to improve convergence.
  warnings.warn(
2025-10-25 16:14:00,337 - nmf_localizer.core.usm_trainer - INFO - NMF completed: 1000 iterations, final loss: 0.799631
2025-10-25 16:14:00,337 - nmf_localizer.core.usm_trainer - INFO - W non-zero elements: 10204/17300 (59.0%)
2025-10-25 16:14:00,337 - nmf_localizer.core.usm_trainer - INFO - W statistics: min=0.000000, max=0.160769, mean=0.011404
2025-10-25 16:14:00,337 - nmf_localizer.core.usm_trainer - INFO - Speaker 2: W shape torch.Size([346, 50]), loss 0.799631
2025-10-25 16:14:00,337 - nmf_localizer.core.usm_trainer - INFO - Training speaker model: input shape torch.Size([346, 286])
2025-10-25 16:14:00,337 - nmf_localizer.core.usm_trainer - INFO - NMF fitting: V shape torch.Size([346, 286]), n_components 50
2025-10-25 16:14:00,337 - nmf_localizer.core.usm_trainer - INFO - Input data statistics: mean=6.82e-03, std=3.64e-03, max=2.68e-02
/opt/anaconda3/lib/python3.12/site-packages/sklearn/decomposition/_nmf.py:1742: ConvergenceWarning: Maximum number of iterations 1000 reached. Increase it to improve convergence.
  warnings.warn(
2025-10-25 16:14:03,998 - nmf_localizer.core.usm_trainer - INFO - NMF completed: 1000 iterations, final loss: 0.800011
2025-10-25 16:14:03,999 - nmf_localizer.core.usm_trainer - INFO - W non-zero elements: 10332/17300 (59.7%)
2025-10-25 16:14:03,999 - nmf_localizer.core.usm_trainer - INFO - W statistics: min=0.000000, max=0.147040, mean=0.011377
2025-10-25 16:14:03,999 - nmf_localizer.core.usm_trainer - INFO - Speaker 3: W shape torch.Size([346, 50]), loss 0.800011
2025-10-25 16:14:03,999 - nmf_localizer.core.usm_trainer - INFO - Training speaker model: input shape torch.Size([346, 286])
2025-10-25 16:14:03,999 - nmf_localizer.core.usm_trainer - INFO - NMF fitting: V shape torch.Size([346, 286]), n_components 50
2025-10-25 16:14:04,000 - nmf_localizer.core.usm_trainer - INFO - Input data statistics: mean=6.82e-03, std=3.63e-03, max=2.70e-02
/opt/anaconda3/lib/python3.12/site-packages/sklearn/decomposition/_nmf.py:1742: ConvergenceWarning: Maximum number of iterations 1000 reached. Increase it to improve convergence.
  warnings.warn(
2025-10-25 16:14:07,455 - nmf_localizer.core.usm_trainer - INFO - NMF completed: 1000 iterations, final loss: 0.799680
2025-10-25 16:14:07,455 - nmf_localizer.core.usm_trainer - INFO - W non-zero elements: 10307/17300 (59.6%)
2025-10-25 16:14:07,455 - nmf_localizer.core.usm_trainer - INFO - W statistics: min=0.000000, max=0.156306, mean=0.011338
2025-10-25 16:14:07,455 - nmf_localizer.core.usm_trainer - INFO - Speaker 4: W shape torch.Size([346, 50]), loss 0.799680
2025-10-25 16:14:07,455 - nmf_localizer.core.usm_trainer - INFO - Training speaker model: input shape torch.Size([346, 286])
2025-10-25 16:14:07,455 - nmf_localizer.core.usm_trainer - INFO - NMF fitting: V shape torch.Size([346, 286]), n_components 50
2025-10-25 16:14:07,456 - nmf_localizer.core.usm_trainer - INFO - Input data statistics: mean=6.82e-03, std=3.63e-03, max=2.69e-02
/opt/anaconda3/lib/python3.12/site-packages/sklearn/decomposition/_nmf.py:1742: ConvergenceWarning: Maximum number of iterations 1000 reached. Increase it to improve convergence.
  warnings.warn(
2025-10-25 16:14:11,093 - nmf_localizer.core.usm_trainer - INFO - NMF completed: 1000 iterations, final loss: 0.799637
2025-10-25 16:14:11,093 - nmf_localizer.core.usm_trainer - INFO - W non-zero elements: 10252/17300 (59.3%)
2025-10-25 16:14:11,093 - nmf_localizer.core.usm_trainer - INFO - W statistics: min=0.000000, max=0.164303, mean=0.011404
2025-10-25 16:14:11,093 - nmf_localizer.core.usm_trainer - INFO - Speaker 5: W shape torch.Size([346, 50]), loss 0.799637
2025-10-25 16:14:11,093 - nmf_localizer.core.usm_trainer - INFO - Training speaker model: input shape torch.Size([346, 286])
2025-10-25 16:14:11,093 - nmf_localizer.core.usm_trainer - INFO - NMF fitting: V shape torch.Size([346, 286]), n_components 50
2025-10-25 16:14:11,093 - nmf_localizer.core.usm_trainer - INFO - Input data statistics: mean=6.82e-03, std=3.64e-03, max=2.68e-02
/opt/anaconda3/lib/python3.12/site-packages/sklearn/decomposition/_nmf.py:1742: ConvergenceWarning: Maximum number of iterations 1000 reached. Increase it to improve convergence.
  warnings.warn(
2025-10-25 16:14:14,491 - nmf_localizer.core.usm_trainer - INFO - NMF completed: 1000 iterations, final loss: 0.800254
2025-10-25 16:14:14,492 - nmf_localizer.core.usm_trainer - INFO - W non-zero elements: 10334/17300 (59.7%)
2025-10-25 16:14:14,492 - nmf_localizer.core.usm_trainer - INFO - W statistics: min=0.000000, max=0.148997, mean=0.011345
2025-10-25 16:14:14,492 - nmf_localizer.core.usm_trainer - INFO - Speaker 6: W shape torch.Size([346, 50]), loss 0.800254
2025-10-25 16:14:14,492 - nmf_localizer.core.usm_trainer - INFO - Training speaker model: input shape torch.Size([346, 286])
2025-10-25 16:14:14,492 - nmf_localizer.core.usm_trainer - INFO - NMF fitting: V shape torch.Size([346, 286]), n_components 50
2025-10-25 16:14:14,492 - nmf_localizer.core.usm_trainer - INFO - Input data statistics: mean=6.82e-03, std=3.63e-03, max=2.70e-02
/opt/anaconda3/lib/python3.12/site-packages/sklearn/decomposition/_nmf.py:1742: ConvergenceWarning: Maximum number of iterations 1000 reached. Increase it to improve convergence.
  warnings.warn(
2025-10-25 16:14:18,167 - nmf_localizer.core.usm_trainer - INFO - NMF completed: 1000 iterations, final loss: 0.799683
2025-10-25 16:14:18,167 - nmf_localizer.core.usm_trainer - INFO - W non-zero elements: 10305/17300 (59.6%)
2025-10-25 16:14:18,167 - nmf_localizer.core.usm_trainer - INFO - W statistics: min=0.000000, max=0.156367, mean=0.011338
2025-10-25 16:14:18,167 - nmf_localizer.core.usm_trainer - INFO - Speaker 7: W shape torch.Size([346, 50]), loss 0.799683
2025-10-25 16:14:18,167 - nmf_localizer.core.usm_trainer - INFO - Training speaker model: input shape torch.Size([346, 286])
2025-10-25 16:14:18,167 - nmf_localizer.core.usm_trainer - INFO - NMF fitting: V shape torch.Size([346, 286]), n_components 50
2025-10-25 16:14:18,167 - nmf_localizer.core.usm_trainer - INFO - Input data statistics: mean=6.82e-03, std=3.63e-03, max=2.69e-02
/opt/anaconda3/lib/python3.12/site-packages/sklearn/decomposition/_nmf.py:1742: ConvergenceWarning: Maximum number of iterations 1000 reached. Increase it to improve convergence.
  warnings.warn(
2025-10-25 16:14:21,443 - nmf_localizer.core.usm_trainer - INFO - NMF completed: 1000 iterations, final loss: 0.799646
2025-10-25 16:14:21,443 - nmf_localizer.core.usm_trainer - INFO - W non-zero elements: 10190/17300 (58.9%)
2025-10-25 16:14:21,443 - nmf_localizer.core.usm_trainer - INFO - W statistics: min=0.000000, max=0.167583, mean=0.011363
2025-10-25 16:14:21,443 - nmf_localizer.core.usm_trainer - INFO - Speaker 8: W shape torch.Size([346, 50]), loss 0.799646
2025-10-25 16:14:21,443 - nmf_localizer.core.usm_trainer - INFO - Training speaker model: input shape torch.Size([346, 286])
2025-10-25 16:14:21,443 - nmf_localizer.core.usm_trainer - INFO - NMF fitting: V shape torch.Size([346, 286]), n_components 50
2025-10-25 16:14:21,443 - nmf_localizer.core.usm_trainer - INFO - Input data statistics: mean=6.82e-03, std=3.64e-03, max=2.68e-02
/opt/anaconda3/lib/python3.12/site-packages/sklearn/decomposition/_nmf.py:1742: ConvergenceWarning: Maximum number of iterations 1000 reached. Increase it to improve convergence.
  warnings.warn(
2025-10-25 16:14:25,151 - nmf_localizer.core.usm_trainer - INFO - NMF completed: 1000 iterations, final loss: 0.800247
2025-10-25 16:14:25,151 - nmf_localizer.core.usm_trainer - INFO - W non-zero elements: 10321/17300 (59.7%)
2025-10-25 16:14:25,151 - nmf_localizer.core.usm_trainer - INFO - W statistics: min=0.000000, max=0.148994, mean=0.011347
2025-10-25 16:14:25,151 - nmf_localizer.core.usm_trainer - INFO - Speaker 9: W shape torch.Size([346, 50]), loss 0.800247
2025-10-25 16:14:25,152 - nmf_localizer.core.usm_trainer - INFO - Training speaker model: input shape torch.Size([346, 286])
2025-10-25 16:14:25,152 - nmf_localizer.core.usm_trainer - INFO - NMF fitting: V shape torch.Size([346, 286]), n_components 50
2025-10-25 16:14:25,152 - nmf_localizer.core.usm_trainer - INFO - Input data statistics: mean=6.82e-03, std=3.63e-03, max=2.70e-02
/opt/anaconda3/lib/python3.12/site-packages/sklearn/decomposition/_nmf.py:1742: ConvergenceWarning: Maximum number of iterations 1000 reached. Increase it to improve convergence.
  warnings.warn(
2025-10-25 16:14:28,531 - nmf_localizer.core.usm_trainer - INFO - NMF completed: 1000 iterations, final loss: 0.799683
2025-10-25 16:14:28,531 - nmf_localizer.core.usm_trainer - INFO - W non-zero elements: 10293/17300 (59.5%)
2025-10-25 16:14:28,531 - nmf_localizer.core.usm_trainer - INFO - W statistics: min=0.000000, max=0.156353, mean=0.011338
2025-10-25 16:14:28,531 - nmf_localizer.core.usm_trainer - INFO - Speaker 10: W shape torch.Size([346, 50]), loss 0.799683
2025-10-25 16:14:28,531 - nmf_localizer.core.usm_trainer - INFO - Training speaker model: input shape torch.Size([346, 286])
2025-10-25 16:14:28,531 - nmf_localizer.core.usm_trainer - INFO - NMF fitting: V shape torch.Size([346, 286]), n_components 50
2025-10-25 16:14:28,531 - nmf_localizer.core.usm_trainer - INFO - Input data statistics: mean=6.82e-03, std=3.63e-03, max=2.69e-02
/opt/anaconda3/lib/python3.12/site-packages/sklearn/decomposition/_nmf.py:1742: ConvergenceWarning: Maximum number of iterations 1000 reached. Increase it to improve convergence.
  warnings.warn(
2025-10-25 16:14:31,875 - nmf_localizer.core.usm_trainer - INFO - NMF completed: 1000 iterations, final loss: 0.799640
2025-10-25 16:14:31,875 - nmf_localizer.core.usm_trainer - INFO - W non-zero elements: 10195/17300 (58.9%)
2025-10-25 16:14:31,875 - nmf_localizer.core.usm_trainer - INFO - W statistics: min=0.000000, max=0.167333, mean=0.011365
2025-10-25 16:14:31,875 - nmf_localizer.core.usm_trainer - INFO - Speaker 11: W shape torch.Size([346, 50]), loss 0.799640
2025-10-25 16:14:31,875 - nmf_localizer.core.usm_trainer - INFO - Training speaker model: input shape torch.Size([346, 286])
2025-10-25 16:14:31,875 - nmf_localizer.core.usm_trainer - INFO - NMF fitting: V shape torch.Size([346, 286]), n_components 50
2025-10-25 16:14:31,875 - nmf_localizer.core.usm_trainer - INFO - Input data statistics: mean=6.82e-03, std=3.64e-03, max=2.68e-02
/opt/anaconda3/lib/python3.12/site-packages/sklearn/decomposition/_nmf.py:1742: ConvergenceWarning: Maximum number of iterations 1000 reached. Increase it to improve convergence.
  warnings.warn(
2025-10-25 16:14:35,198 - nmf_localizer.core.usm_trainer - INFO - NMF completed: 1000 iterations, final loss: 0.800004
2025-10-25 16:14:35,198 - nmf_localizer.core.usm_trainer - INFO - W non-zero elements: 10330/17300 (59.7%)
2025-10-25 16:14:35,198 - nmf_localizer.core.usm_trainer - INFO - W statistics: min=0.000000, max=0.146437, mean=0.011376
2025-10-25 16:14:35,198 - nmf_localizer.core.usm_trainer - INFO - Speaker 12: W shape torch.Size([346, 50]), loss 0.800004
2025-10-25 16:14:35,198 - nmf_localizer.core.usm_trainer - INFO - Training speaker model: input shape torch.Size([346, 286])
2025-10-25 16:14:35,198 - nmf_localizer.core.usm_trainer - INFO - NMF fitting: V shape torch.Size([346, 286]), n_components 50
2025-10-25 16:14:35,198 - nmf_localizer.core.usm_trainer - INFO - Input data statistics: mean=6.82e-03, std=3.63e-03, max=2.70e-02
/opt/anaconda3/lib/python3.12/site-packages/sklearn/decomposition/_nmf.py:1742: ConvergenceWarning: Maximum number of iterations 1000 reached. Increase it to improve convergence.
  warnings.warn(
2025-10-25 16:14:38,780 - nmf_localizer.core.usm_trainer - INFO - NMF completed: 1000 iterations, final loss: 0.799682
2025-10-25 16:14:38,780 - nmf_localizer.core.usm_trainer - INFO - W non-zero elements: 10296/17300 (59.5%)
2025-10-25 16:14:38,780 - nmf_localizer.core.usm_trainer - INFO - W statistics: min=0.000000, max=0.156325, mean=0.011338
2025-10-25 16:14:38,781 - nmf_localizer.core.usm_trainer - INFO - Speaker 13: W shape torch.Size([346, 50]), loss 0.799682
2025-10-25 16:14:38,781 - nmf_localizer.core.usm_trainer - INFO - Training speaker model: input shape torch.Size([346, 286])
2025-10-25 16:14:38,781 - nmf_localizer.core.usm_trainer - INFO - NMF fitting: V shape torch.Size([346, 286]), n_components 50
2025-10-25 16:14:38,781 - nmf_localizer.core.usm_trainer - INFO - Input data statistics: mean=6.82e-03, std=3.63e-03, max=2.69e-02
/opt/anaconda3/lib/python3.12/site-packages/sklearn/decomposition/_nmf.py:1742: ConvergenceWarning: Maximum number of iterations 1000 reached. Increase it to improve convergence.
  warnings.warn(
2025-10-25 16:14:42,475 - nmf_localizer.core.usm_trainer - INFO - NMF completed: 1000 iterations, final loss: 0.799667
2025-10-25 16:14:42,475 - nmf_localizer.core.usm_trainer - INFO - W non-zero elements: 10286/17300 (59.5%)
2025-10-25 16:14:42,475 - nmf_localizer.core.usm_trainer - INFO - W statistics: min=0.000000, max=0.164379, mean=0.011407
2025-10-25 16:14:42,475 - nmf_localizer.core.usm_trainer - INFO - Speaker 14: W shape torch.Size([346, 50]), loss 0.799667
2025-10-25 16:14:42,475 - nmf_localizer.core.usm_trainer - INFO - Training speaker model: input shape torch.Size([346, 286])
2025-10-25 16:14:42,475 - nmf_localizer.core.usm_trainer - INFO - NMF fitting: V shape torch.Size([346, 286]), n_components 50
2025-10-25 16:14:42,475 - nmf_localizer.core.usm_trainer - INFO - Input data statistics: mean=6.82e-03, std=3.64e-03, max=2.68e-02
/opt/anaconda3/lib/python3.12/site-packages/sklearn/decomposition/_nmf.py:1742: ConvergenceWarning: Maximum number of iterations 1000 reached. Increase it to improve convergence.
  warnings.warn(
2025-10-25 16:14:46,072 - nmf_localizer.core.usm_trainer - INFO - NMF completed: 1000 iterations, final loss: 0.800027
2025-10-25 16:14:46,072 - nmf_localizer.core.usm_trainer - INFO - W non-zero elements: 10345/17300 (59.8%)
2025-10-25 16:14:46,072 - nmf_localizer.core.usm_trainer - INFO - W statistics: min=0.000000, max=0.148195, mean=0.011382
2025-10-25 16:14:46,072 - nmf_localizer.core.usm_trainer - INFO - Speaker 15: W shape torch.Size([346, 50]), loss 0.800027
2025-10-25 16:14:46,072 - nmf_localizer.core.usm_trainer - INFO - Training speaker model: input shape torch.Size([346, 286])
2025-10-25 16:14:46,072 - nmf_localizer.core.usm_trainer - INFO - NMF fitting: V shape torch.Size([346, 286]), n_components 50
2025-10-25 16:14:46,072 - nmf_localizer.core.usm_trainer - INFO - Input data statistics: mean=6.82e-03, std=3.63e-03, max=2.70e-02
/opt/anaconda3/lib/python3.12/site-packages/sklearn/decomposition/_nmf.py:1742: ConvergenceWarning: Maximum number of iterations 1000 reached. Increase it to improve convergence.
  warnings.warn(
2025-10-25 16:14:49,385 - nmf_localizer.core.usm_trainer - INFO - NMF completed: 1000 iterations, final loss: 0.799681
2025-10-25 16:14:49,385 - nmf_localizer.core.usm_trainer - INFO - W non-zero elements: 10305/17300 (59.6%)
2025-10-25 16:14:49,385 - nmf_localizer.core.usm_trainer - INFO - W statistics: min=0.000000, max=0.156338, mean=0.011338
2025-10-25 16:14:49,385 - nmf_localizer.core.usm_trainer - INFO - Speaker 16: W shape torch.Size([346, 50]), loss 0.799681
2025-10-25 16:14:49,385 - nmf_localizer.core.usm_trainer - INFO - Training speaker model: input shape torch.Size([346, 286])
2025-10-25 16:14:49,385 - nmf_localizer.core.usm_trainer - INFO - NMF fitting: V shape torch.Size([346, 286]), n_components 50
2025-10-25 16:14:49,386 - nmf_localizer.core.usm_trainer - INFO - Input data statistics: mean=6.82e-03, std=3.63e-03, max=2.69e-02
/opt/anaconda3/lib/python3.12/site-packages/sklearn/decomposition/_nmf.py:1742: ConvergenceWarning: Maximum number of iterations 1000 reached. Increase it to improve convergence.
  warnings.warn(
2025-10-25 16:14:53,167 - nmf_localizer.core.usm_trainer - INFO - NMF completed: 1000 iterations, final loss: 0.799641
2025-10-25 16:14:53,167 - nmf_localizer.core.usm_trainer - INFO - W non-zero elements: 10343/17300 (59.8%)
2025-10-25 16:14:53,167 - nmf_localizer.core.usm_trainer - INFO - W statistics: min=0.000000, max=0.166266, mean=0.011419
2025-10-25 16:14:53,167 - nmf_localizer.core.usm_trainer - INFO - Speaker 17: W shape torch.Size([346, 50]), loss 0.799641
2025-10-25 16:14:53,167 - nmf_localizer.core.usm_trainer - INFO - Training speaker model: input shape torch.Size([346, 286])
2025-10-25 16:14:53,167 - nmf_localizer.core.usm_trainer - INFO - NMF fitting: V shape torch.Size([346, 286]), n_components 50
2025-10-25 16:14:53,167 - nmf_localizer.core.usm_trainer - INFO - Input data statistics: mean=6.82e-03, std=3.64e-03, max=2.68e-02
/opt/anaconda3/lib/python3.12/site-packages/sklearn/decomposition/_nmf.py:1742: ConvergenceWarning: Maximum number of iterations 1000 reached. Increase it to improve convergence.
  warnings.warn(
2025-10-25 16:14:56,339 - nmf_localizer.core.usm_trainer - INFO - NMF completed: 1000 iterations, final loss: 0.800002
2025-10-25 16:14:56,339 - nmf_localizer.core.usm_trainer - INFO - W non-zero elements: 10358/17300 (59.9%)
2025-10-25 16:14:56,339 - nmf_localizer.core.usm_trainer - INFO - W statistics: min=0.000000, max=0.143287, mean=0.011380
2025-10-25 16:14:56,339 - nmf_localizer.core.usm_trainer - INFO - Speaker 18: W shape torch.Size([346, 50]), loss 0.800002
2025-10-25 16:14:56,339 - nmf_localizer.core.usm_trainer - INFO - Training speaker model: input shape torch.Size([346, 286])
2025-10-25 16:14:56,339 - nmf_localizer.core.usm_trainer - INFO - NMF fitting: V shape torch.Size([346, 286]), n_components 50
2025-10-25 16:14:56,339 - nmf_localizer.core.usm_trainer - INFO - Input data statistics: mean=6.82e-03, std=3.63e-03, max=2.70e-02
/opt/anaconda3/lib/python3.12/site-packages/sklearn/decomposition/_nmf.py:1742: ConvergenceWarning: Maximum number of iterations 1000 reached. Increase it to improve convergence.
  warnings.warn(
2025-10-25 16:14:59,951 - nmf_localizer.core.usm_trainer - INFO - NMF completed: 1000 iterations, final loss: 0.799684
2025-10-25 16:14:59,951 - nmf_localizer.core.usm_trainer - INFO - W non-zero elements: 10291/17300 (59.5%)
2025-10-25 16:14:59,951 - nmf_localizer.core.usm_trainer - INFO - W statistics: min=0.000000, max=0.156326, mean=0.011338
2025-10-25 16:14:59,951 - nmf_localizer.core.usm_trainer - INFO - Speaker 19: W shape torch.Size([346, 50]), loss 0.799684
2025-10-25 16:14:59,951 - nmf_localizer.core.usm_trainer - INFO - Training speaker model: input shape torch.Size([346, 286])
2025-10-25 16:14:59,951 - nmf_localizer.core.usm_trainer - INFO - NMF fitting: V shape torch.Size([346, 286]), n_components 50
2025-10-25 16:14:59,951 - nmf_localizer.core.usm_trainer - INFO - Input data statistics: mean=6.82e-03, std=3.63e-03, max=2.69e-02
/opt/anaconda3/lib/python3.12/site-packages/sklearn/decomposition/_nmf.py:1742: ConvergenceWarning: Maximum number of iterations 1000 reached. Increase it to improve convergence.
  warnings.warn(
2025-10-25 16:15:03,181 - nmf_localizer.core.usm_trainer - INFO - NMF completed: 1000 iterations, final loss: 0.799566
2025-10-25 16:15:03,181 - nmf_localizer.core.usm_trainer - INFO - W non-zero elements: 10205/17300 (59.0%)
2025-10-25 16:15:03,182 - nmf_localizer.core.usm_trainer - INFO - W statistics: min=0.000000, max=0.164585, mean=0.011391
2025-10-25 16:15:03,182 - nmf_localizer.core.usm_trainer - INFO - Speaker 20: W shape torch.Size([346, 50]), loss 0.799566
2025-10-25 16:15:03,182 - nmf_localizer.core.usm_trainer - INFO - Training speaker model: input shape torch.Size([346, 286])
2025-10-25 16:15:03,182 - nmf_localizer.core.usm_trainer - INFO - NMF fitting: V shape torch.Size([346, 286]), n_components 50
2025-10-25 16:15:03,182 - nmf_localizer.core.usm_trainer - INFO - Input data statistics: mean=6.82e-03, std=3.64e-03, max=2.68e-02
/opt/anaconda3/lib/python3.12/site-packages/sklearn/decomposition/_nmf.py:1742: ConvergenceWarning: Maximum number of iterations 1000 reached. Increase it to improve convergence.
  warnings.warn(
2025-10-25 16:15:06,949 - nmf_localizer.core.usm_trainer - INFO - NMF completed: 1000 iterations, final loss: 0.800007
2025-10-25 16:15:06,949 - nmf_localizer.core.usm_trainer - INFO - W non-zero elements: 10330/17300 (59.7%)
2025-10-25 16:15:06,949 - nmf_localizer.core.usm_trainer - INFO - W statistics: min=0.000000, max=0.139650, mean=0.011380
2025-10-25 16:15:06,949 - nmf_localizer.core.usm_trainer - INFO - Speaker 21: W shape torch.Size([346, 50]), loss 0.800007
2025-10-25 16:15:06,949 - nmf_localizer.core.usm_trainer - INFO - Training speaker model: input shape torch.Size([346, 286])
2025-10-25 16:15:06,949 - nmf_localizer.core.usm_trainer - INFO - NMF fitting: V shape torch.Size([346, 286]), n_components 50
2025-10-25 16:15:06,950 - nmf_localizer.core.usm_trainer - INFO - Input data statistics: mean=6.82e-03, std=3.63e-03, max=2.70e-02
/opt/anaconda3/lib/python3.12/site-packages/sklearn/decomposition/_nmf.py:1742: ConvergenceWarning: Maximum number of iterations 1000 reached. Increase it to improve convergence.
  warnings.warn(
2025-10-25 16:15:10,546 - nmf_localizer.core.usm_trainer - INFO - NMF completed: 1000 iterations, final loss: 0.799685
2025-10-25 16:15:10,546 - nmf_localizer.core.usm_trainer - INFO - W non-zero elements: 10287/17300 (59.5%)
2025-10-25 16:15:10,546 - nmf_localizer.core.usm_trainer - INFO - W statistics: min=0.000000, max=0.156361, mean=0.011338
2025-10-25 16:15:10,546 - nmf_localizer.core.usm_trainer - INFO - Speaker 22: W shape torch.Size([346, 50]), loss 0.799685
2025-10-25 16:15:10,546 - nmf_localizer.core.usm_trainer - INFO - Training speaker model: input shape torch.Size([346, 286])
2025-10-25 16:15:10,546 - nmf_localizer.core.usm_trainer - INFO - NMF fitting: V shape torch.Size([346, 286]), n_components 50
2025-10-25 16:15:10,546 - nmf_localizer.core.usm_trainer - INFO - Input data statistics: mean=6.82e-03, std=3.63e-03, max=2.69e-02
/opt/anaconda3/lib/python3.12/site-packages/sklearn/decomposition/_nmf.py:1742: ConvergenceWarning: Maximum number of iterations 1000 reached. Increase it to improve convergence.
  warnings.warn(
2025-10-25 16:15:14,253 - nmf_localizer.core.usm_trainer - INFO - NMF completed: 1000 iterations, final loss: 0.799651
2025-10-25 16:15:14,253 - nmf_localizer.core.usm_trainer - INFO - W non-zero elements: 10281/17300 (59.4%)
2025-10-25 16:15:14,253 - nmf_localizer.core.usm_trainer - INFO - W statistics: min=0.000000, max=0.164812, mean=0.011404
2025-10-25 16:15:14,253 - nmf_localizer.core.usm_trainer - INFO - Speaker 23: W shape torch.Size([346, 50]), loss 0.799651
2025-10-25 16:15:14,253 - nmf_localizer.core.usm_trainer - INFO - Training speaker model: input shape torch.Size([346, 286])
2025-10-25 16:15:14,253 - nmf_localizer.core.usm_trainer - INFO - NMF fitting: V shape torch.Size([346, 286]), n_components 50
2025-10-25 16:15:14,253 - nmf_localizer.core.usm_trainer - INFO - Input data statistics: mean=6.82e-03, std=3.64e-03, max=2.68e-02
/opt/anaconda3/lib/python3.12/site-packages/sklearn/decomposition/_nmf.py:1742: ConvergenceWarning: Maximum number of iterations 1000 reached. Increase it to improve convergence.
  warnings.warn(
2025-10-25 16:15:17,491 - nmf_localizer.core.usm_trainer - INFO - NMF completed: 1000 iterations, final loss: 0.799997
2025-10-25 16:15:17,491 - nmf_localizer.core.usm_trainer - INFO - W non-zero elements: 10341/17300 (59.8%)
2025-10-25 16:15:17,491 - nmf_localizer.core.usm_trainer - INFO - W statistics: min=0.000000, max=0.145593, mean=0.011373
2025-10-25 16:15:17,491 - nmf_localizer.core.usm_trainer - INFO - Speaker 24: W shape torch.Size([346, 50]), loss 0.799997
2025-10-25 16:15:17,491 - nmf_localizer.core.usm_trainer - INFO - Training speaker model: input shape torch.Size([346, 286])
2025-10-25 16:15:17,491 - nmf_localizer.core.usm_trainer - INFO - NMF fitting: V shape torch.Size([346, 286]), n_components 50
2025-10-25 16:15:17,491 - nmf_localizer.core.usm_trainer - INFO - Input data statistics: mean=6.82e-03, std=3.63e-03, max=2.70e-02
/opt/anaconda3/lib/python3.12/site-packages/sklearn/decomposition/_nmf.py:1742: ConvergenceWarning: Maximum number of iterations 1000 reached. Increase it to improve convergence.
  warnings.warn(
2025-10-25 16:15:21,318 - nmf_localizer.core.usm_trainer - INFO - NMF completed: 1000 iterations, final loss: 0.799683
2025-10-25 16:15:21,318 - nmf_localizer.core.usm_trainer - INFO - W non-zero elements: 10289/17300 (59.5%)
2025-10-25 16:15:21,318 - nmf_localizer.core.usm_trainer - INFO - W statistics: min=0.000000, max=0.156335, mean=0.011338
2025-10-25 16:15:21,318 - nmf_localizer.core.usm_trainer - INFO - Speaker 25: W shape torch.Size([346, 50]), loss 0.799683
2025-10-25 16:15:21,318 - nmf_localizer.core.usm_trainer - INFO - Training speaker model: input shape torch.Size([346, 286])
2025-10-25 16:15:21,318 - nmf_localizer.core.usm_trainer - INFO - NMF fitting: V shape torch.Size([346, 286]), n_components 50
2025-10-25 16:15:21,318 - nmf_localizer.core.usm_trainer - INFO - Input data statistics: mean=6.82e-03, std=3.63e-03, max=2.69e-02
/opt/anaconda3/lib/python3.12/site-packages/sklearn/decomposition/_nmf.py:1742: ConvergenceWarning: Maximum number of iterations 1000 reached. Increase it to improve convergence.
  warnings.warn(
2025-10-25 16:15:25,027 - nmf_localizer.core.usm_trainer - INFO - NMF completed: 1000 iterations, final loss: 0.799627
2025-10-25 16:15:25,027 - nmf_localizer.core.usm_trainer - INFO - W non-zero elements: 10251/17300 (59.3%)
2025-10-25 16:15:25,027 - nmf_localizer.core.usm_trainer - INFO - W statistics: min=0.000000, max=0.163820, mean=0.011405
2025-10-25 16:15:25,027 - nmf_localizer.core.usm_trainer - INFO - Speaker 26: W shape torch.Size([346, 50]), loss 0.799627
2025-10-25 16:15:25,027 - nmf_localizer.core.usm_trainer - INFO - Training speaker model: input shape torch.Size([346, 286])
2025-10-25 16:15:25,027 - nmf_localizer.core.usm_trainer - INFO - NMF fitting: V shape torch.Size([346, 286]), n_components 50
2025-10-25 16:15:25,028 - nmf_localizer.core.usm_trainer - INFO - Input data statistics: mean=6.82e-03, std=3.64e-03, max=2.68e-02
/opt/anaconda3/lib/python3.12/site-packages/sklearn/decomposition/_nmf.py:1742: ConvergenceWarning: Maximum number of iterations 1000 reached. Increase it to improve convergence.
  warnings.warn(
2025-10-25 16:15:28,710 - nmf_localizer.core.usm_trainer - INFO - NMF completed: 1000 iterations, final loss: 0.800410
2025-10-25 16:15:28,710 - nmf_localizer.core.usm_trainer - INFO - W non-zero elements: 10388/17300 (60.0%)
2025-10-25 16:15:28,710 - nmf_localizer.core.usm_trainer - INFO - W statistics: min=0.000000, max=0.142286, mean=0.011380
2025-10-25 16:15:28,710 - nmf_localizer.core.usm_trainer - INFO - Speaker 27: W shape torch.Size([346, 50]), loss 0.800410
2025-10-25 16:15:28,710 - nmf_localizer.core.usm_trainer - INFO - Training speaker model: input shape torch.Size([346, 286])
2025-10-25 16:15:28,710 - nmf_localizer.core.usm_trainer - INFO - NMF fitting: V shape torch.Size([346, 286]), n_components 50
2025-10-25 16:15:28,710 - nmf_localizer.core.usm_trainer - INFO - Input data statistics: mean=6.82e-03, std=3.63e-03, max=2.70e-02
/opt/anaconda3/lib/python3.12/site-packages/sklearn/decomposition/_nmf.py:1742: ConvergenceWarning: Maximum number of iterations 1000 reached. Increase it to improve convergence.
  warnings.warn(
2025-10-25 16:15:31,879 - nmf_localizer.core.usm_trainer - INFO - NMF completed: 1000 iterations, final loss: 0.799685
2025-10-25 16:15:31,879 - nmf_localizer.core.usm_trainer - INFO - W non-zero elements: 10290/17300 (59.5%)
2025-10-25 16:15:31,879 - nmf_localizer.core.usm_trainer - INFO - W statistics: min=0.000000, max=0.156333, mean=0.011338
2025-10-25 16:15:31,879 - nmf_localizer.core.usm_trainer - INFO - Speaker 28: W shape torch.Size([346, 50]), loss 0.799685
2025-10-25 16:15:31,879 - nmf_localizer.core.usm_trainer - INFO - Training speaker model: input shape torch.Size([346, 286])
2025-10-25 16:15:31,879 - nmf_localizer.core.usm_trainer - INFO - NMF fitting: V shape torch.Size([346, 286]), n_components 50
2025-10-25 16:15:31,879 - nmf_localizer.core.usm_trainer - INFO - Input data statistics: mean=6.82e-03, std=3.63e-03, max=2.69e-02
/opt/anaconda3/lib/python3.12/site-packages/sklearn/decomposition/_nmf.py:1742: ConvergenceWarning: Maximum number of iterations 1000 reached. Increase it to improve convergence.
  warnings.warn(
2025-10-25 16:15:36,199 - nmf_localizer.core.usm_trainer - INFO - NMF completed: 1000 iterations, final loss: 0.799623
2025-10-25 16:15:36,200 - nmf_localizer.core.usm_trainer - INFO - W non-zero elements: 10279/17300 (59.4%)
2025-10-25 16:15:36,200 - nmf_localizer.core.usm_trainer - INFO - W statistics: min=0.000000, max=0.163786, mean=0.011406
2025-10-25 16:15:36,200 - nmf_localizer.core.usm_trainer - INFO - Speaker 29: W shape torch.Size([346, 50]), loss 0.799623
2025-10-25 16:15:36,200 - nmf_localizer.core.usm_trainer - INFO - Training speaker model: input shape torch.Size([346, 286])
2025-10-25 16:15:36,200 - nmf_localizer.core.usm_trainer - INFO - NMF fitting: V shape torch.Size([346, 286]), n_components 50
2025-10-25 16:15:36,200 - nmf_localizer.core.usm_trainer - INFO - Input data statistics: mean=6.82e-03, std=3.64e-03, max=2.68e-02
/opt/anaconda3/lib/python3.12/site-packages/sklearn/decomposition/_nmf.py:1742: ConvergenceWarning: Maximum number of iterations 1000 reached. Increase it to improve convergence.
  warnings.warn(
2025-10-25 16:15:39,543 - nmf_localizer.core.usm_trainer - INFO - NMF completed: 1000 iterations, final loss: 0.799999
2025-10-25 16:15:39,544 - nmf_localizer.core.usm_trainer - INFO - W non-zero elements: 10366/17300 (59.9%)
2025-10-25 16:15:39,544 - nmf_localizer.core.usm_trainer - INFO - W statistics: min=0.000000, max=0.144915, mean=0.011379
2025-10-25 16:15:39,544 - nmf_localizer.core.usm_trainer - INFO - Speaker 30: W shape torch.Size([346, 50]), loss 0.799999
2025-10-25 16:15:39,544 - nmf_localizer.core.usm_trainer - INFO - Training speaker model: input shape torch.Size([346, 286])
2025-10-25 16:15:39,544 - nmf_localizer.core.usm_trainer - INFO - NMF fitting: V shape torch.Size([346, 286]), n_components 50
2025-10-25 16:15:39,544 - nmf_localizer.core.usm_trainer - INFO - Input data statistics: mean=6.82e-03, std=3.63e-03, max=2.70e-02
/opt/anaconda3/lib/python3.12/site-packages/sklearn/decomposition/_nmf.py:1742: ConvergenceWarning: Maximum number of iterations 1000 reached. Increase it to improve convergence.
  warnings.warn(
2025-10-25 16:15:43,255 - nmf_localizer.core.usm_trainer - INFO - NMF completed: 1000 iterations, final loss: 0.799684
2025-10-25 16:15:43,255 - nmf_localizer.core.usm_trainer - INFO - W non-zero elements: 10309/17300 (59.6%)
2025-10-25 16:15:43,256 - nmf_localizer.core.usm_trainer - INFO - W statistics: min=0.000000, max=0.156338, mean=0.011338
2025-10-25 16:15:43,256 - nmf_localizer.core.usm_trainer - INFO - Speaker 31: W shape torch.Size([346, 50]), loss 0.799684
2025-10-25 16:15:43,256 - nmf_localizer.core.usm_trainer - INFO - Training speaker model: input shape torch.Size([346, 286])
2025-10-25 16:15:43,256 - nmf_localizer.core.usm_trainer - INFO - NMF fitting: V shape torch.Size([346, 286]), n_components 50
2025-10-25 16:15:43,256 - nmf_localizer.core.usm_trainer - INFO - Input data statistics: mean=6.82e-03, std=3.63e-03, max=2.69e-02
/opt/anaconda3/lib/python3.12/site-packages/sklearn/decomposition/_nmf.py:1742: ConvergenceWarning: Maximum number of iterations 1000 reached. Increase it to improve convergence.
  warnings.warn(
2025-10-25 16:15:46,969 - nmf_localizer.core.usm_trainer - INFO - NMF completed: 1000 iterations, final loss: 0.799827
2025-10-25 16:15:46,969 - nmf_localizer.core.usm_trainer - INFO - W non-zero elements: 10272/17300 (59.4%)
2025-10-25 16:15:46,969 - nmf_localizer.core.usm_trainer - INFO - W statistics: min=0.000000, max=0.164692, mean=0.011439
2025-10-25 16:15:46,969 - nmf_localizer.core.usm_trainer - INFO - Speaker 32: W shape torch.Size([346, 50]), loss 0.799827
2025-10-25 16:15:46,969 - nmf_localizer.core.usm_trainer - INFO - Training speaker model: input shape torch.Size([346, 286])
2025-10-25 16:15:46,969 - nmf_localizer.core.usm_trainer - INFO - NMF fitting: V shape torch.Size([346, 286]), n_components 50
2025-10-25 16:15:46,969 - nmf_localizer.core.usm_trainer - INFO - Input data statistics: mean=6.82e-03, std=3.64e-03, max=2.68e-02
/opt/anaconda3/lib/python3.12/site-packages/sklearn/decomposition/_nmf.py:1742: ConvergenceWarning: Maximum number of iterations 1000 reached. Increase it to improve convergence.
  warnings.warn(
2025-10-25 16:15:50,525 - nmf_localizer.core.usm_trainer - INFO - NMF completed: 1000 iterations, final loss: 0.800185
2025-10-25 16:15:50,525 - nmf_localizer.core.usm_trainer - INFO - W non-zero elements: 10373/17300 (60.0%)
2025-10-25 16:15:50,525 - nmf_localizer.core.usm_trainer - INFO - W statistics: min=0.000000, max=0.153094, mean=0.011345
2025-10-25 16:15:50,525 - nmf_localizer.core.usm_trainer - INFO - Speaker 33: W shape torch.Size([346, 50]), loss 0.800185
2025-10-25 16:15:50,525 - nmf_localizer.core.usm_trainer - INFO - Training speaker model: input shape torch.Size([346, 286])
2025-10-25 16:15:50,525 - nmf_localizer.core.usm_trainer - INFO - NMF fitting: V shape torch.Size([346, 286]), n_components 50
2025-10-25 16:15:50,526 - nmf_localizer.core.usm_trainer - INFO - Input data statistics: mean=6.82e-03, std=3.63e-03, max=2.70e-02
/opt/anaconda3/lib/python3.12/site-packages/sklearn/decomposition/_nmf.py:1742: ConvergenceWarning: Maximum number of iterations 1000 reached. Increase it to improve convergence.
  warnings.warn(
2025-10-25 16:15:53,907 - nmf_localizer.core.usm_trainer - INFO - NMF completed: 1000 iterations, final loss: 0.799683
2025-10-25 16:15:53,907 - nmf_localizer.core.usm_trainer - INFO - W non-zero elements: 10296/17300 (59.5%)
2025-10-25 16:15:53,907 - nmf_localizer.core.usm_trainer - INFO - W statistics: min=0.000000, max=0.156343, mean=0.011338
2025-10-25 16:15:53,907 - nmf_localizer.core.usm_trainer - INFO - Speaker 34: W shape torch.Size([346, 50]), loss 0.799683
2025-10-25 16:15:53,907 - nmf_localizer.core.usm_trainer - INFO - Training speaker model: input shape torch.Size([346, 286])
2025-10-25 16:15:53,907 - nmf_localizer.core.usm_trainer - INFO - NMF fitting: V shape torch.Size([346, 286]), n_components 50
2025-10-25 16:15:53,907 - nmf_localizer.core.usm_trainer - INFO - Input data statistics: mean=6.82e-03, std=3.63e-03, max=2.69e-02
/opt/anaconda3/lib/python3.12/site-packages/sklearn/decomposition/_nmf.py:1742: ConvergenceWarning: Maximum number of iterations 1000 reached. Increase it to improve convergence.
  warnings.warn(
2025-10-25 16:15:57,360 - nmf_localizer.core.usm_trainer - INFO - NMF completed: 1000 iterations, final loss: 0.799760
2025-10-25 16:15:57,360 - nmf_localizer.core.usm_trainer - INFO - W non-zero elements: 10287/17300 (59.5%)
2025-10-25 16:15:57,360 - nmf_localizer.core.usm_trainer - INFO - W statistics: min=0.000000, max=0.171811, mean=0.011426
2025-10-25 16:15:57,360 - nmf_localizer.core.usm_trainer - INFO - Speaker 35: W shape torch.Size([346, 50]), loss 0.799760
2025-10-25 16:15:57,360 - nmf_localizer.core.usm_trainer - INFO - Training speaker model: input shape torch.Size([346, 286])
2025-10-25 16:15:57,360 - nmf_localizer.core.usm_trainer - INFO - NMF fitting: V shape torch.Size([346, 286]), n_components 50
2025-10-25 16:15:57,361 - nmf_localizer.core.usm_trainer - INFO - Input data statistics: mean=6.82e-03, std=3.64e-03, max=2.68e-02
/opt/anaconda3/lib/python3.12/site-packages/sklearn/decomposition/_nmf.py:1742: ConvergenceWarning: Maximum number of iterations 1000 reached. Increase it to improve convergence.
  warnings.warn(
2025-10-25 16:16:00,967 - nmf_localizer.core.usm_trainer - INFO - NMF completed: 1000 iterations, final loss: 0.800005
2025-10-25 16:16:00,967 - nmf_localizer.core.usm_trainer - INFO - W non-zero elements: 10320/17300 (59.7%)
2025-10-25 16:16:00,967 - nmf_localizer.core.usm_trainer - INFO - W statistics: min=0.000000, max=0.138692, mean=0.011381
2025-10-25 16:16:00,968 - nmf_localizer.core.usm_trainer - INFO - Speaker 36: W shape torch.Size([346, 50]), loss 0.800005
2025-10-25 16:16:00,968 - nmf_localizer.core.usm_trainer - INFO - Training speaker model: input shape torch.Size([346, 286])
2025-10-25 16:16:00,968 - nmf_localizer.core.usm_trainer - INFO - NMF fitting: V shape torch.Size([346, 286]), n_components 50
2025-10-25 16:16:00,968 - nmf_localizer.core.usm_trainer - INFO - Input data statistics: mean=6.82e-03, std=3.63e-03, max=2.70e-02
/opt/anaconda3/lib/python3.12/site-packages/sklearn/decomposition/_nmf.py:1742: ConvergenceWarning: Maximum number of iterations 1000 reached. Increase it to improve convergence.
  warnings.warn(
2025-10-25 16:16:04,535 - nmf_localizer.core.usm_trainer - INFO - NMF completed: 1000 iterations, final loss: 0.799690
2025-10-25 16:16:04,535 - nmf_localizer.core.usm_trainer - INFO - W non-zero elements: 10305/17300 (59.6%)
2025-10-25 16:16:04,535 - nmf_localizer.core.usm_trainer - INFO - W statistics: min=0.000000, max=0.156374, mean=0.011338
2025-10-25 16:16:04,535 - nmf_localizer.core.usm_trainer - INFO - Speaker 37: W shape torch.Size([346, 50]), loss 0.799690
2025-10-25 16:16:04,535 - nmf_localizer.core.usm_trainer - INFO - Training speaker model: input shape torch.Size([346, 286])
2025-10-25 16:16:04,535 - nmf_localizer.core.usm_trainer - INFO - NMF fitting: V shape torch.Size([346, 286]), n_components 50
2025-10-25 16:16:04,535 - nmf_localizer.core.usm_trainer - INFO - Input data statistics: mean=6.82e-03, std=3.63e-03, max=2.69e-02
/opt/anaconda3/lib/python3.12/site-packages/sklearn/decomposition/_nmf.py:1742: ConvergenceWarning: Maximum number of iterations 1000 reached. Increase it to improve convergence.
  warnings.warn(
2025-10-25 16:16:08,113 - nmf_localizer.core.usm_trainer - INFO - NMF completed: 1000 iterations, final loss: 0.799635
2025-10-25 16:16:08,113 - nmf_localizer.core.usm_trainer - INFO - W non-zero elements: 10187/17300 (58.9%)
2025-10-25 16:16:08,113 - nmf_localizer.core.usm_trainer - INFO - W statistics: min=0.000000, max=0.167358, mean=0.011367
2025-10-25 16:16:08,113 - nmf_localizer.core.usm_trainer - INFO - Speaker 38: W shape torch.Size([346, 50]), loss 0.799635
2025-10-25 16:16:08,113 - nmf_localizer.core.usm_trainer - INFO - Training speaker model: input shape torch.Size([346, 286])
2025-10-25 16:16:08,113 - nmf_localizer.core.usm_trainer - INFO - NMF fitting: V shape torch.Size([346, 286]), n_components 50
2025-10-25 16:16:08,113 - nmf_localizer.core.usm_trainer - INFO - Input data statistics: mean=6.82e-03, std=3.64e-03, max=2.68e-02
/opt/anaconda3/lib/python3.12/site-packages/sklearn/decomposition/_nmf.py:1742: ConvergenceWarning: Maximum number of iterations 1000 reached. Increase it to improve convergence.
  warnings.warn(
2025-10-25 16:16:11,440 - nmf_localizer.core.usm_trainer - INFO - NMF completed: 1000 iterations, final loss: 0.800013
2025-10-25 16:16:11,440 - nmf_localizer.core.usm_trainer - INFO - W non-zero elements: 10334/17300 (59.7%)
2025-10-25 16:16:11,440 - nmf_localizer.core.usm_trainer - INFO - W statistics: min=0.000000, max=0.146807, mean=0.011376
2025-10-25 16:16:11,440 - nmf_localizer.core.usm_trainer - INFO - Speaker 39: W shape torch.Size([346, 50]), loss 0.800013
2025-10-25 16:16:11,440 - nmf_localizer.core.usm_trainer - INFO - Training speaker model: input shape torch.Size([346, 286])
2025-10-25 16:16:11,440 - nmf_localizer.core.usm_trainer - INFO - NMF fitting: V shape torch.Size([346, 286]), n_components 50
2025-10-25 16:16:11,441 - nmf_localizer.core.usm_trainer - INFO - Input data statistics: mean=6.82e-03, std=3.63e-03, max=2.70e-02
/opt/anaconda3/lib/python3.12/site-packages/sklearn/decomposition/_nmf.py:1742: ConvergenceWarning: Maximum number of iterations 1000 reached. Increase it to improve convergence.
  warnings.warn(
2025-10-25 16:16:15,022 - nmf_localizer.core.usm_trainer - INFO - NMF completed: 1000 iterations, final loss: 0.799682
2025-10-25 16:16:15,022 - nmf_localizer.core.usm_trainer - INFO - W non-zero elements: 10301/17300 (59.5%)
2025-10-25 16:16:15,022 - nmf_localizer.core.usm_trainer - INFO - W statistics: min=0.000000, max=0.156366, mean=0.011338
2025-10-25 16:16:15,022 - nmf_localizer.core.usm_trainer - INFO - Speaker 40: W shape torch.Size([346, 50]), loss 0.799682
2025-10-25 16:16:15,022 - nmf_localizer.core.usm_trainer - INFO - Training speaker model: input shape torch.Size([346, 286])
2025-10-25 16:16:15,022 - nmf_localizer.core.usm_trainer - INFO - NMF fitting: V shape torch.Size([346, 286]), n_components 50
2025-10-25 16:16:15,022 - nmf_localizer.core.usm_trainer - INFO - Input data statistics: mean=6.82e-03, std=3.63e-03, max=2.69e-02
/opt/anaconda3/lib/python3.12/site-packages/sklearn/decomposition/_nmf.py:1742: ConvergenceWarning: Maximum number of iterations 1000 reached. Increase it to improve convergence.
  warnings.warn(
2025-10-25 16:16:18,682 - nmf_localizer.core.usm_trainer - INFO - NMF completed: 1000 iterations, final loss: 0.799618
2025-10-25 16:16:18,682 - nmf_localizer.core.usm_trainer - INFO - W non-zero elements: 10239/17300 (59.2%)
2025-10-25 16:16:18,682 - nmf_localizer.core.usm_trainer - INFO - W statistics: min=0.000000, max=0.163016, mean=0.011402
2025-10-25 16:16:18,682 - nmf_localizer.core.usm_trainer - INFO - Speaker 41: W shape torch.Size([346, 50]), loss 0.799618
2025-10-25 16:16:18,682 - nmf_localizer.core.usm_trainer - INFO - Training speaker model: input shape torch.Size([346, 286])
2025-10-25 16:16:18,682 - nmf_localizer.core.usm_trainer - INFO - NMF fitting: V shape torch.Size([346, 286]), n_components 50
2025-10-25 16:16:18,682 - nmf_localizer.core.usm_trainer - INFO - Input data statistics: mean=6.82e-03, std=3.64e-03, max=2.68e-02
/opt/anaconda3/lib/python3.12/site-packages/sklearn/decomposition/_nmf.py:1742: ConvergenceWarning: Maximum number of iterations 1000 reached. Increase it to improve convergence.
  warnings.warn(
2025-10-25 16:16:22,044 - nmf_localizer.core.usm_trainer - INFO - NMF completed: 1000 iterations, final loss: 0.800002
2025-10-25 16:16:22,044 - nmf_localizer.core.usm_trainer - INFO - W non-zero elements: 10337/17300 (59.8%)
2025-10-25 16:16:22,044 - nmf_localizer.core.usm_trainer - INFO - W statistics: min=0.000000, max=0.146174, mean=0.011374
2025-10-25 16:16:22,044 - nmf_localizer.core.usm_trainer - INFO - Speaker 42: W shape torch.Size([346, 50]), loss 0.800002
2025-10-25 16:16:22,044 - nmf_localizer.core.usm_trainer - INFO - Training speaker model: input shape torch.Size([346, 286])
2025-10-25 16:16:22,044 - nmf_localizer.core.usm_trainer - INFO - NMF fitting: V shape torch.Size([346, 286]), n_components 50
2025-10-25 16:16:22,044 - nmf_localizer.core.usm_trainer - INFO - Input data statistics: mean=6.82e-03, std=3.63e-03, max=2.70e-02
/opt/anaconda3/lib/python3.12/site-packages/sklearn/decomposition/_nmf.py:1742: ConvergenceWarning: Maximum number of iterations 1000 reached. Increase it to improve convergence.
  warnings.warn(
2025-10-25 16:16:25,306 - nmf_localizer.core.usm_trainer - INFO - NMF completed: 1000 iterations, final loss: 0.799683
2025-10-25 16:16:25,306 - nmf_localizer.core.usm_trainer - INFO - W non-zero elements: 10288/17300 (59.5%)
2025-10-25 16:16:25,306 - nmf_localizer.core.usm_trainer - INFO - W statistics: min=0.000000, max=0.156311, mean=0.011338
2025-10-25 16:16:25,306 - nmf_localizer.core.usm_trainer - INFO - Speaker 43: W shape torch.Size([346, 50]), loss 0.799683
2025-10-25 16:16:25,306 - nmf_localizer.core.usm_trainer - INFO - Training speaker model: input shape torch.Size([346, 286])
2025-10-25 16:16:25,306 - nmf_localizer.core.usm_trainer - INFO - NMF fitting: V shape torch.Size([346, 286]), n_components 50
2025-10-25 16:16:25,306 - nmf_localizer.core.usm_trainer - INFO - Input data statistics: mean=6.82e-03, std=3.63e-03, max=2.69e-02
/opt/anaconda3/lib/python3.12/site-packages/sklearn/decomposition/_nmf.py:1742: ConvergenceWarning: Maximum number of iterations 1000 reached. Increase it to improve convergence.
  warnings.warn(
2025-10-25 16:16:29,072 - nmf_localizer.core.usm_trainer - INFO - NMF completed: 1000 iterations, final loss: 0.799537
2025-10-25 16:16:29,072 - nmf_localizer.core.usm_trainer - INFO - W non-zero elements: 10198/17300 (58.9%)
2025-10-25 16:16:29,072 - nmf_localizer.core.usm_trainer - INFO - W statistics: min=0.000000, max=0.166108, mean=0.011381
2025-10-25 16:16:29,073 - nmf_localizer.core.usm_trainer - INFO - Speaker 44: W shape torch.Size([346, 50]), loss 0.799537
2025-10-25 16:16:29,073 - nmf_localizer.core.usm_trainer - INFO - Training speaker model: input shape torch.Size([346, 286])
2025-10-25 16:16:29,073 - nmf_localizer.core.usm_trainer - INFO - NMF fitting: V shape torch.Size([346, 286]), n_components 50
2025-10-25 16:16:29,073 - nmf_localizer.core.usm_trainer - INFO - Input data statistics: mean=6.82e-03, std=3.64e-03, max=2.68e-02
/opt/anaconda3/lib/python3.12/site-packages/sklearn/decomposition/_nmf.py:1742: ConvergenceWarning: Maximum number of iterations 1000 reached. Increase it to improve convergence.
  warnings.warn(
2025-10-25 16:16:32,666 - nmf_localizer.core.usm_trainer - INFO - NMF completed: 1000 iterations, final loss: 0.800022
2025-10-25 16:16:32,666 - nmf_localizer.core.usm_trainer - INFO - W non-zero elements: 10339/17300 (59.8%)
2025-10-25 16:16:32,666 - nmf_localizer.core.usm_trainer - INFO - W statistics: min=0.000000, max=0.147808, mean=0.011381
2025-10-25 16:16:32,666 - nmf_localizer.core.usm_trainer - INFO - Speaker 45: W shape torch.Size([346, 50]), loss 0.800022
2025-10-25 16:16:32,666 - nmf_localizer.core.usm_trainer - INFO - Training speaker model: input shape torch.Size([346, 286])
2025-10-25 16:16:32,666 - nmf_localizer.core.usm_trainer - INFO - NMF fitting: V shape torch.Size([346, 286]), n_components 50
2025-10-25 16:16:32,667 - nmf_localizer.core.usm_trainer - INFO - Input data statistics: mean=6.82e-03, std=3.63e-03, max=2.70e-02
/opt/anaconda3/lib/python3.12/site-packages/sklearn/decomposition/_nmf.py:1742: ConvergenceWarning: Maximum number of iterations 1000 reached. Increase it to improve convergence.
  warnings.warn(
2025-10-25 16:16:36,260 - nmf_localizer.core.usm_trainer - INFO - NMF completed: 1000 iterations, final loss: 0.799684
2025-10-25 16:16:36,260 - nmf_localizer.core.usm_trainer - INFO - W non-zero elements: 10294/17300 (59.5%)
2025-10-25 16:16:36,260 - nmf_localizer.core.usm_trainer - INFO - W statistics: min=0.000000, max=0.156359, mean=0.011338
2025-10-25 16:16:36,260 - nmf_localizer.core.usm_trainer - INFO - Speaker 46: W shape torch.Size([346, 50]), loss 0.799684
2025-10-25 16:16:36,260 - nmf_localizer.core.usm_trainer - INFO - Training speaker model: input shape torch.Size([346, 286])
2025-10-25 16:16:36,260 - nmf_localizer.core.usm_trainer - INFO - NMF fitting: V shape torch.Size([346, 286]), n_components 50
2025-10-25 16:16:36,261 - nmf_localizer.core.usm_trainer - INFO - Input data statistics: mean=6.82e-03, std=3.63e-03, max=2.69e-02
/opt/anaconda3/lib/python3.12/site-packages/sklearn/decomposition/_nmf.py:1742: ConvergenceWarning: Maximum number of iterations 1000 reached. Increase it to improve convergence.
  warnings.warn(
2025-10-25 16:16:39,498 - nmf_localizer.core.usm_trainer - INFO - NMF completed: 1000 iterations, final loss: 0.799623
2025-10-25 16:16:39,498 - nmf_localizer.core.usm_trainer - INFO - W non-zero elements: 10272/17300 (59.4%)
2025-10-25 16:16:39,498 - nmf_localizer.core.usm_trainer - INFO - W statistics: min=0.000000, max=0.162550, mean=0.011407
2025-10-25 16:16:39,498 - nmf_localizer.core.usm_trainer - INFO - Speaker 47: W shape torch.Size([346, 50]), loss 0.799623
2025-10-25 16:16:39,498 - nmf_localizer.core.usm_trainer - INFO - Training speaker model: input shape torch.Size([346, 286])
2025-10-25 16:16:39,498 - nmf_localizer.core.usm_trainer - INFO - NMF fitting: V shape torch.Size([346, 286]), n_components 50
2025-10-25 16:16:39,498 - nmf_localizer.core.usm_trainer - INFO - Input data statistics: mean=6.82e-03, std=3.64e-03, max=2.68e-02
/opt/anaconda3/lib/python3.12/site-packages/sklearn/decomposition/_nmf.py:1742: ConvergenceWarning: Maximum number of iterations 1000 reached. Increase it to improve convergence.
  warnings.warn(
2025-10-25 16:16:43,534 - nmf_localizer.core.usm_trainer - INFO - NMF completed: 1000 iterations, final loss: 0.800048
2025-10-25 16:16:43,534 - nmf_localizer.core.usm_trainer - INFO - W non-zero elements: 10343/17300 (59.8%)
2025-10-25 16:16:43,534 - nmf_localizer.core.usm_trainer - INFO - W statistics: min=0.000000, max=0.149650, mean=0.011387
2025-10-25 16:16:43,534 - nmf_localizer.core.usm_trainer - INFO - Speaker 48: W shape torch.Size([346, 50]), loss 0.800048
2025-10-25 16:16:43,534 - nmf_localizer.core.usm_trainer - INFO - Training speaker model: input shape torch.Size([346, 286])
2025-10-25 16:16:43,534 - nmf_localizer.core.usm_trainer - INFO - NMF fitting: V shape torch.Size([346, 286]), n_components 50
2025-10-25 16:16:43,535 - nmf_localizer.core.usm_trainer - INFO - Input data statistics: mean=6.82e-03, std=3.63e-03, max=2.70e-02
/opt/anaconda3/lib/python3.12/site-packages/sklearn/decomposition/_nmf.py:1742: ConvergenceWarning: Maximum number of iterations 1000 reached. Increase it to improve convergence.
  warnings.warn(
2025-10-25 16:16:47,045 - nmf_localizer.core.usm_trainer - INFO - NMF completed: 1000 iterations, final loss: 0.799682
2025-10-25 16:16:47,045 - nmf_localizer.core.usm_trainer - INFO - W non-zero elements: 10287/17300 (59.5%)
2025-10-25 16:16:47,045 - nmf_localizer.core.usm_trainer - INFO - W statistics: min=0.000000, max=0.156317, mean=0.011338
2025-10-25 16:16:47,045 - nmf_localizer.core.usm_trainer - INFO - Speaker 49: W shape torch.Size([346, 50]), loss 0.799682
2025-10-25 16:16:47,045 - nmf_localizer.core.usm_trainer - INFO - Training speaker model: input shape torch.Size([346, 286])
2025-10-25 16:16:47,045 - nmf_localizer.core.usm_trainer - INFO - NMF fitting: V shape torch.Size([346, 286]), n_components 50
2025-10-25 16:16:47,045 - nmf_localizer.core.usm_trainer - INFO - Input data statistics: mean=6.82e-03, std=3.63e-03, max=2.69e-02
/opt/anaconda3/lib/python3.12/site-packages/sklearn/decomposition/_nmf.py:1742: ConvergenceWarning: Maximum number of iterations 1000 reached. Increase it to improve convergence.
  warnings.warn(
2025-10-25 16:16:50,599 - nmf_localizer.core.usm_trainer - INFO - NMF completed: 1000 iterations, final loss: 0.799546
2025-10-25 16:16:50,599 - nmf_localizer.core.usm_trainer - INFO - W non-zero elements: 10173/17300 (58.8%)
2025-10-25 16:16:50,599 - nmf_localizer.core.usm_trainer - INFO - W statistics: min=0.000000, max=0.165768, mean=0.011378
2025-10-25 16:16:50,599 - nmf_localizer.core.usm_trainer - INFO - Speaker 50: W shape torch.Size([346, 50]), loss 0.799546
2025-10-25 16:16:50,599 - nmf_localizer.core.usm_trainer - INFO - Training speaker model: input shape torch.Size([346, 286])
2025-10-25 16:16:50,599 - nmf_localizer.core.usm_trainer - INFO - NMF fitting: V shape torch.Size([346, 286]), n_components 50
2025-10-25 16:16:50,600 - nmf_localizer.core.usm_trainer - INFO - Input data statistics: mean=6.82e-03, std=3.64e-03, max=2.68e-02
/opt/anaconda3/lib/python3.12/site-packages/sklearn/decomposition/_nmf.py:1742: ConvergenceWarning: Maximum number of iterations 1000 reached. Increase it to improve convergence.
  warnings.warn(
2025-10-25 16:16:53,766 - nmf_localizer.core.usm_trainer - INFO - NMF completed: 1000 iterations, final loss: 0.800001
2025-10-25 16:16:53,766 - nmf_localizer.core.usm_trainer - INFO - W non-zero elements: 10348/17300 (59.8%)
2025-10-25 16:16:53,766 - nmf_localizer.core.usm_trainer - INFO - W statistics: min=0.000000, max=0.144209, mean=0.011379
2025-10-25 16:16:53,767 - nmf_localizer.core.usm_trainer - INFO - Speaker 51: W shape torch.Size([346, 50]), loss 0.800001
2025-10-25 16:16:53,767 - nmf_localizer.core.usm_trainer - INFO - Training speaker model: input shape torch.Size([346, 286])
2025-10-25 16:16:53,767 - nmf_localizer.core.usm_trainer - INFO - NMF fitting: V shape torch.Size([346, 286]), n_components 50
2025-10-25 16:16:53,767 - nmf_localizer.core.usm_trainer - INFO - Input data statistics: mean=6.82e-03, std=3.63e-03, max=2.70e-02
/opt/anaconda3/lib/python3.12/site-packages/sklearn/decomposition/_nmf.py:1742: ConvergenceWarning: Maximum number of iterations 1000 reached. Increase it to improve convergence.
  warnings.warn(
2025-10-25 16:16:57,592 - nmf_localizer.core.usm_trainer - INFO - NMF completed: 1000 iterations, final loss: 0.799684
2025-10-25 16:16:57,592 - nmf_localizer.core.usm_trainer - INFO - W non-zero elements: 10302/17300 (59.5%)
2025-10-25 16:16:57,592 - nmf_localizer.core.usm_trainer - INFO - W statistics: min=0.000000, max=0.156389, mean=0.011338
2025-10-25 16:16:57,592 - nmf_localizer.core.usm_trainer - INFO - Speaker 52: W shape torch.Size([346, 50]), loss 0.799684
2025-10-25 16:16:57,592 - nmf_localizer.core.usm_trainer - INFO - Training speaker model: input shape torch.Size([346, 286])
2025-10-25 16:16:57,592 - nmf_localizer.core.usm_trainer - INFO - NMF fitting: V shape torch.Size([346, 286]), n_components 50
2025-10-25 16:16:57,593 - nmf_localizer.core.usm_trainer - INFO - Input data statistics: mean=6.82e-03, std=3.63e-03, max=2.69e-02
/opt/anaconda3/lib/python3.12/site-packages/sklearn/decomposition/_nmf.py:1742: ConvergenceWarning: Maximum number of iterations 1000 reached. Increase it to improve convergence.
  warnings.warn(
2025-10-25 16:17:01,189 - nmf_localizer.core.usm_trainer - INFO - NMF completed: 1000 iterations, final loss: 0.799616
2025-10-25 16:17:01,189 - nmf_localizer.core.usm_trainer - INFO - W non-zero elements: 10253/17300 (59.3%)
2025-10-25 16:17:01,189 - nmf_localizer.core.usm_trainer - INFO - W statistics: min=0.000000, max=0.163861, mean=0.011402
2025-10-25 16:17:01,189 - nmf_localizer.core.usm_trainer - INFO - Speaker 53: W shape torch.Size([346, 50]), loss 0.799616
2025-10-25 16:17:01,189 - nmf_localizer.core.usm_trainer - INFO - Training speaker model: input shape torch.Size([346, 286])
2025-10-25 16:17:01,189 - nmf_localizer.core.usm_trainer - INFO - NMF fitting: V shape torch.Size([346, 286]), n_components 50
2025-10-25 16:17:01,189 - nmf_localizer.core.usm_trainer - INFO - Input data statistics: mean=6.82e-03, std=3.64e-03, max=2.68e-02
/opt/anaconda3/lib/python3.12/site-packages/sklearn/decomposition/_nmf.py:1742: ConvergenceWarning: Maximum number of iterations 1000 reached. Increase it to improve convergence.
  warnings.warn(
2025-10-25 16:17:04,599 - nmf_localizer.core.usm_trainer - INFO - NMF completed: 1000 iterations, final loss: 0.799999
2025-10-25 16:17:04,599 - nmf_localizer.core.usm_trainer - INFO - W non-zero elements: 10334/17300 (59.7%)
2025-10-25 16:17:04,599 - nmf_localizer.core.usm_trainer - INFO - W statistics: min=0.000000, max=0.145888, mean=0.011373
2025-10-25 16:17:04,599 - nmf_localizer.core.usm_trainer - INFO - Speaker 54: W shape torch.Size([346, 50]), loss 0.799999
2025-10-25 16:17:04,599 - nmf_localizer.core.usm_trainer - INFO - Training speaker model: input shape torch.Size([346, 286])
2025-10-25 16:17:04,599 - nmf_localizer.core.usm_trainer - INFO - NMF fitting: V shape torch.Size([346, 286]), n_components 50
2025-10-25 16:17:04,599 - nmf_localizer.core.usm_trainer - INFO - Input data statistics: mean=6.82e-03, std=3.63e-03, max=2.70e-02
/opt/anaconda3/lib/python3.12/site-packages/sklearn/decomposition/_nmf.py:1742: ConvergenceWarning: Maximum number of iterations 1000 reached. Increase it to improve convergence.
  warnings.warn(
2025-10-25 16:17:07,810 - nmf_localizer.core.usm_trainer - INFO - NMF completed: 1000 iterations, final loss: 0.799683
2025-10-25 16:17:07,810 - nmf_localizer.core.usm_trainer - INFO - W non-zero elements: 10297/17300 (59.5%)
2025-10-25 16:17:07,811 - nmf_localizer.core.usm_trainer - INFO - W statistics: min=0.000000, max=0.156354, mean=0.011338
2025-10-25 16:17:07,811 - nmf_localizer.core.usm_trainer - INFO - Speaker 55: W shape torch.Size([346, 50]), loss 0.799683
2025-10-25 16:17:07,811 - nmf_localizer.core.usm_trainer - INFO - Training speaker model: input shape torch.Size([346, 286])
2025-10-25 16:17:07,811 - nmf_localizer.core.usm_trainer - INFO - NMF fitting: V shape torch.Size([346, 286]), n_components 50
2025-10-25 16:17:07,811 - nmf_localizer.core.usm_trainer - INFO - Input data statistics: mean=6.82e-03, std=3.63e-03, max=2.69e-02
/opt/anaconda3/lib/python3.12/site-packages/sklearn/decomposition/_nmf.py:1742: ConvergenceWarning: Maximum number of iterations 1000 reached. Increase it to improve convergence.
  warnings.warn(
2025-10-25 16:17:11,574 - nmf_localizer.core.usm_trainer - INFO - NMF completed: 1000 iterations, final loss: 0.799620
2025-10-25 16:17:11,574 - nmf_localizer.core.usm_trainer - INFO - W non-zero elements: 10253/17300 (59.3%)
2025-10-25 16:17:11,574 - nmf_localizer.core.usm_trainer - INFO - W statistics: min=0.000000, max=0.162032, mean=0.011405
2025-10-25 16:17:11,574 - nmf_localizer.core.usm_trainer - INFO - Speaker 56: W shape torch.Size([346, 50]), loss 0.799620
2025-10-25 16:17:11,574 - nmf_localizer.core.usm_trainer - INFO - Training speaker model: input shape torch.Size([346, 286])
2025-10-25 16:17:11,574 - nmf_localizer.core.usm_trainer - INFO - NMF fitting: V shape torch.Size([346, 286]), n_components 50
2025-10-25 16:17:11,575 - nmf_localizer.core.usm_trainer - INFO - Input data statistics: mean=6.82e-03, std=3.64e-03, max=2.68e-02
/opt/anaconda3/lib/python3.12/site-packages/sklearn/decomposition/_nmf.py:1742: ConvergenceWarning: Maximum number of iterations 1000 reached. Increase it to improve convergence.
  warnings.warn(
2025-10-25 16:17:15,263 - nmf_localizer.core.usm_trainer - INFO - NMF completed: 1000 iterations, final loss: 0.800004
2025-10-25 16:17:15,264 - nmf_localizer.core.usm_trainer - INFO - W non-zero elements: 10345/17300 (59.8%)
2025-10-25 16:17:15,264 - nmf_localizer.core.usm_trainer - INFO - W statistics: min=0.000000, max=0.142131, mean=0.011380
2025-10-25 16:17:15,264 - nmf_localizer.core.usm_trainer - INFO - Speaker 57: W shape torch.Size([346, 50]), loss 0.800004
2025-10-25 16:17:15,264 - nmf_localizer.core.usm_trainer - INFO - Training speaker model: input shape torch.Size([346, 286])
2025-10-25 16:17:15,264 - nmf_localizer.core.usm_trainer - INFO - NMF fitting: V shape torch.Size([346, 286]), n_components 50
2025-10-25 16:17:15,264 - nmf_localizer.core.usm_trainer - INFO - Input data statistics: mean=6.82e-03, std=3.63e-03, max=2.70e-02
/opt/anaconda3/lib/python3.12/site-packages/sklearn/decomposition/_nmf.py:1742: ConvergenceWarning: Maximum number of iterations 1000 reached. Increase it to improve convergence.
  warnings.warn(
2025-10-25 16:17:18,796 - nmf_localizer.core.usm_trainer - INFO - NMF completed: 1000 iterations, final loss: 0.799680
2025-10-25 16:17:18,796 - nmf_localizer.core.usm_trainer - INFO - W non-zero elements: 10300/17300 (59.5%)
2025-10-25 16:17:18,796 - nmf_localizer.core.usm_trainer - INFO - W statistics: min=0.000000, max=0.156310, mean=0.011338
2025-10-25 16:17:18,796 - nmf_localizer.core.usm_trainer - INFO - Speaker 58: W shape torch.Size([346, 50]), loss 0.799680
2025-10-25 16:17:18,796 - nmf_localizer.core.usm_trainer - INFO - Training speaker model: input shape torch.Size([346, 286])
2025-10-25 16:17:18,796 - nmf_localizer.core.usm_trainer - INFO - NMF fitting: V shape torch.Size([346, 286]), n_components 50
2025-10-25 16:17:18,797 - nmf_localizer.core.usm_trainer - INFO - Input data statistics: mean=6.82e-03, std=3.63e-03, max=2.69e-02
/opt/anaconda3/lib/python3.12/site-packages/sklearn/decomposition/_nmf.py:1742: ConvergenceWarning: Maximum number of iterations 1000 reached. Increase it to improve convergence.
  warnings.warn(
2025-10-25 16:17:22,005 - nmf_localizer.core.usm_trainer - INFO - NMF completed: 1000 iterations, final loss: 0.799736
2025-10-25 16:17:22,005 - nmf_localizer.core.usm_trainer - INFO - W non-zero elements: 10293/17300 (59.5%)
2025-10-25 16:17:22,005 - nmf_localizer.core.usm_trainer - INFO - W statistics: min=0.000000, max=0.171746, mean=0.011422
2025-10-25 16:17:22,005 - nmf_localizer.core.usm_trainer - INFO - Speaker 59: W shape torch.Size([346, 50]), loss 0.799736
2025-10-25 16:17:22,005 - nmf_localizer.core.usm_trainer - INFO - Training speaker model: input shape torch.Size([346, 286])
2025-10-25 16:17:22,005 - nmf_localizer.core.usm_trainer - INFO - NMF fitting: V shape torch.Size([346, 286]), n_components 50
2025-10-25 16:17:22,005 - nmf_localizer.core.usm_trainer - INFO - Input data statistics: mean=6.82e-03, std=3.64e-03, max=2.68e-02
/opt/anaconda3/lib/python3.12/site-packages/sklearn/decomposition/_nmf.py:1742: ConvergenceWarning: Maximum number of iterations 1000 reached. Increase it to improve convergence.
  warnings.warn(
2025-10-25 16:17:25,392 - nmf_localizer.core.usm_trainer - INFO - NMF completed: 1000 iterations, final loss: 0.800004
2025-10-25 16:17:25,392 - nmf_localizer.core.usm_trainer - INFO - W non-zero elements: 10339/17300 (59.8%)
2025-10-25 16:17:25,392 - nmf_localizer.core.usm_trainer - INFO - W statistics: min=0.000000, max=0.142225, mean=0.011379
2025-10-25 16:17:25,392 - nmf_localizer.core.usm_trainer - INFO - Speaker 60: W shape torch.Size([346, 50]), loss 0.800004
2025-10-25 16:17:25,392 - nmf_localizer.core.usm_trainer - INFO - Training speaker model: input shape torch.Size([346, 286])
2025-10-25 16:17:25,392 - nmf_localizer.core.usm_trainer - INFO - NMF fitting: V shape torch.Size([346, 286]), n_components 50
2025-10-25 16:17:25,392 - nmf_localizer.core.usm_trainer - INFO - Input data statistics: mean=6.82e-03, std=3.63e-03, max=2.70e-02
/opt/anaconda3/lib/python3.12/site-packages/sklearn/decomposition/_nmf.py:1742: ConvergenceWarning: Maximum number of iterations 1000 reached. Increase it to improve convergence.
  warnings.warn(
2025-10-25 16:17:28,867 - nmf_localizer.core.usm_trainer - INFO - NMF completed: 1000 iterations, final loss: 0.799681
2025-10-25 16:17:28,867 - nmf_localizer.core.usm_trainer - INFO - W non-zero elements: 10293/17300 (59.5%)
2025-10-25 16:17:28,867 - nmf_localizer.core.usm_trainer - INFO - W statistics: min=0.000000, max=0.156311, mean=0.011337
2025-10-25 16:17:28,867 - nmf_localizer.core.usm_trainer - INFO - Speaker 61: W shape torch.Size([346, 50]), loss 0.799681
2025-10-25 16:17:28,867 - nmf_localizer.core.usm_trainer - INFO - Training speaker model: input shape torch.Size([346, 286])
2025-10-25 16:17:28,867 - nmf_localizer.core.usm_trainer - INFO - NMF fitting: V shape torch.Size([346, 286]), n_components 50
2025-10-25 16:17:28,867 - nmf_localizer.core.usm_trainer - INFO - Input data statistics: mean=6.82e-03, std=3.63e-03, max=2.69e-02
/opt/anaconda3/lib/python3.12/site-packages/sklearn/decomposition/_nmf.py:1742: ConvergenceWarning: Maximum number of iterations 1000 reached. Increase it to improve convergence.
  warnings.warn(
2025-10-25 16:17:32,337 - nmf_localizer.core.usm_trainer - INFO - NMF completed: 1000 iterations, final loss: 0.799637
2025-10-25 16:17:32,337 - nmf_localizer.core.usm_trainer - INFO - W non-zero elements: 10204/17300 (59.0%)
2025-10-25 16:17:32,337 - nmf_localizer.core.usm_trainer - INFO - W statistics: min=0.000000, max=0.167549, mean=0.011364
2025-10-25 16:17:32,337 - nmf_localizer.core.usm_trainer - INFO - Speaker 62: W shape torch.Size([346, 50]), loss 0.799637
2025-10-25 16:17:32,337 - nmf_localizer.core.usm_trainer - INFO - Training speaker model: input shape torch.Size([346, 286])
2025-10-25 16:17:32,337 - nmf_localizer.core.usm_trainer - INFO - NMF fitting: V shape torch.Size([346, 286]), n_components 50
2025-10-25 16:17:32,337 - nmf_localizer.core.usm_trainer - INFO - Input data statistics: mean=6.82e-03, std=3.64e-03, max=2.68e-02
/opt/anaconda3/lib/python3.12/site-packages/sklearn/decomposition/_nmf.py:1742: ConvergenceWarning: Maximum number of iterations 1000 reached. Increase it to improve convergence.
  warnings.warn(
2025-10-25 16:17:35,368 - nmf_localizer.core.usm_trainer - INFO - NMF completed: 1000 iterations, final loss: 0.800004
2025-10-25 16:17:35,368 - nmf_localizer.core.usm_trainer - INFO - W non-zero elements: 10311/17300 (59.6%)
2025-10-25 16:17:35,368 - nmf_localizer.core.usm_trainer - INFO - W statistics: min=0.000000, max=0.138287, mean=0.011381
2025-10-25 16:17:35,368 - nmf_localizer.core.usm_trainer - INFO - Speaker 63: W shape torch.Size([346, 50]), loss 0.800004
2025-10-25 16:17:35,368 - nmf_localizer.core.usm_trainer - INFO - Training speaker model: input shape torch.Size([346, 286])
2025-10-25 16:17:35,368 - nmf_localizer.core.usm_trainer - INFO - NMF fitting: V shape torch.Size([346, 286]), n_components 50
2025-10-25 16:17:35,368 - nmf_localizer.core.usm_trainer - INFO - Input data statistics: mean=6.82e-03, std=3.63e-03, max=2.70e-02
/opt/anaconda3/lib/python3.12/site-packages/sklearn/decomposition/_nmf.py:1742: ConvergenceWarning: Maximum number of iterations 1000 reached. Increase it to improve convergence.
  warnings.warn(
2025-10-25 16:17:39,220 - nmf_localizer.core.usm_trainer - INFO - NMF completed: 1000 iterations, final loss: 0.799683
2025-10-25 16:17:39,220 - nmf_localizer.core.usm_trainer - INFO - W non-zero elements: 10301/17300 (59.5%)
2025-10-25 16:17:39,221 - nmf_localizer.core.usm_trainer - INFO - W statistics: min=0.000000, max=0.156386, mean=0.011338
2025-10-25 16:17:39,221 - nmf_localizer.core.usm_trainer - INFO - Speaker 64: W shape torch.Size([346, 50]), loss 0.799683
2025-10-25 16:17:39,221 - nmf_localizer.core.usm_trainer - INFO - Training speaker model: input shape torch.Size([346, 286])
2025-10-25 16:17:39,221 - nmf_localizer.core.usm_trainer - INFO - NMF fitting: V shape torch.Size([346, 286]), n_components 50
2025-10-25 16:17:39,222 - nmf_localizer.core.usm_trainer - INFO - Input data statistics: mean=6.82e-03, std=3.63e-03, max=2.69e-02
/opt/anaconda3/lib/python3.12/site-packages/sklearn/decomposition/_nmf.py:1742: ConvergenceWarning: Maximum number of iterations 1000 reached. Increase it to improve convergence.
  warnings.warn(
2025-10-25 16:17:42,689 - nmf_localizer.core.usm_trainer - INFO - NMF completed: 1000 iterations, final loss: 0.799767
2025-10-25 16:17:42,690 - nmf_localizer.core.usm_trainer - INFO - W non-zero elements: 10159/17300 (58.7%)
2025-10-25 16:17:42,690 - nmf_localizer.core.usm_trainer - INFO - W statistics: min=0.000000, max=0.171745, mean=0.011371
2025-10-25 16:17:42,690 - nmf_localizer.core.usm_trainer - INFO - Speaker 65: W shape torch.Size([346, 50]), loss 0.799767
2025-10-25 16:17:42,690 - nmf_localizer.core.usm_trainer - INFO - Training speaker model: input shape torch.Size([346, 286])
2025-10-25 16:17:42,690 - nmf_localizer.core.usm_trainer - INFO - NMF fitting: V shape torch.Size([346, 286]), n_components 50
2025-10-25 16:17:42,690 - nmf_localizer.core.usm_trainer - INFO - Input data statistics: mean=6.82e-03, std=3.64e-03, max=2.68e-02
/opt/anaconda3/lib/python3.12/site-packages/sklearn/decomposition/_nmf.py:1742: ConvergenceWarning: Maximum number of iterations 1000 reached. Increase it to improve convergence.
  warnings.warn(
2025-10-25 16:17:46,256 - nmf_localizer.core.usm_trainer - INFO - NMF completed: 1000 iterations, final loss: 0.799987
2025-10-25 16:17:46,256 - nmf_localizer.core.usm_trainer - INFO - W non-zero elements: 10340/17300 (59.8%)
2025-10-25 16:17:46,256 - nmf_localizer.core.usm_trainer - INFO - W statistics: min=0.000000, max=0.144771, mean=0.011371
2025-10-25 16:17:46,256 - nmf_localizer.core.usm_trainer - INFO - Speaker 66: W shape torch.Size([346, 50]), loss 0.799987
2025-10-25 16:17:46,256 - nmf_localizer.core.usm_trainer - INFO - Training speaker model: input shape torch.Size([346, 286])
2025-10-25 16:17:46,256 - nmf_localizer.core.usm_trainer - INFO - NMF fitting: V shape torch.Size([346, 286]), n_components 50
2025-10-25 16:17:46,256 - nmf_localizer.core.usm_trainer - INFO - Input data statistics: mean=6.82e-03, std=3.63e-03, max=2.70e-02
/opt/anaconda3/lib/python3.12/site-packages/sklearn/decomposition/_nmf.py:1742: ConvergenceWarning: Maximum number of iterations 1000 reached. Increase it to improve convergence.
  warnings.warn(
2025-10-25 16:17:49,465 - nmf_localizer.core.usm_trainer - INFO - NMF completed: 1000 iterations, final loss: 0.799681
2025-10-25 16:17:49,465 - nmf_localizer.core.usm_trainer - INFO - W non-zero elements: 10301/17300 (59.5%)
2025-10-25 16:17:49,465 - nmf_localizer.core.usm_trainer - INFO - W statistics: min=0.000000, max=0.156308, mean=0.011338
2025-10-25 16:17:49,465 - nmf_localizer.core.usm_trainer - INFO - Speaker 67: W shape torch.Size([346, 50]), loss 0.799681
2025-10-25 16:17:49,465 - nmf_localizer.core.usm_trainer - INFO - Training speaker model: input shape torch.Size([346, 286])
2025-10-25 16:17:49,465 - nmf_localizer.core.usm_trainer - INFO - NMF fitting: V shape torch.Size([346, 286]), n_components 50
2025-10-25 16:17:49,465 - nmf_localizer.core.usm_trainer - INFO - Input data statistics: mean=6.82e-03, std=3.63e-03, max=2.69e-02
/opt/anaconda3/lib/python3.12/site-packages/sklearn/decomposition/_nmf.py:1742: ConvergenceWarning: Maximum number of iterations 1000 reached. Increase it to improve convergence.
  warnings.warn(
2025-10-25 16:17:53,108 - nmf_localizer.core.usm_trainer - INFO - NMF completed: 1000 iterations, final loss: 0.799664
2025-10-25 16:17:53,108 - nmf_localizer.core.usm_trainer - INFO - W non-zero elements: 10172/17300 (58.8%)
2025-10-25 16:17:53,108 - nmf_localizer.core.usm_trainer - INFO - W statistics: min=0.000000, max=0.167396, mean=0.011364
2025-10-25 16:17:53,108 - nmf_localizer.core.usm_trainer - INFO - Speaker 68: W shape torch.Size([346, 50]), loss 0.799664
2025-10-25 16:17:53,108 - nmf_localizer.core.usm_trainer - INFO - Training speaker model: input shape torch.Size([346, 286])
2025-10-25 16:17:53,108 - nmf_localizer.core.usm_trainer - INFO - NMF fitting: V shape torch.Size([346, 286]), n_components 50
2025-10-25 16:17:53,108 - nmf_localizer.core.usm_trainer - INFO - Input data statistics: mean=6.82e-03, std=3.64e-03, max=2.68e-02
/opt/anaconda3/lib/python3.12/site-packages/sklearn/decomposition/_nmf.py:1742: ConvergenceWarning: Maximum number of iterations 1000 reached. Increase it to improve convergence.
  warnings.warn(
2025-10-25 16:17:56,397 - nmf_localizer.core.usm_trainer - INFO - NMF completed: 1000 iterations, final loss: 0.800005
2025-10-25 16:17:56,397 - nmf_localizer.core.usm_trainer - INFO - W non-zero elements: 10338/17300 (59.8%)
2025-10-25 16:17:56,397 - nmf_localizer.core.usm_trainer - INFO - W statistics: min=0.000000, max=0.141017, mean=0.011380
2025-10-25 16:17:56,397 - nmf_localizer.core.usm_trainer - INFO - Speaker 69: W shape torch.Size([346, 50]), loss 0.800005
2025-10-25 16:17:56,397 - nmf_localizer.core.usm_trainer - INFO - Training speaker model: input shape torch.Size([346, 286])
2025-10-25 16:17:56,397 - nmf_localizer.core.usm_trainer - INFO - NMF fitting: V shape torch.Size([346, 286]), n_components 50
2025-10-25 16:17:56,397 - nmf_localizer.core.usm_trainer - INFO - Input data statistics: mean=6.82e-03, std=3.63e-03, max=2.70e-02
/opt/anaconda3/lib/python3.12/site-packages/sklearn/decomposition/_nmf.py:1742: ConvergenceWarning: Maximum number of iterations 1000 reached. Increase it to improve convergence.
  warnings.warn(
2025-10-25 16:17:59,713 - nmf_localizer.core.usm_trainer - INFO - NMF completed: 1000 iterations, final loss: 0.799682
2025-10-25 16:17:59,713 - nmf_localizer.core.usm_trainer - INFO - W non-zero elements: 10293/17300 (59.5%)
2025-10-25 16:17:59,713 - nmf_localizer.core.usm_trainer - INFO - W statistics: min=0.000000, max=0.156333, mean=0.011338
2025-10-25 16:17:59,713 - nmf_localizer.core.usm_trainer - INFO - Speaker 70: W shape torch.Size([346, 50]), loss 0.799682
2025-10-25 16:17:59,713 - nmf_localizer.core.usm_trainer - INFO - Training speaker model: input shape torch.Size([346, 286])
2025-10-25 16:17:59,713 - nmf_localizer.core.usm_trainer - INFO - NMF fitting: V shape torch.Size([346, 286]), n_components 50
2025-10-25 16:17:59,713 - nmf_localizer.core.usm_trainer - INFO - Input data statistics: mean=6.82e-03, std=3.63e-03, max=2.69e-02
/opt/anaconda3/lib/python3.12/site-packages/sklearn/decomposition/_nmf.py:1742: ConvergenceWarning: Maximum number of iterations 1000 reached. Increase it to improve convergence.
  warnings.warn(
2025-10-25 16:18:03,160 - nmf_localizer.core.usm_trainer - INFO - NMF completed: 1000 iterations, final loss: 0.799652
2025-10-25 16:18:03,160 - nmf_localizer.core.usm_trainer - INFO - W non-zero elements: 10296/17300 (59.5%)
2025-10-25 16:18:03,161 - nmf_localizer.core.usm_trainer - INFO - W statistics: min=0.000000, max=0.162868, mean=0.011409
2025-10-25 16:18:03,161 - nmf_localizer.core.usm_trainer - INFO - Speaker 71: W shape torch.Size([346, 50]), loss 0.799652
2025-10-25 16:18:03,161 - nmf_localizer.core.usm_trainer - INFO - Training speaker model: input shape torch.Size([346, 286])
2025-10-25 16:18:03,161 - nmf_localizer.core.usm_trainer - INFO - NMF fitting: V shape torch.Size([346, 286]), n_components 50
2025-10-25 16:18:03,161 - nmf_localizer.core.usm_trainer - INFO - Input data statistics: mean=6.82e-03, std=3.64e-03, max=2.68e-02
/opt/anaconda3/lib/python3.12/site-packages/sklearn/decomposition/_nmf.py:1742: ConvergenceWarning: Maximum number of iterations 1000 reached. Increase it to improve convergence.
  warnings.warn(
2025-10-25 16:18:06,619 - nmf_localizer.core.usm_trainer - INFO - NMF completed: 1000 iterations, final loss: 0.800091
2025-10-25 16:18:06,619 - nmf_localizer.core.usm_trainer - INFO - W non-zero elements: 10353/17300 (59.8%)
2025-10-25 16:18:06,619 - nmf_localizer.core.usm_trainer - INFO - W statistics: min=0.000000, max=0.150426, mean=0.011391
2025-10-25 16:18:06,619 - nmf_localizer.core.usm_trainer - INFO - Speaker 72: W shape torch.Size([346, 50]), loss 0.800091
2025-10-25 16:18:06,619 - nmf_localizer.core.usm_trainer - INFO - Training speaker model: input shape torch.Size([346, 286])
2025-10-25 16:18:06,619 - nmf_localizer.core.usm_trainer - INFO - NMF fitting: V shape torch.Size([346, 286]), n_components 50
2025-10-25 16:18:06,619 - nmf_localizer.core.usm_trainer - INFO - Input data statistics: mean=6.82e-03, std=3.63e-03, max=2.70e-02
/opt/anaconda3/lib/python3.12/site-packages/sklearn/decomposition/_nmf.py:1742: ConvergenceWarning: Maximum number of iterations 1000 reached. Increase it to improve convergence.
  warnings.warn(
2025-10-25 16:18:10,128 - nmf_localizer.core.usm_trainer - INFO - NMF completed: 1000 iterations, final loss: 0.799682
2025-10-25 16:18:10,128 - nmf_localizer.core.usm_trainer - INFO - W non-zero elements: 10289/17300 (59.5%)
2025-10-25 16:18:10,128 - nmf_localizer.core.usm_trainer - INFO - W statistics: min=0.000000, max=0.156298, mean=0.011337
2025-10-25 16:18:10,128 - nmf_localizer.core.usm_trainer - INFO - Speaker 73: W shape torch.Size([346, 50]), loss 0.799682
2025-10-25 16:18:10,128 - nmf_localizer.core.usm_trainer - INFO - Training speaker model: input shape torch.Size([346, 286])
2025-10-25 16:18:10,128 - nmf_localizer.core.usm_trainer - INFO - NMF fitting: V shape torch.Size([346, 286]), n_components 50
2025-10-25 16:18:10,128 - nmf_localizer.core.usm_trainer - INFO - Input data statistics: mean=6.82e-03, std=3.63e-03, max=2.69e-02
/opt/anaconda3/lib/python3.12/site-packages/sklearn/decomposition/_nmf.py:1742: ConvergenceWarning: Maximum number of iterations 1000 reached. Increase it to improve convergence.
  warnings.warn(
2025-10-25 16:18:13,564 - nmf_localizer.core.usm_trainer - INFO - NMF completed: 1000 iterations, final loss: 0.799619
2025-10-25 16:18:13,564 - nmf_localizer.core.usm_trainer - INFO - W non-zero elements: 10316/17300 (59.6%)
2025-10-25 16:18:13,564 - nmf_localizer.core.usm_trainer - INFO - W statistics: min=0.000000, max=0.169315, mean=0.011424
2025-10-25 16:18:13,564 - nmf_localizer.core.usm_trainer - INFO - Speaker 74: W shape torch.Size([346, 50]), loss 0.799619
2025-10-25 16:18:13,564 - nmf_localizer.core.usm_trainer - INFO - Training speaker model: input shape torch.Size([346, 286])
2025-10-25 16:18:13,564 - nmf_localizer.core.usm_trainer - INFO - NMF fitting: V shape torch.Size([346, 286]), n_components 50
2025-10-25 16:18:13,565 - nmf_localizer.core.usm_trainer - INFO - Input data statistics: mean=6.82e-03, std=3.64e-03, max=2.68e-02
/opt/anaconda3/lib/python3.12/site-packages/sklearn/decomposition/_nmf.py:1742: ConvergenceWarning: Maximum number of iterations 1000 reached. Increase it to improve convergence.
  warnings.warn(
2025-10-25 16:18:16,493 - nmf_localizer.core.usm_trainer - INFO - NMF completed: 1000 iterations, final loss: 0.800006
2025-10-25 16:18:16,494 - nmf_localizer.core.usm_trainer - INFO - W non-zero elements: 10327/17300 (59.7%)
2025-10-25 16:18:16,494 - nmf_localizer.core.usm_trainer - INFO - W statistics: min=0.000000, max=0.140647, mean=0.011380
2025-10-25 16:18:16,494 - nmf_localizer.core.usm_trainer - INFO - Speaker 75: W shape torch.Size([346, 50]), loss 0.800006
2025-10-25 16:18:16,494 - nmf_localizer.core.usm_trainer - INFO - Training speaker model: input shape torch.Size([346, 286])
2025-10-25 16:18:16,494 - nmf_localizer.core.usm_trainer - INFO - NMF fitting: V shape torch.Size([346, 286]), n_components 50
2025-10-25 16:18:16,494 - nmf_localizer.core.usm_trainer - INFO - Input data statistics: mean=6.82e-03, std=3.63e-03, max=2.70e-02
/opt/anaconda3/lib/python3.12/site-packages/sklearn/decomposition/_nmf.py:1742: ConvergenceWarning: Maximum number of iterations 1000 reached. Increase it to improve convergence.
  warnings.warn(
2025-10-25 16:18:20,163 - nmf_localizer.core.usm_trainer - INFO - NMF completed: 1000 iterations, final loss: 0.799684
2025-10-25 16:18:20,163 - nmf_localizer.core.usm_trainer - INFO - W non-zero elements: 10293/17300 (59.5%)
2025-10-25 16:18:20,163 - nmf_localizer.core.usm_trainer - INFO - W statistics: min=0.000000, max=0.156359, mean=0.011338
2025-10-25 16:18:20,163 - nmf_localizer.core.usm_trainer - INFO - Speaker 76: W shape torch.Size([346, 50]), loss 0.799684
2025-10-25 16:18:20,163 - nmf_localizer.core.usm_trainer - INFO - Training speaker model: input shape torch.Size([346, 286])
2025-10-25 16:18:20,163 - nmf_localizer.core.usm_trainer - INFO - NMF fitting: V shape torch.Size([346, 286]), n_components 50
2025-10-25 16:18:20,163 - nmf_localizer.core.usm_trainer - INFO - Input data statistics: mean=6.82e-03, std=3.63e-03, max=2.69e-02
/opt/anaconda3/lib/python3.12/site-packages/sklearn/decomposition/_nmf.py:1742: ConvergenceWarning: Maximum number of iterations 1000 reached. Increase it to improve convergence.
  warnings.warn(
2025-10-25 16:18:23,593 - nmf_localizer.core.usm_trainer - INFO - NMF completed: 1000 iterations, final loss: 0.799706
2025-10-25 16:18:23,593 - nmf_localizer.core.usm_trainer - INFO - W non-zero elements: 10301/17300 (59.5%)
2025-10-25 16:18:23,593 - nmf_localizer.core.usm_trainer - INFO - W statistics: min=0.000000, max=0.167158, mean=0.011413
2025-10-25 16:18:23,593 - nmf_localizer.core.usm_trainer - INFO - Speaker 77: W shape torch.Size([346, 50]), loss 0.799706
2025-10-25 16:18:23,593 - nmf_localizer.core.usm_trainer - INFO - Training speaker model: input shape torch.Size([346, 286])
2025-10-25 16:18:23,593 - nmf_localizer.core.usm_trainer - INFO - NMF fitting: V shape torch.Size([346, 286]), n_components 50
2025-10-25 16:18:23,593 - nmf_localizer.core.usm_trainer - INFO - Input data statistics: mean=6.82e-03, std=3.64e-03, max=2.68e-02
/opt/anaconda3/lib/python3.12/site-packages/sklearn/decomposition/_nmf.py:1742: ConvergenceWarning: Maximum number of iterations 1000 reached. Increase it to improve convergence.
  warnings.warn(
2025-10-25 16:18:27,397 - nmf_localizer.core.usm_trainer - INFO - NMF completed: 1000 iterations, final loss: 0.800004
2025-10-25 16:18:27,397 - nmf_localizer.core.usm_trainer - INFO - W non-zero elements: 10334/17300 (59.7%)
2025-10-25 16:18:27,397 - nmf_localizer.core.usm_trainer - INFO - W statistics: min=0.000000, max=0.141554, mean=0.011379
2025-10-25 16:18:27,397 - nmf_localizer.core.usm_trainer - INFO - Speaker 78: W shape torch.Size([346, 50]), loss 0.800004
2025-10-25 16:18:27,397 - nmf_localizer.core.usm_trainer - INFO - Training speaker model: input shape torch.Size([346, 286])
2025-10-25 16:18:27,397 - nmf_localizer.core.usm_trainer - INFO - NMF fitting: V shape torch.Size([346, 286]), n_components 50
2025-10-25 16:18:27,397 - nmf_localizer.core.usm_trainer - INFO - Input data statistics: mean=6.82e-03, std=3.63e-03, max=2.70e-02
/opt/anaconda3/lib/python3.12/site-packages/sklearn/decomposition/_nmf.py:1742: ConvergenceWarning: Maximum number of iterations 1000 reached. Increase it to improve convergence.
  warnings.warn(
2025-10-25 16:18:30,443 - nmf_localizer.core.usm_trainer - INFO - NMF completed: 1000 iterations, final loss: 0.799684
2025-10-25 16:18:30,443 - nmf_localizer.core.usm_trainer - INFO - W non-zero elements: 10293/17300 (59.5%)
2025-10-25 16:18:30,443 - nmf_localizer.core.usm_trainer - INFO - W statistics: min=0.000000, max=0.156350, mean=0.011338
2025-10-25 16:18:30,444 - nmf_localizer.core.usm_trainer - INFO - Speaker 79: W shape torch.Size([346, 50]), loss 0.799684
2025-10-25 16:18:30,444 - nmf_localizer.core.usm_trainer - INFO - Training speaker model: input shape torch.Size([346, 286])
2025-10-25 16:18:30,444 - nmf_localizer.core.usm_trainer - INFO - NMF fitting: V shape torch.Size([346, 286]), n_components 50
2025-10-25 16:18:30,444 - nmf_localizer.core.usm_trainer - INFO - Input data statistics: mean=6.82e-03, std=3.63e-03, max=2.69e-02
/opt/anaconda3/lib/python3.12/site-packages/sklearn/decomposition/_nmf.py:1742: ConvergenceWarning: Maximum number of iterations 1000 reached. Increase it to improve convergence.
  warnings.warn(
2025-10-25 16:18:34,195 - nmf_localizer.core.usm_trainer - INFO - NMF completed: 1000 iterations, final loss: 0.799651
2025-10-25 16:18:34,195 - nmf_localizer.core.usm_trainer - INFO - W non-zero elements: 10302/17300 (59.5%)
2025-10-25 16:18:34,195 - nmf_localizer.core.usm_trainer - INFO - W statistics: min=0.000000, max=0.168417, mean=0.011425
2025-10-25 16:18:34,195 - nmf_localizer.core.usm_trainer - INFO - Speaker 80: W shape torch.Size([346, 50]), loss 0.799651
2025-10-25 16:18:34,195 - nmf_localizer.core.usm_trainer - INFO - Training speaker model: input shape torch.Size([346, 286])
2025-10-25 16:18:34,195 - nmf_localizer.core.usm_trainer - INFO - NMF fitting: V shape torch.Size([346, 286]), n_components 50
2025-10-25 16:18:34,196 - nmf_localizer.core.usm_trainer - INFO - Input data statistics: mean=6.82e-03, std=3.64e-03, max=2.68e-02
/opt/anaconda3/lib/python3.12/site-packages/sklearn/decomposition/_nmf.py:1742: ConvergenceWarning: Maximum number of iterations 1000 reached. Increase it to improve convergence.
  warnings.warn(
2025-10-25 16:18:37,915 - nmf_localizer.core.usm_trainer - INFO - NMF completed: 1000 iterations, final loss: 0.800007
2025-10-25 16:18:37,915 - nmf_localizer.core.usm_trainer - INFO - W non-zero elements: 10336/17300 (59.7%)
2025-10-25 16:18:37,915 - nmf_localizer.core.usm_trainer - INFO - W statistics: min=0.000000, max=0.146609, mean=0.011376
2025-10-25 16:18:37,915 - nmf_localizer.core.usm_trainer - INFO - Speaker 81: W shape torch.Size([346, 50]), loss 0.800007
2025-10-25 16:18:37,915 - nmf_localizer.core.usm_trainer - INFO - Training speaker model: input shape torch.Size([346, 286])
2025-10-25 16:18:37,915 - nmf_localizer.core.usm_trainer - INFO - NMF fitting: V shape torch.Size([346, 286]), n_components 50
2025-10-25 16:18:37,916 - nmf_localizer.core.usm_trainer - INFO - Input data statistics: mean=6.82e-03, std=3.63e-03, max=2.70e-02
/opt/anaconda3/lib/python3.12/site-packages/sklearn/decomposition/_nmf.py:1742: ConvergenceWarning: Maximum number of iterations 1000 reached. Increase it to improve convergence.
  warnings.warn(
2025-10-25 16:18:41,540 - nmf_localizer.core.usm_trainer - INFO - NMF completed: 1000 iterations, final loss: 0.799681
2025-10-25 16:18:41,540 - nmf_localizer.core.usm_trainer - INFO - W non-zero elements: 10304/17300 (59.6%)
2025-10-25 16:18:41,541 - nmf_localizer.core.usm_trainer - INFO - W statistics: min=0.000000, max=0.156332, mean=0.011338
2025-10-25 16:18:41,541 - nmf_localizer.core.usm_trainer - INFO - Speaker 82: W shape torch.Size([346, 50]), loss 0.799681
2025-10-25 16:18:41,541 - nmf_localizer.core.usm_trainer - INFO - Training speaker model: input shape torch.Size([346, 286])
2025-10-25 16:18:41,541 - nmf_localizer.core.usm_trainer - INFO - NMF fitting: V shape torch.Size([346, 286]), n_components 50
2025-10-25 16:18:41,541 - nmf_localizer.core.usm_trainer - INFO - Input data statistics: mean=6.82e-03, std=3.63e-03, max=2.69e-02
/opt/anaconda3/lib/python3.12/site-packages/sklearn/decomposition/_nmf.py:1742: ConvergenceWarning: Maximum number of iterations 1000 reached. Increase it to improve convergence.
  warnings.warn(
2025-10-25 16:18:45,265 - nmf_localizer.core.usm_trainer - INFO - NMF completed: 1000 iterations, final loss: 0.799626
2025-10-25 16:18:45,265 - nmf_localizer.core.usm_trainer - INFO - W non-zero elements: 10321/17300 (59.7%)
2025-10-25 16:18:45,265 - nmf_localizer.core.usm_trainer - INFO - W statistics: min=0.000000, max=0.168958, mean=0.011426
2025-10-25 16:18:45,265 - nmf_localizer.core.usm_trainer - INFO - Speaker 83: W shape torch.Size([346, 50]), loss 0.799626
2025-10-25 16:18:45,265 - nmf_localizer.core.usm_trainer - INFO - Training speaker model: input shape torch.Size([346, 286])
2025-10-25 16:18:45,265 - nmf_localizer.core.usm_trainer - INFO - NMF fitting: V shape torch.Size([346, 286]), n_components 50
2025-10-25 16:18:45,265 - nmf_localizer.core.usm_trainer - INFO - Input data statistics: mean=6.82e-03, std=3.64e-03, max=2.68e-02
/opt/anaconda3/lib/python3.12/site-packages/sklearn/decomposition/_nmf.py:1742: ConvergenceWarning: Maximum number of iterations 1000 reached. Increase it to improve convergence.
  warnings.warn(
2025-10-25 16:18:49,030 - nmf_localizer.core.usm_trainer - INFO - NMF completed: 1000 iterations, final loss: 0.799983
2025-10-25 16:18:49,030 - nmf_localizer.core.usm_trainer - INFO - W non-zero elements: 10324/17300 (59.7%)
2025-10-25 16:18:49,030 - nmf_localizer.core.usm_trainer - INFO - W statistics: min=0.000000, max=0.144011, mean=0.011370
2025-10-25 16:18:49,030 - nmf_localizer.core.usm_trainer - INFO - Speaker 84: W shape torch.Size([346, 50]), loss 0.799983
2025-10-25 16:18:49,030 - nmf_localizer.core.usm_trainer - INFO - Training speaker model: input shape torch.Size([346, 286])
2025-10-25 16:18:49,030 - nmf_localizer.core.usm_trainer - INFO - NMF fitting: V shape torch.Size([346, 286]), n_components 50
2025-10-25 16:18:49,031 - nmf_localizer.core.usm_trainer - INFO - Input data statistics: mean=6.82e-03, std=3.63e-03, max=2.70e-02
/opt/anaconda3/lib/python3.12/site-packages/sklearn/decomposition/_nmf.py:1742: ConvergenceWarning: Maximum number of iterations 1000 reached. Increase it to improve convergence.
  warnings.warn(
2025-10-25 16:18:52,533 - nmf_localizer.core.usm_trainer - INFO - NMF completed: 1000 iterations, final loss: 0.799681
2025-10-25 16:18:52,533 - nmf_localizer.core.usm_trainer - INFO - W non-zero elements: 10296/17300 (59.5%)
2025-10-25 16:18:52,533 - nmf_localizer.core.usm_trainer - INFO - W statistics: min=0.000000, max=0.156307, mean=0.011337
2025-10-25 16:18:52,533 - nmf_localizer.core.usm_trainer - INFO - Speaker 85: W shape torch.Size([346, 50]), loss 0.799681
2025-10-25 16:18:52,533 - nmf_localizer.core.usm_trainer - INFO - Training speaker model: input shape torch.Size([346, 286])
2025-10-25 16:18:52,533 - nmf_localizer.core.usm_trainer - INFO - NMF fitting: V shape torch.Size([346, 286]), n_components 50
2025-10-25 16:18:52,534 - nmf_localizer.core.usm_trainer - INFO - Input data statistics: mean=6.82e-03, std=3.63e-03, max=2.69e-02
/opt/anaconda3/lib/python3.12/site-packages/sklearn/decomposition/_nmf.py:1742: ConvergenceWarning: Maximum number of iterations 1000 reached. Increase it to improve convergence.
  warnings.warn(
2025-10-25 16:18:55,929 - nmf_localizer.core.usm_trainer - INFO - NMF completed: 1000 iterations, final loss: 0.799627
2025-10-25 16:18:55,929 - nmf_localizer.core.usm_trainer - INFO - W non-zero elements: 10244/17300 (59.2%)
2025-10-25 16:18:55,929 - nmf_localizer.core.usm_trainer - INFO - W statistics: min=0.000000, max=0.163270, mean=0.011404
2025-10-25 16:18:55,929 - nmf_localizer.core.usm_trainer - INFO - Speaker 86: W shape torch.Size([346, 50]), loss 0.799627
2025-10-25 16:18:55,929 - nmf_localizer.core.usm_trainer - INFO - Training speaker model: input shape torch.Size([346, 286])
2025-10-25 16:18:55,929 - nmf_localizer.core.usm_trainer - INFO - NMF fitting: V shape torch.Size([346, 286]), n_components 50
2025-10-25 16:18:55,929 - nmf_localizer.core.usm_trainer - INFO - Input data statistics: mean=6.82e-03, std=3.64e-03, max=2.68e-02
/opt/anaconda3/lib/python3.12/site-packages/sklearn/decomposition/_nmf.py:1742: ConvergenceWarning: Maximum number of iterations 1000 reached. Increase it to improve convergence.
  warnings.warn(
2025-10-25 16:18:59,704 - nmf_localizer.core.usm_trainer - INFO - NMF completed: 1000 iterations, final loss: 0.799980
2025-10-25 16:18:59,704 - nmf_localizer.core.usm_trainer - INFO - W non-zero elements: 10326/17300 (59.7%)
2025-10-25 16:18:59,704 - nmf_localizer.core.usm_trainer - INFO - W statistics: min=0.000000, max=0.144287, mean=0.011370
2025-10-25 16:18:59,704 - nmf_localizer.core.usm_trainer - INFO - Speaker 87: W shape torch.Size([346, 50]), loss 0.799980
2025-10-25 16:18:59,704 - nmf_localizer.core.usm_trainer - INFO - Training speaker model: input shape torch.Size([346, 286])
2025-10-25 16:18:59,704 - nmf_localizer.core.usm_trainer - INFO - NMF fitting: V shape torch.Size([346, 286]), n_components 50
2025-10-25 16:18:59,704 - nmf_localizer.core.usm_trainer - INFO - Input data statistics: mean=6.82e-03, std=3.63e-03, max=2.70e-02
/opt/anaconda3/lib/python3.12/site-packages/sklearn/decomposition/_nmf.py:1742: ConvergenceWarning: Maximum number of iterations 1000 reached. Increase it to improve convergence.
  warnings.warn(
2025-10-25 16:19:02,954 - nmf_localizer.core.usm_trainer - INFO - NMF completed: 1000 iterations, final loss: 0.799683
2025-10-25 16:19:02,954 - nmf_localizer.core.usm_trainer - INFO - W non-zero elements: 10289/17300 (59.5%)
2025-10-25 16:19:02,954 - nmf_localizer.core.usm_trainer - INFO - W statistics: min=0.000000, max=0.156335, mean=0.011338
2025-10-25 16:19:02,954 - nmf_localizer.core.usm_trainer - INFO - Speaker 88: W shape torch.Size([346, 50]), loss 0.799683
2025-10-25 16:19:02,954 - nmf_localizer.core.usm_trainer - INFO - Training speaker model: input shape torch.Size([346, 286])
2025-10-25 16:19:02,954 - nmf_localizer.core.usm_trainer - INFO - NMF fitting: V shape torch.Size([346, 286]), n_components 50
2025-10-25 16:19:02,954 - nmf_localizer.core.usm_trainer - INFO - Input data statistics: mean=6.82e-03, std=3.63e-03, max=2.69e-02
/opt/anaconda3/lib/python3.12/site-packages/sklearn/decomposition/_nmf.py:1742: ConvergenceWarning: Maximum number of iterations 1000 reached. Increase it to improve convergence.
  warnings.warn(
2025-10-25 16:19:06,553 - nmf_localizer.core.usm_trainer - INFO - NMF completed: 1000 iterations, final loss: 0.800035
2025-10-25 16:19:06,553 - nmf_localizer.core.usm_trainer - INFO - W non-zero elements: 10291/17300 (59.5%)
2025-10-25 16:19:06,553 - nmf_localizer.core.usm_trainer - INFO - W statistics: min=0.000000, max=0.159920, mean=0.011438
2025-10-25 16:19:06,553 - nmf_localizer.core.usm_trainer - INFO - Speaker 89: W shape torch.Size([346, 50]), loss 0.800035
2025-10-25 16:19:06,553 - nmf_localizer.core.usm_trainer - INFO - Training speaker model: input shape torch.Size([346, 286])
2025-10-25 16:19:06,553 - nmf_localizer.core.usm_trainer - INFO - NMF fitting: V shape torch.Size([346, 286]), n_components 50
2025-10-25 16:19:06,553 - nmf_localizer.core.usm_trainer - INFO - Input data statistics: mean=6.82e-03, std=3.64e-03, max=2.68e-02
/opt/anaconda3/lib/python3.12/site-packages/sklearn/decomposition/_nmf.py:1742: ConvergenceWarning: Maximum number of iterations 1000 reached. Increase it to improve convergence.
  warnings.warn(
2025-10-25 16:19:09,991 - nmf_localizer.core.usm_trainer - INFO - NMF completed: 1000 iterations, final loss: 0.800007
2025-10-25 16:19:09,991 - nmf_localizer.core.usm_trainer - INFO - W non-zero elements: 10330/17300 (59.7%)
2025-10-25 16:19:09,991 - nmf_localizer.core.usm_trainer - INFO - W statistics: min=0.000000, max=0.139697, mean=0.011380
2025-10-25 16:19:09,991 - nmf_localizer.core.usm_trainer - INFO - Speaker 90: W shape torch.Size([346, 50]), loss 0.800007
2025-10-25 16:19:09,991 - nmf_localizer.core.usm_trainer - INFO - Training speaker model: input shape torch.Size([346, 286])
2025-10-25 16:19:09,991 - nmf_localizer.core.usm_trainer - INFO - NMF fitting: V shape torch.Size([346, 286]), n_components 50
2025-10-25 16:19:09,991 - nmf_localizer.core.usm_trainer - INFO - Input data statistics: mean=6.82e-03, std=3.63e-03, max=2.70e-02
/opt/anaconda3/lib/python3.12/site-packages/sklearn/decomposition/_nmf.py:1742: ConvergenceWarning: Maximum number of iterations 1000 reached. Increase it to improve convergence.
  warnings.warn(
2025-10-25 16:19:13,731 - nmf_localizer.core.usm_trainer - INFO - NMF completed: 1000 iterations, final loss: 0.799684
2025-10-25 16:19:13,731 - nmf_localizer.core.usm_trainer - INFO - W non-zero elements: 10301/17300 (59.5%)
2025-10-25 16:19:13,731 - nmf_localizer.core.usm_trainer - INFO - W statistics: min=0.000000, max=0.156320, mean=0.011337
2025-10-25 16:19:13,731 - nmf_localizer.core.usm_trainer - INFO - Speaker 91: W shape torch.Size([346, 50]), loss 0.799684
2025-10-25 16:19:13,731 - nmf_localizer.core.usm_trainer - INFO - Training speaker model: input shape torch.Size([346, 286])
2025-10-25 16:19:13,731 - nmf_localizer.core.usm_trainer - INFO - NMF fitting: V shape torch.Size([346, 286]), n_components 50
2025-10-25 16:19:13,731 - nmf_localizer.core.usm_trainer - INFO - Input data statistics: mean=6.82e-03, std=3.63e-03, max=2.69e-02
/opt/anaconda3/lib/python3.12/site-packages/sklearn/decomposition/_nmf.py:1742: ConvergenceWarning: Maximum number of iterations 1000 reached. Increase it to improve convergence.
  warnings.warn(
2025-10-25 16:19:17,504 - nmf_localizer.core.usm_trainer - INFO - NMF completed: 1000 iterations, final loss: 0.799766
2025-10-25 16:19:17,504 - nmf_localizer.core.usm_trainer - INFO - W non-zero elements: 10277/17300 (59.4%)
2025-10-25 16:19:17,504 - nmf_localizer.core.usm_trainer - INFO - W statistics: min=0.000000, max=0.171592, mean=0.011427
2025-10-25 16:19:17,504 - nmf_localizer.core.usm_trainer - INFO - Speaker 92: W shape torch.Size([346, 50]), loss 0.799766
2025-10-25 16:19:17,504 - nmf_localizer.core.usm_trainer - INFO - Training speaker model: input shape torch.Size([346, 286])
2025-10-25 16:19:17,504 - nmf_localizer.core.usm_trainer - INFO - NMF fitting: V shape torch.Size([346, 286]), n_components 50
2025-10-25 16:19:17,504 - nmf_localizer.core.usm_trainer - INFO - Input data statistics: mean=6.82e-03, std=3.64e-03, max=2.68e-02
/opt/anaconda3/lib/python3.12/site-packages/sklearn/decomposition/_nmf.py:1742: ConvergenceWarning: Maximum number of iterations 1000 reached. Increase it to improve convergence.
  warnings.warn(
2025-10-25 16:19:20,956 - nmf_localizer.core.usm_trainer - INFO - NMF completed: 1000 iterations, final loss: 0.800017
2025-10-25 16:19:20,956 - nmf_localizer.core.usm_trainer - INFO - W non-zero elements: 10333/17300 (59.7%)
2025-10-25 16:19:20,957 - nmf_localizer.core.usm_trainer - INFO - W statistics: min=0.000000, max=0.147427, mean=0.011379
2025-10-25 16:19:20,957 - nmf_localizer.core.usm_trainer - INFO - Speaker 93: W shape torch.Size([346, 50]), loss 0.800017
2025-10-25 16:19:20,957 - nmf_localizer.core.usm_trainer - INFO - Training speaker model: input shape torch.Size([346, 286])
2025-10-25 16:19:20,957 - nmf_localizer.core.usm_trainer - INFO - NMF fitting: V shape torch.Size([346, 286]), n_components 50
2025-10-25 16:19:20,957 - nmf_localizer.core.usm_trainer - INFO - Input data statistics: mean=6.82e-03, std=3.63e-03, max=2.70e-02
/opt/anaconda3/lib/python3.12/site-packages/sklearn/decomposition/_nmf.py:1742: ConvergenceWarning: Maximum number of iterations 1000 reached. Increase it to improve convergence.
  warnings.warn(
2025-10-25 16:19:24,422 - nmf_localizer.core.usm_trainer - INFO - NMF completed: 1000 iterations, final loss: 0.799683
2025-10-25 16:19:24,422 - nmf_localizer.core.usm_trainer - INFO - W non-zero elements: 10297/17300 (59.5%)
2025-10-25 16:19:24,422 - nmf_localizer.core.usm_trainer - INFO - W statistics: min=0.000000, max=0.156353, mean=0.011338
2025-10-25 16:19:24,422 - nmf_localizer.core.usm_trainer - INFO - Speaker 94: W shape torch.Size([346, 50]), loss 0.799683
2025-10-25 16:19:24,422 - nmf_localizer.core.usm_trainer - INFO - Training speaker model: input shape torch.Size([346, 286])
2025-10-25 16:19:24,422 - nmf_localizer.core.usm_trainer - INFO - NMF fitting: V shape torch.Size([346, 286]), n_components 50
2025-10-25 16:19:24,422 - nmf_localizer.core.usm_trainer - INFO - Input data statistics: mean=6.82e-03, std=3.63e-03, max=2.69e-02
/opt/anaconda3/lib/python3.12/site-packages/sklearn/decomposition/_nmf.py:1742: ConvergenceWarning: Maximum number of iterations 1000 reached. Increase it to improve convergence.
  warnings.warn(
2025-10-25 16:19:28,486 - nmf_localizer.core.usm_trainer - INFO - NMF completed: 1000 iterations, final loss: 0.799615
2025-10-25 16:19:28,487 - nmf_localizer.core.usm_trainer - INFO - W non-zero elements: 10210/17300 (59.0%)
2025-10-25 16:19:28,487 - nmf_localizer.core.usm_trainer - INFO - W statistics: min=0.000000, max=0.167595, mean=0.011369
2025-10-25 16:19:28,487 - nmf_localizer.core.usm_trainer - INFO - Speaker 95: W shape torch.Size([346, 50]), loss 0.799615
2025-10-25 16:19:28,487 - nmf_localizer.core.usm_trainer - INFO - Training speaker model: input shape torch.Size([346, 286])
2025-10-25 16:19:28,487 - nmf_localizer.core.usm_trainer - INFO - NMF fitting: V shape torch.Size([346, 286]), n_components 50
2025-10-25 16:19:28,487 - nmf_localizer.core.usm_trainer - INFO - Input data statistics: mean=6.82e-03, std=3.64e-03, max=2.68e-02
/opt/anaconda3/lib/python3.12/site-packages/sklearn/decomposition/_nmf.py:1742: ConvergenceWarning: Maximum number of iterations 1000 reached. Increase it to improve convergence.
  warnings.warn(
2025-10-25 16:19:31,950 - nmf_localizer.core.usm_trainer - INFO - NMF completed: 1000 iterations, final loss: 0.799997
2025-10-25 16:19:31,950 - nmf_localizer.core.usm_trainer - INFO - W non-zero elements: 10328/17300 (59.7%)
2025-10-25 16:19:31,950 - nmf_localizer.core.usm_trainer - INFO - W statistics: min=0.000000, max=0.145736, mean=0.011373
2025-10-25 16:19:31,950 - nmf_localizer.core.usm_trainer - INFO - Speaker 96: W shape torch.Size([346, 50]), loss 0.799997
2025-10-25 16:19:31,950 - nmf_localizer.core.usm_trainer - INFO - Training speaker model: input shape torch.Size([346, 286])
2025-10-25 16:19:31,950 - nmf_localizer.core.usm_trainer - INFO - NMF fitting: V shape torch.Size([346, 286]), n_components 50
2025-10-25 16:19:31,950 - nmf_localizer.core.usm_trainer - INFO - Input data statistics: mean=6.82e-03, std=3.63e-03, max=2.70e-02
/opt/anaconda3/lib/python3.12/site-packages/sklearn/decomposition/_nmf.py:1742: ConvergenceWarning: Maximum number of iterations 1000 reached. Increase it to improve convergence.
  warnings.warn(
2025-10-25 16:19:35,530 - nmf_localizer.core.usm_trainer - INFO - NMF completed: 1000 iterations, final loss: 0.799680
2025-10-25 16:19:35,530 - nmf_localizer.core.usm_trainer - INFO - W non-zero elements: 10304/17300 (59.6%)
2025-10-25 16:19:35,530 - nmf_localizer.core.usm_trainer - INFO - W statistics: min=0.000000, max=0.156352, mean=0.011338
2025-10-25 16:19:35,530 - nmf_localizer.core.usm_trainer - INFO - Speaker 97: W shape torch.Size([346, 50]), loss 0.799680
2025-10-25 16:19:35,530 - nmf_localizer.core.usm_trainer - INFO - Training speaker model: input shape torch.Size([346, 286])
2025-10-25 16:19:35,530 - nmf_localizer.core.usm_trainer - INFO - NMF fitting: V shape torch.Size([346, 286]), n_components 50
2025-10-25 16:19:35,531 - nmf_localizer.core.usm_trainer - INFO - Input data statistics: mean=6.82e-03, std=3.63e-03, max=2.69e-02
/opt/anaconda3/lib/python3.12/site-packages/sklearn/decomposition/_nmf.py:1742: ConvergenceWarning: Maximum number of iterations 1000 reached. Increase it to improve convergence.
  warnings.warn(
2025-10-25 16:19:38,478 - nmf_localizer.core.usm_trainer - INFO - NMF completed: 1000 iterations, final loss: 0.799834
2025-10-25 16:19:38,478 - nmf_localizer.core.usm_trainer - INFO - W non-zero elements: 10296/17300 (59.5%)
2025-10-25 16:19:38,478 - nmf_localizer.core.usm_trainer - INFO - W statistics: min=0.000000, max=0.168185, mean=0.011412
2025-10-25 16:19:38,478 - nmf_localizer.core.usm_trainer - INFO - Speaker 98: W shape torch.Size([346, 50]), loss 0.799834
2025-10-25 16:19:38,479 - nmf_localizer.core.usm_trainer - INFO - Training speaker model: input shape torch.Size([346, 286])
2025-10-25 16:19:38,479 - nmf_localizer.core.usm_trainer - INFO - NMF fitting: V shape torch.Size([346, 286]), n_components 50
2025-10-25 16:19:38,479 - nmf_localizer.core.usm_trainer - INFO - Input data statistics: mean=6.82e-03, std=3.64e-03, max=2.68e-02
/opt/anaconda3/lib/python3.12/site-packages/sklearn/decomposition/_nmf.py:1742: ConvergenceWarning: Maximum number of iterations 1000 reached. Increase it to improve convergence.
  warnings.warn(
2025-10-25 16:19:42,301 - nmf_localizer.core.usm_trainer - INFO - NMF completed: 1000 iterations, final loss: 0.799997
2025-10-25 16:19:42,301 - nmf_localizer.core.usm_trainer - INFO - W non-zero elements: 10362/17300 (59.9%)
2025-10-25 16:19:42,301 - nmf_localizer.core.usm_trainer - INFO - W statistics: min=0.000000, max=0.146506, mean=0.011379
2025-10-25 16:19:42,301 - nmf_localizer.core.usm_trainer - INFO - Speaker 99: W shape torch.Size([346, 50]), loss 0.799997
2025-10-25 16:19:42,301 - nmf_localizer.core.usm_trainer - INFO - Training speaker model: input shape torch.Size([346, 286])
2025-10-25 16:19:42,301 - nmf_localizer.core.usm_trainer - INFO - NMF fitting: V shape torch.Size([346, 286]), n_components 50
2025-10-25 16:19:42,301 - nmf_localizer.core.usm_trainer - INFO - Input data statistics: mean=6.82e-03, std=3.63e-03, max=2.70e-02
/opt/anaconda3/lib/python3.12/site-packages/sklearn/decomposition/_nmf.py:1742: ConvergenceWarning: Maximum number of iterations 1000 reached. Increase it to improve convergence.
  warnings.warn(
2025-10-25 16:19:45,730 - nmf_localizer.core.usm_trainer - INFO - NMF completed: 1000 iterations, final loss: 0.799685
2025-10-25 16:19:45,730 - nmf_localizer.core.usm_trainer - INFO - W non-zero elements: 10291/17300 (59.5%)
2025-10-25 16:19:45,730 - nmf_localizer.core.usm_trainer - INFO - W statistics: min=0.000000, max=0.156333, mean=0.011338
2025-10-25 16:19:45,730 - nmf_localizer.core.usm_trainer - INFO - Speaker 100: W shape torch.Size([346, 50]), loss 0.799685
2025-10-25 16:19:45,730 - nmf_localizer.core.usm_trainer - INFO - Training speaker model: input shape torch.Size([346, 286])
2025-10-25 16:19:45,730 - nmf_localizer.core.usm_trainer - INFO - NMF fitting: V shape torch.Size([346, 286]), n_components 50
2025-10-25 16:19:45,731 - nmf_localizer.core.usm_trainer - INFO - Input data statistics: mean=6.82e-03, std=3.63e-03, max=2.69e-02
/opt/anaconda3/lib/python3.12/site-packages/sklearn/decomposition/_nmf.py:1742: ConvergenceWarning: Maximum number of iterations 1000 reached. Increase it to improve convergence.
  warnings.warn(
2025-10-25 16:19:49,212 - nmf_localizer.core.usm_trainer - INFO - NMF completed: 1000 iterations, final loss: 0.799648
2025-10-25 16:19:49,212 - nmf_localizer.core.usm_trainer - INFO - W non-zero elements: 10181/17300 (58.8%)
2025-10-25 16:19:49,212 - nmf_localizer.core.usm_trainer - INFO - W statistics: min=0.000000, max=0.167657, mean=0.011366
2025-10-25 16:19:49,212 - nmf_localizer.core.usm_trainer - INFO - Speaker 101: W shape torch.Size([346, 50]), loss 0.799648
2025-10-25 16:19:49,212 - nmf_localizer.core.usm_trainer - INFO - Training speaker model: input shape torch.Size([346, 286])
2025-10-25 16:19:49,212 - nmf_localizer.core.usm_trainer - INFO - NMF fitting: V shape torch.Size([346, 286]), n_components 50
2025-10-25 16:19:49,212 - nmf_localizer.core.usm_trainer - INFO - Input data statistics: mean=6.82e-03, std=3.64e-03, max=2.68e-02
/opt/anaconda3/lib/python3.12/site-packages/sklearn/decomposition/_nmf.py:1742: ConvergenceWarning: Maximum number of iterations 1000 reached. Increase it to improve convergence.
  warnings.warn(
2025-10-25 16:19:52,223 - nmf_localizer.core.usm_trainer - INFO - NMF completed: 1000 iterations, final loss: 0.800002
2025-10-25 16:19:52,223 - nmf_localizer.core.usm_trainer - INFO - W non-zero elements: 10325/17300 (59.7%)
2025-10-25 16:19:52,223 - nmf_localizer.core.usm_trainer - INFO - W statistics: min=0.000000, max=0.141018, mean=0.011377
2025-10-25 16:19:52,223 - nmf_localizer.core.usm_trainer - INFO - Speaker 102: W shape torch.Size([346, 50]), loss 0.800002
2025-10-25 16:19:52,223 - nmf_localizer.core.usm_trainer - INFO - Training speaker model: input shape torch.Size([346, 286])
2025-10-25 16:19:52,223 - nmf_localizer.core.usm_trainer - INFO - NMF fitting: V shape torch.Size([346, 286]), n_components 50
2025-10-25 16:19:52,223 - nmf_localizer.core.usm_trainer - INFO - Input data statistics: mean=6.82e-03, std=3.63e-03, max=2.70e-02
/opt/anaconda3/lib/python3.12/site-packages/sklearn/decomposition/_nmf.py:1742: ConvergenceWarning: Maximum number of iterations 1000 reached. Increase it to improve convergence.
  warnings.warn(
2025-10-25 16:19:55,974 - nmf_localizer.core.usm_trainer - INFO - NMF completed: 1000 iterations, final loss: 0.799683
2025-10-25 16:19:55,974 - nmf_localizer.core.usm_trainer - INFO - W non-zero elements: 10283/17300 (59.4%)
2025-10-25 16:19:55,975 - nmf_localizer.core.usm_trainer - INFO - W statistics: min=0.000000, max=0.156306, mean=0.011338
2025-10-25 16:19:55,975 - nmf_localizer.core.usm_trainer - INFO - Speaker 103: W shape torch.Size([346, 50]), loss 0.799683
2025-10-25 16:19:55,975 - nmf_localizer.core.usm_trainer - INFO - Training speaker model: input shape torch.Size([346, 286])
2025-10-25 16:19:55,975 - nmf_localizer.core.usm_trainer - INFO - NMF fitting: V shape torch.Size([346, 286]), n_components 50
2025-10-25 16:19:55,975 - nmf_localizer.core.usm_trainer - INFO - Input data statistics: mean=6.82e-03, std=3.63e-03, max=2.69e-02
/opt/anaconda3/lib/python3.12/site-packages/sklearn/decomposition/_nmf.py:1742: ConvergenceWarning: Maximum number of iterations 1000 reached. Increase it to improve convergence.
  warnings.warn(
2025-10-25 16:19:59,513 - nmf_localizer.core.usm_trainer - INFO - NMF completed: 1000 iterations, final loss: 0.799640
2025-10-25 16:19:59,513 - nmf_localizer.core.usm_trainer - INFO - W non-zero elements: 10253/17300 (59.3%)
2025-10-25 16:19:59,513 - nmf_localizer.core.usm_trainer - INFO - W statistics: min=0.000000, max=0.164197, mean=0.011406
2025-10-25 16:19:59,513 - nmf_localizer.core.usm_trainer - INFO - Speaker 104: W shape torch.Size([346, 50]), loss 0.799640
2025-10-25 16:19:59,513 - nmf_localizer.core.usm_trainer - INFO - Training speaker model: input shape torch.Size([346, 286])
2025-10-25 16:19:59,513 - nmf_localizer.core.usm_trainer - INFO - NMF fitting: V shape torch.Size([346, 286]), n_components 50
2025-10-25 16:19:59,513 - nmf_localizer.core.usm_trainer - INFO - Input data statistics: mean=6.82e-03, std=3.64e-03, max=2.68e-02
/opt/anaconda3/lib/python3.12/site-packages/sklearn/decomposition/_nmf.py:1742: ConvergenceWarning: Maximum number of iterations 1000 reached. Increase it to improve convergence.
  warnings.warn(
2025-10-25 16:20:03,277 - nmf_localizer.core.usm_trainer - INFO - NMF completed: 1000 iterations, final loss: 0.799999
2025-10-25 16:20:03,277 - nmf_localizer.core.usm_trainer - INFO - W non-zero elements: 10361/17300 (59.9%)
2025-10-25 16:20:03,277 - nmf_localizer.core.usm_trainer - INFO - W statistics: min=0.000000, max=0.144804, mean=0.011379
2025-10-25 16:20:03,277 - nmf_localizer.core.usm_trainer - INFO - Speaker 105: W shape torch.Size([346, 50]), loss 0.799999
2025-10-25 16:20:03,277 - nmf_localizer.core.usm_trainer - INFO - Training speaker model: input shape torch.Size([346, 286])
2025-10-25 16:20:03,277 - nmf_localizer.core.usm_trainer - INFO - NMF fitting: V shape torch.Size([346, 286]), n_components 50
2025-10-25 16:20:03,278 - nmf_localizer.core.usm_trainer - INFO - Input data statistics: mean=6.82e-03, std=3.63e-03, max=2.70e-02
/opt/anaconda3/lib/python3.12/site-packages/sklearn/decomposition/_nmf.py:1742: ConvergenceWarning: Maximum number of iterations 1000 reached. Increase it to improve convergence.
  warnings.warn(
2025-10-25 16:20:06,419 - nmf_localizer.core.usm_trainer - INFO - NMF completed: 1000 iterations, final loss: 0.799682
2025-10-25 16:20:06,419 - nmf_localizer.core.usm_trainer - INFO - W non-zero elements: 10305/17300 (59.6%)
2025-10-25 16:20:06,419 - nmf_localizer.core.usm_trainer - INFO - W statistics: min=0.000000, max=0.156380, mean=0.011338
2025-10-25 16:20:06,420 - nmf_localizer.core.usm_trainer - INFO - Speaker 106: W shape torch.Size([346, 50]), loss 0.799682
2025-10-25 16:20:06,420 - nmf_localizer.core.usm_trainer - INFO - Training speaker model: input shape torch.Size([346, 286])
2025-10-25 16:20:06,420 - nmf_localizer.core.usm_trainer - INFO - NMF fitting: V shape torch.Size([346, 286]), n_components 50
2025-10-25 16:20:06,420 - nmf_localizer.core.usm_trainer - INFO - Input data statistics: mean=6.82e-03, std=3.63e-03, max=2.69e-02
/opt/anaconda3/lib/python3.12/site-packages/sklearn/decomposition/_nmf.py:1742: ConvergenceWarning: Maximum number of iterations 1000 reached. Increase it to improve convergence.
  warnings.warn(
2025-10-25 16:20:10,285 - nmf_localizer.core.usm_trainer - INFO - NMF completed: 1000 iterations, final loss: 0.799820
2025-10-25 16:20:10,286 - nmf_localizer.core.usm_trainer - INFO - W non-zero elements: 10276/17300 (59.4%)
2025-10-25 16:20:10,286 - nmf_localizer.core.usm_trainer - INFO - W statistics: min=0.000000, max=0.166468, mean=0.011410
2025-10-25 16:20:10,286 - nmf_localizer.core.usm_trainer - INFO - Speaker 107: W shape torch.Size([346, 50]), loss 0.799820
2025-10-25 16:20:10,286 - nmf_localizer.core.usm_trainer - INFO - Training speaker model: input shape torch.Size([346, 286])
2025-10-25 16:20:10,286 - nmf_localizer.core.usm_trainer - INFO - NMF fitting: V shape torch.Size([346, 286]), n_components 50
2025-10-25 16:20:10,286 - nmf_localizer.core.usm_trainer - INFO - Input data statistics: mean=6.82e-03, std=3.64e-03, max=2.68e-02
/opt/anaconda3/lib/python3.12/site-packages/sklearn/decomposition/_nmf.py:1742: ConvergenceWarning: Maximum number of iterations 1000 reached. Increase it to improve convergence.
  warnings.warn(
2025-10-25 16:20:13,745 - nmf_localizer.core.usm_trainer - INFO - NMF completed: 1000 iterations, final loss: 0.800031
2025-10-25 16:20:13,745 - nmf_localizer.core.usm_trainer - INFO - W non-zero elements: 10349/17300 (59.8%)
2025-10-25 16:20:13,745 - nmf_localizer.core.usm_trainer - INFO - W statistics: min=0.000000, max=0.148299, mean=0.011383
2025-10-25 16:20:13,745 - nmf_localizer.core.usm_trainer - INFO - Speaker 108: W shape torch.Size([346, 50]), loss 0.800031
2025-10-25 16:20:13,745 - nmf_localizer.core.usm_trainer - INFO - Training speaker model: input shape torch.Size([346, 286])
2025-10-25 16:20:13,745 - nmf_localizer.core.usm_trainer - INFO - NMF fitting: V shape torch.Size([346, 286]), n_components 50
2025-10-25 16:20:13,745 - nmf_localizer.core.usm_trainer - INFO - Input data statistics: mean=6.82e-03, std=3.63e-03, max=2.70e-02
/opt/anaconda3/lib/python3.12/site-packages/sklearn/decomposition/_nmf.py:1742: ConvergenceWarning: Maximum number of iterations 1000 reached. Increase it to improve convergence.
  warnings.warn(
2025-10-25 16:20:17,480 - nmf_localizer.core.usm_trainer - INFO - NMF completed: 1000 iterations, final loss: 0.799681
2025-10-25 16:20:17,480 - nmf_localizer.core.usm_trainer - INFO - W non-zero elements: 10295/17300 (59.5%)
2025-10-25 16:20:17,480 - nmf_localizer.core.usm_trainer - INFO - W statistics: min=0.000000, max=0.156298, mean=0.011337
2025-10-25 16:20:17,480 - nmf_localizer.core.usm_trainer - INFO - Speaker 109: W shape torch.Size([346, 50]), loss 0.799681
2025-10-25 16:20:17,480 - nmf_localizer.core.usm_trainer - INFO - Training speaker model: input shape torch.Size([346, 286])
2025-10-25 16:20:17,480 - nmf_localizer.core.usm_trainer - INFO - NMF fitting: V shape torch.Size([346, 286]), n_components 50
2025-10-25 16:20:17,480 - nmf_localizer.core.usm_trainer - INFO - Input data statistics: mean=6.82e-03, std=3.63e-03, max=2.69e-02
/opt/anaconda3/lib/python3.12/site-packages/sklearn/decomposition/_nmf.py:1742: ConvergenceWarning: Maximum number of iterations 1000 reached. Increase it to improve convergence.
  warnings.warn(
2025-10-25 16:20:20,525 - nmf_localizer.core.usm_trainer - INFO - NMF completed: 1000 iterations, final loss: 0.799570
2025-10-25 16:20:20,525 - nmf_localizer.core.usm_trainer - INFO - W non-zero elements: 10399/17300 (60.1%)
2025-10-25 16:20:20,525 - nmf_localizer.core.usm_trainer - INFO - W statistics: min=0.000000, max=0.165485, mean=0.011451
2025-10-25 16:20:20,525 - nmf_localizer.core.usm_trainer - INFO - Speaker 110: W shape torch.Size([346, 50]), loss 0.799570
2025-10-25 16:20:20,527 - nmf_localizer.core.usm_trainer - INFO - USM training complete: 346 frequencies x 5550 atoms
2025-10-25 16:20:20,528 - __main__ - INFO - ================================================================================
2025-10-25 16:20:20,528 - __main__ - INFO - TRAINING COMPLETE
2025-10-25 16:20:20,528 - __main__ - INFO - ================================================================================
2025-10-25 16:20:20,528 - __main__ - INFO - Training time: 392.1s
2025-10-25 16:20:20,528 - __main__ - INFO - W shape: torch.Size([346, 5550])
2025-10-25 16:20:20,533 - __main__ - INFO - W statistics: min=0.000000, max=0.171811, mean=0.011372
2025-10-25 16:20:20,533 - __main__ - INFO - Saving USM to: /Users/sbplab/LDV-data-processed/usm_original_ldv.pth
2025-10-25 16:20:20,550 - __main__ - INFO - ✓ USM saved successfully (7512.0 KB)
2025-10-25 16:20:20,551 - __main__ - INFO - 
================================================================================
2025-10-25 16:20:20,551 - __main__ - INFO - SUCCESS
2025-10-25 16:20:20,552 - __main__ - INFO - ================================================================================
2025-10-25 16:20:20,552 - __main__ - INFO - USM dictionary: torch.Size([346, 5550])
2025-10-25 16:20:20,552 - __main__ - INFO - Output file: /Users/sbplab/LDV-data-processed/usm_original_ldv.pth
2025-10-25 16:20:20,552 - __main__ - INFO - Training time: 392.1s
2025-10-25 16:20:20,552 - __main__ - INFO - Files processed: 111
