2025-10-25 16:25:41,724 - __main__ - INFO - ================================================================================
2025-10-25 16:25:41,724 - __main__ - INFO - USM TRAINING
2025-10-25 16:25:41,724 - __main__ - INFO - ================================================================================
2025-10-25 16:25:41,724 - __main__ - INFO - Data root: /Users/sbplab/LDV-data-processed/white_noise_box_data_no_edge_sync_vad_normalized
2025-10-25 16:25:41,724 - __main__ - INFO - Output path: /Users/sbplab/LDV-data-processed/usm_box_ldv.pth
2025-10-25 16:25:41,724 - __main__ - INFO - Device: cpu
2025-10-25 16:25:41,724 - __main__ - INFO - Beta divergence: 0.0
2025-10-25 16:25:41,724 - __main__ - INFO - Max iterations: 200
2025-10-25 16:25:41,724 - __main__ - INFO - Atoms per speaker: 50
2025-10-25 16:25:41,724 - __main__ - INFO - Frequency range: 300.0-3000.0 Hz
2025-10-25 16:25:41,724 - __main__ - INFO - Loading training data from: /Users/sbplab/LDV-data-processed/white_noise_box_data_no_edge_sync_vad_normalized
2025-10-25 16:25:41,725 - __main__ - INFO - Found 37 angle directories
2025-10-25 16:25:42,187 - __main__ - INFO - Loaded 111 spectrograms from 37 angles
2025-10-25 16:25:42,187 - __main__ - INFO - Spectrogram shape example: torch.Size([346, 286])
2025-10-25 16:25:42,187 - __main__ - INFO - Data loading complete in 0.5s
2025-10-25 16:25:42,187 - __main__ - INFO - Moving 111 spectrograms to cpu...
2025-10-25 16:25:42,187 - __main__ - INFO - Starting USM training...
2025-10-25 16:25:42,187 - nmf_localizer.core.usm_trainer - INFO - Training USM with 111 speakers...
2025-10-25 16:25:42,187 - nmf_localizer.core.usm_trainer - INFO - Frequency dimension: 346
2025-10-25 16:25:42,187 - nmf_localizer.core.usm_trainer - INFO - Atoms per speaker: 50
2025-10-25 16:25:42,187 - nmf_localizer.core.usm_trainer - INFO - Training speaker model: input shape torch.Size([346, 286])
2025-10-25 16:25:42,187 - nmf_localizer.core.usm_trainer - INFO - NMF fitting: V shape torch.Size([346, 286]), n_components 50
2025-10-25 16:25:42,188 - nmf_localizer.core.usm_trainer - INFO - Input data statistics: mean=8.29e-04, std=1.10e-03, max=1.64e-02
2025-10-25 16:25:42,407 - numexpr.utils - INFO - Note: NumExpr detected 24 cores but "NUMEXPR_MAX_THREADS" not set, so enforcing safe limit of 8.
2025-10-25 16:25:42,407 - numexpr.utils - INFO - NumExpr defaulting to 8 threads.
/opt/anaconda3/lib/python3.12/site-packages/sklearn/decomposition/_nmf.py:1742: ConvergenceWarning: Maximum number of iterations 1000 reached. Increase it to improve convergence.
  warnings.warn(
2025-10-25 16:25:46,542 - nmf_localizer.core.usm_trainer - INFO - NMF completed: 1000 iterations, final loss: 0.080693
2025-10-25 16:25:46,542 - nmf_localizer.core.usm_trainer - INFO - W non-zero elements: 7869/17300 (45.5%)
2025-10-25 16:25:46,542 - nmf_localizer.core.usm_trainer - INFO - W statistics: min=0.000000, max=0.548377, mean=0.003166
2025-10-25 16:25:46,542 - nmf_localizer.core.usm_trainer - INFO - Speaker 0: W shape torch.Size([346, 50]), loss 0.080693
2025-10-25 16:25:46,542 - nmf_localizer.core.usm_trainer - INFO - Training speaker model: input shape torch.Size([346, 286])
2025-10-25 16:25:46,542 - nmf_localizer.core.usm_trainer - INFO - NMF fitting: V shape torch.Size([346, 286]), n_components 50
2025-10-25 16:25:46,542 - nmf_localizer.core.usm_trainer - INFO - Input data statistics: mean=8.23e-04, std=1.09e-03, max=1.52e-02
/opt/anaconda3/lib/python3.12/site-packages/sklearn/decomposition/_nmf.py:1742: ConvergenceWarning: Maximum number of iterations 1000 reached. Increase it to improve convergence.
  warnings.warn(
2025-10-25 16:25:49,507 - nmf_localizer.core.usm_trainer - INFO - NMF completed: 1000 iterations, final loss: 0.080079
2025-10-25 16:25:49,507 - nmf_localizer.core.usm_trainer - INFO - W non-zero elements: 7790/17300 (45.0%)
2025-10-25 16:25:49,508 - nmf_localizer.core.usm_trainer - INFO - W statistics: min=0.000000, max=0.512048, mean=0.002960
2025-10-25 16:25:49,508 - nmf_localizer.core.usm_trainer - INFO - Speaker 1: W shape torch.Size([346, 50]), loss 0.080079
2025-10-25 16:25:49,508 - nmf_localizer.core.usm_trainer - INFO - Training speaker model: input shape torch.Size([346, 286])
2025-10-25 16:25:49,508 - nmf_localizer.core.usm_trainer - INFO - NMF fitting: V shape torch.Size([346, 286]), n_components 50
2025-10-25 16:25:49,508 - nmf_localizer.core.usm_trainer - INFO - Input data statistics: mean=8.19e-04, std=1.08e-03, max=1.49e-02
/opt/anaconda3/lib/python3.12/site-packages/sklearn/decomposition/_nmf.py:1742: ConvergenceWarning: Maximum number of iterations 1000 reached. Increase it to improve convergence.
  warnings.warn(
2025-10-25 16:25:53,156 - nmf_localizer.core.usm_trainer - INFO - NMF completed: 1000 iterations, final loss: 0.079595
2025-10-25 16:25:53,156 - nmf_localizer.core.usm_trainer - INFO - W non-zero elements: 7720/17300 (44.6%)
2025-10-25 16:25:53,156 - nmf_localizer.core.usm_trainer - INFO - W statistics: min=0.000000, max=0.642717, mean=0.003004
2025-10-25 16:25:53,156 - nmf_localizer.core.usm_trainer - INFO - Speaker 2: W shape torch.Size([346, 50]), loss 0.079595
2025-10-25 16:25:53,156 - nmf_localizer.core.usm_trainer - INFO - Training speaker model: input shape torch.Size([346, 286])
2025-10-25 16:25:53,156 - nmf_localizer.core.usm_trainer - INFO - NMF fitting: V shape torch.Size([346, 286]), n_components 50
2025-10-25 16:25:53,156 - nmf_localizer.core.usm_trainer - INFO - Input data statistics: mean=7.01e-04, std=1.06e-03, max=1.44e-02
/opt/anaconda3/lib/python3.12/site-packages/sklearn/decomposition/_nmf.py:1742: ConvergenceWarning: Maximum number of iterations 1000 reached. Increase it to improve convergence.
  warnings.warn(
2025-10-25 16:25:56,317 - nmf_localizer.core.usm_trainer - INFO - NMF completed: 1000 iterations, final loss: 0.064410
2025-10-25 16:25:56,317 - nmf_localizer.core.usm_trainer - INFO - W non-zero elements: 7428/17300 (42.9%)
2025-10-25 16:25:56,317 - nmf_localizer.core.usm_trainer - INFO - W statistics: min=0.000000, max=0.565683, mean=0.002907
2025-10-25 16:25:56,317 - nmf_localizer.core.usm_trainer - INFO - Speaker 3: W shape torch.Size([346, 50]), loss 0.064410
2025-10-25 16:25:56,317 - nmf_localizer.core.usm_trainer - INFO - Training speaker model: input shape torch.Size([346, 286])
2025-10-25 16:25:56,317 - nmf_localizer.core.usm_trainer - INFO - NMF fitting: V shape torch.Size([346, 286]), n_components 50
2025-10-25 16:25:56,317 - nmf_localizer.core.usm_trainer - INFO - Input data statistics: mean=6.29e-04, std=9.53e-04, max=1.20e-02
/opt/anaconda3/lib/python3.12/site-packages/sklearn/decomposition/_nmf.py:1742: ConvergenceWarning: Maximum number of iterations 1000 reached. Increase it to improve convergence.
  warnings.warn(
2025-10-25 16:25:59,568 - nmf_localizer.core.usm_trainer - INFO - NMF completed: 1000 iterations, final loss: 0.057489
2025-10-25 16:25:59,568 - nmf_localizer.core.usm_trainer - INFO - W non-zero elements: 7592/17300 (43.9%)
2025-10-25 16:25:59,568 - nmf_localizer.core.usm_trainer - INFO - W statistics: min=0.000000, max=0.509149, mean=0.002620
2025-10-25 16:25:59,568 - nmf_localizer.core.usm_trainer - INFO - Speaker 4: W shape torch.Size([346, 50]), loss 0.057489
2025-10-25 16:25:59,568 - nmf_localizer.core.usm_trainer - INFO - Training speaker model: input shape torch.Size([346, 286])
2025-10-25 16:25:59,568 - nmf_localizer.core.usm_trainer - INFO - NMF fitting: V shape torch.Size([346, 286]), n_components 50
2025-10-25 16:25:59,568 - nmf_localizer.core.usm_trainer - INFO - Input data statistics: mean=7.91e-04, std=1.20e-03, max=1.58e-02
/opt/anaconda3/lib/python3.12/site-packages/sklearn/decomposition/_nmf.py:1742: ConvergenceWarning: Maximum number of iterations 1000 reached. Increase it to improve convergence.
  warnings.warn(
2025-10-25 16:26:02,989 - nmf_localizer.core.usm_trainer - INFO - NMF completed: 1000 iterations, final loss: 0.072661
2025-10-25 16:26:02,989 - nmf_localizer.core.usm_trainer - INFO - W non-zero elements: 7633/17300 (44.1%)
2025-10-25 16:26:02,990 - nmf_localizer.core.usm_trainer - INFO - W statistics: min=0.000000, max=0.739356, mean=0.003184
2025-10-25 16:26:02,990 - nmf_localizer.core.usm_trainer - INFO - Speaker 5: W shape torch.Size([346, 50]), loss 0.072661
2025-10-25 16:26:02,990 - nmf_localizer.core.usm_trainer - INFO - Training speaker model: input shape torch.Size([346, 286])
2025-10-25 16:26:02,990 - nmf_localizer.core.usm_trainer - INFO - NMF fitting: V shape torch.Size([346, 286]), n_components 50
2025-10-25 16:26:02,990 - nmf_localizer.core.usm_trainer - INFO - Input data statistics: mean=8.18e-04, std=1.43e-03, max=1.72e-02
/opt/anaconda3/lib/python3.12/site-packages/sklearn/decomposition/_nmf.py:1742: ConvergenceWarning: Maximum number of iterations 1000 reached. Increase it to improve convergence.
  warnings.warn(
2025-10-25 16:26:06,665 - nmf_localizer.core.usm_trainer - INFO - NMF completed: 1000 iterations, final loss: 0.062635
2025-10-25 16:26:06,665 - nmf_localizer.core.usm_trainer - INFO - W non-zero elements: 7147/17300 (41.3%)
2025-10-25 16:26:06,665 - nmf_localizer.core.usm_trainer - INFO - W statistics: min=0.000000, max=1.023155, mean=0.002885
2025-10-25 16:26:06,665 - nmf_localizer.core.usm_trainer - INFO - Speaker 6: W shape torch.Size([346, 50]), loss 0.062635
2025-10-25 16:26:06,665 - nmf_localizer.core.usm_trainer - INFO - Training speaker model: input shape torch.Size([346, 286])
2025-10-25 16:26:06,665 - nmf_localizer.core.usm_trainer - INFO - NMF fitting: V shape torch.Size([346, 286]), n_components 50
2025-10-25 16:26:06,665 - nmf_localizer.core.usm_trainer - INFO - Input data statistics: mean=8.48e-04, std=1.48e-03, max=1.75e-02
/opt/anaconda3/lib/python3.12/site-packages/sklearn/decomposition/_nmf.py:1742: ConvergenceWarning: Maximum number of iterations 1000 reached. Increase it to improve convergence.
  warnings.warn(
2025-10-25 16:26:10,134 - nmf_localizer.core.usm_trainer - INFO - NMF completed: 1000 iterations, final loss: 0.064860
2025-10-25 16:26:10,134 - nmf_localizer.core.usm_trainer - INFO - W non-zero elements: 7224/17300 (41.8%)
2025-10-25 16:26:10,134 - nmf_localizer.core.usm_trainer - INFO - W statistics: min=0.000000, max=0.989869, mean=0.002959
2025-10-25 16:26:10,134 - nmf_localizer.core.usm_trainer - INFO - Speaker 7: W shape torch.Size([346, 50]), loss 0.064860
2025-10-25 16:26:10,134 - nmf_localizer.core.usm_trainer - INFO - Training speaker model: input shape torch.Size([346, 286])
2025-10-25 16:26:10,134 - nmf_localizer.core.usm_trainer - INFO - NMF fitting: V shape torch.Size([346, 286]), n_components 50
2025-10-25 16:26:10,134 - nmf_localizer.core.usm_trainer - INFO - Input data statistics: mean=9.12e-04, std=1.59e-03, max=1.80e-02
/opt/anaconda3/lib/python3.12/site-packages/sklearn/decomposition/_nmf.py:1742: ConvergenceWarning: Maximum number of iterations 1000 reached. Increase it to improve convergence.
  warnings.warn(
2025-10-25 16:26:13,451 - nmf_localizer.core.usm_trainer - INFO - NMF completed: 1000 iterations, final loss: 0.069829
2025-10-25 16:26:13,451 - nmf_localizer.core.usm_trainer - INFO - W non-zero elements: 7248/17300 (41.9%)
2025-10-25 16:26:13,451 - nmf_localizer.core.usm_trainer - INFO - W statistics: min=0.000000, max=0.911759, mean=0.003082
2025-10-25 16:26:13,451 - nmf_localizer.core.usm_trainer - INFO - Speaker 8: W shape torch.Size([346, 50]), loss 0.069829
2025-10-25 16:26:13,451 - nmf_localizer.core.usm_trainer - INFO - Training speaker model: input shape torch.Size([346, 286])
2025-10-25 16:26:13,451 - nmf_localizer.core.usm_trainer - INFO - NMF fitting: V shape torch.Size([346, 286]), n_components 50
2025-10-25 16:26:13,451 - nmf_localizer.core.usm_trainer - INFO - Input data statistics: mean=6.52e-04, std=1.01e-03, max=1.59e-02
/opt/anaconda3/lib/python3.12/site-packages/sklearn/decomposition/_nmf.py:1742: ConvergenceWarning: Maximum number of iterations 1000 reached. Increase it to improve convergence.
  warnings.warn(
2025-10-25 16:26:17,037 - nmf_localizer.core.usm_trainer - INFO - NMF completed: 1000 iterations, final loss: 0.057719
2025-10-25 16:26:17,037 - nmf_localizer.core.usm_trainer - INFO - W non-zero elements: 7751/17300 (44.8%)
2025-10-25 16:26:17,037 - nmf_localizer.core.usm_trainer - INFO - W statistics: min=0.000000, max=0.473901, mean=0.002393
2025-10-25 16:26:17,037 - nmf_localizer.core.usm_trainer - INFO - Speaker 9: W shape torch.Size([346, 50]), loss 0.057719
2025-10-25 16:26:17,037 - nmf_localizer.core.usm_trainer - INFO - Training speaker model: input shape torch.Size([346, 286])
2025-10-25 16:26:17,037 - nmf_localizer.core.usm_trainer - INFO - NMF fitting: V shape torch.Size([346, 286]), n_components 50
2025-10-25 16:26:17,037 - nmf_localizer.core.usm_trainer - INFO - Input data statistics: mean=7.14e-04, std=1.11e-03, max=1.75e-02
/opt/anaconda3/lib/python3.12/site-packages/sklearn/decomposition/_nmf.py:1742: ConvergenceWarning: Maximum number of iterations 1000 reached. Increase it to improve convergence.
  warnings.warn(
2025-10-25 16:26:20,935 - nmf_localizer.core.usm_trainer - INFO - NMF completed: 1000 iterations, final loss: 0.063272
2025-10-25 16:26:20,935 - nmf_localizer.core.usm_trainer - INFO - W non-zero elements: 7626/17300 (44.1%)
2025-10-25 16:26:20,935 - nmf_localizer.core.usm_trainer - INFO - W statistics: min=0.000000, max=0.555153, mean=0.002675
2025-10-25 16:26:20,936 - nmf_localizer.core.usm_trainer - INFO - Speaker 10: W shape torch.Size([346, 50]), loss 0.063272
2025-10-25 16:26:20,936 - nmf_localizer.core.usm_trainer - INFO - Training speaker model: input shape torch.Size([346, 286])
2025-10-25 16:26:20,936 - nmf_localizer.core.usm_trainer - INFO - NMF fitting: V shape torch.Size([346, 286]), n_components 50
2025-10-25 16:26:20,936 - nmf_localizer.core.usm_trainer - INFO - Input data statistics: mean=7.48e-04, std=1.17e-03, max=1.80e-02
/opt/anaconda3/lib/python3.12/site-packages/sklearn/decomposition/_nmf.py:1742: ConvergenceWarning: Maximum number of iterations 1000 reached. Increase it to improve convergence.
  warnings.warn(
2025-10-25 16:26:24,486 - nmf_localizer.core.usm_trainer - INFO - NMF completed: 1000 iterations, final loss: 0.066477
2025-10-25 16:26:24,486 - nmf_localizer.core.usm_trainer - INFO - W non-zero elements: 7521/17300 (43.5%)
2025-10-25 16:26:24,486 - nmf_localizer.core.usm_trainer - INFO - W statistics: min=0.000000, max=0.580631, mean=0.002802
2025-10-25 16:26:24,486 - nmf_localizer.core.usm_trainer - INFO - Speaker 11: W shape torch.Size([346, 50]), loss 0.066477
2025-10-25 16:26:24,486 - nmf_localizer.core.usm_trainer - INFO - Training speaker model: input shape torch.Size([346, 286])
2025-10-25 16:26:24,486 - nmf_localizer.core.usm_trainer - INFO - NMF fitting: V shape torch.Size([346, 286]), n_components 50
2025-10-25 16:26:24,486 - nmf_localizer.core.usm_trainer - INFO - Input data statistics: mean=7.42e-04, std=1.15e-03, max=1.56e-02
/opt/anaconda3/lib/python3.12/site-packages/sklearn/decomposition/_nmf.py:1742: ConvergenceWarning: Maximum number of iterations 1000 reached. Increase it to improve convergence.
  warnings.warn(
2025-10-25 16:26:28,312 - nmf_localizer.core.usm_trainer - INFO - NMF completed: 1000 iterations, final loss: 0.064838
2025-10-25 16:26:28,312 - nmf_localizer.core.usm_trainer - INFO - W non-zero elements: 7586/17300 (43.8%)
2025-10-25 16:26:28,312 - nmf_localizer.core.usm_trainer - INFO - W statistics: min=0.000000, max=0.561774, mean=0.002691
2025-10-25 16:26:28,312 - nmf_localizer.core.usm_trainer - INFO - Speaker 12: W shape torch.Size([346, 50]), loss 0.064838
2025-10-25 16:26:28,312 - nmf_localizer.core.usm_trainer - INFO - Training speaker model: input shape torch.Size([346, 286])
2025-10-25 16:26:28,312 - nmf_localizer.core.usm_trainer - INFO - NMF fitting: V shape torch.Size([346, 286]), n_components 50
2025-10-25 16:26:28,313 - nmf_localizer.core.usm_trainer - INFO - Input data statistics: mean=7.22e-04, std=1.12e-03, max=1.52e-02
/opt/anaconda3/lib/python3.12/site-packages/sklearn/decomposition/_nmf.py:1742: ConvergenceWarning: Maximum number of iterations 1000 reached. Increase it to improve convergence.
  warnings.warn(
2025-10-25 16:26:31,270 - nmf_localizer.core.usm_trainer - INFO - NMF completed: 1000 iterations, final loss: 0.063281
2025-10-25 16:26:31,270 - nmf_localizer.core.usm_trainer - INFO - W non-zero elements: 7469/17300 (43.2%)
2025-10-25 16:26:31,270 - nmf_localizer.core.usm_trainer - INFO - W statistics: min=0.000000, max=0.686776, mean=0.002548
2025-10-25 16:26:31,270 - nmf_localizer.core.usm_trainer - INFO - Speaker 13: W shape torch.Size([346, 50]), loss 0.063281
2025-10-25 16:26:31,270 - nmf_localizer.core.usm_trainer - INFO - Training speaker model: input shape torch.Size([346, 286])
2025-10-25 16:26:31,270 - nmf_localizer.core.usm_trainer - INFO - NMF fitting: V shape torch.Size([346, 286]), n_components 50
2025-10-25 16:26:31,270 - nmf_localizer.core.usm_trainer - INFO - Input data statistics: mean=8.12e-04, std=1.26e-03, max=1.69e-02
/opt/anaconda3/lib/python3.12/site-packages/sklearn/decomposition/_nmf.py:1742: ConvergenceWarning: Maximum number of iterations 1000 reached. Increase it to improve convergence.
  warnings.warn(
2025-10-25 16:26:34,992 - nmf_localizer.core.usm_trainer - INFO - NMF completed: 1000 iterations, final loss: 0.071004
2025-10-25 16:26:34,992 - nmf_localizer.core.usm_trainer - INFO - W non-zero elements: 7484/17300 (43.3%)
2025-10-25 16:26:34,992 - nmf_localizer.core.usm_trainer - INFO - W statistics: min=0.000000, max=0.683201, mean=0.002861
2025-10-25 16:26:34,992 - nmf_localizer.core.usm_trainer - INFO - Speaker 14: W shape torch.Size([346, 50]), loss 0.071004
2025-10-25 16:26:34,992 - nmf_localizer.core.usm_trainer - INFO - Training speaker model: input shape torch.Size([346, 286])
2025-10-25 16:26:34,992 - nmf_localizer.core.usm_trainer - INFO - NMF fitting: V shape torch.Size([346, 286]), n_components 50
2025-10-25 16:26:34,992 - nmf_localizer.core.usm_trainer - INFO - Input data statistics: mean=6.93e-04, std=9.74e-04, max=1.16e-02
/opt/anaconda3/lib/python3.12/site-packages/sklearn/decomposition/_nmf.py:1742: ConvergenceWarning: Maximum number of iterations 1000 reached. Increase it to improve convergence.
  warnings.warn(
2025-10-25 16:26:38,498 - nmf_localizer.core.usm_trainer - INFO - NMF completed: 1000 iterations, final loss: 0.068172
2025-10-25 16:26:38,498 - nmf_localizer.core.usm_trainer - INFO - W non-zero elements: 7454/17300 (43.1%)
2025-10-25 16:26:38,498 - nmf_localizer.core.usm_trainer - INFO - W statistics: min=0.000000, max=0.552817, mean=0.002835
2025-10-25 16:26:38,499 - nmf_localizer.core.usm_trainer - INFO - Speaker 15: W shape torch.Size([346, 50]), loss 0.068172
2025-10-25 16:26:38,499 - nmf_localizer.core.usm_trainer - INFO - Training speaker model: input shape torch.Size([346, 286])
2025-10-25 16:26:38,499 - nmf_localizer.core.usm_trainer - INFO - NMF fitting: V shape torch.Size([346, 286]), n_components 50
2025-10-25 16:26:38,499 - nmf_localizer.core.usm_trainer - INFO - Input data statistics: mean=6.97e-04, std=9.79e-04, max=1.15e-02
/opt/anaconda3/lib/python3.12/site-packages/sklearn/decomposition/_nmf.py:1742: ConvergenceWarning: Maximum number of iterations 1000 reached. Increase it to improve convergence.
  warnings.warn(
2025-10-25 16:26:42,172 - nmf_localizer.core.usm_trainer - INFO - NMF completed: 1000 iterations, final loss: 0.068521
2025-10-25 16:26:42,172 - nmf_localizer.core.usm_trainer - INFO - W non-zero elements: 7740/17300 (44.7%)
2025-10-25 16:26:42,173 - nmf_localizer.core.usm_trainer - INFO - W statistics: min=0.000000, max=0.491108, mean=0.002833
2025-10-25 16:26:42,173 - nmf_localizer.core.usm_trainer - INFO - Speaker 16: W shape torch.Size([346, 50]), loss 0.068521
2025-10-25 16:26:42,173 - nmf_localizer.core.usm_trainer - INFO - Training speaker model: input shape torch.Size([346, 286])
2025-10-25 16:26:42,173 - nmf_localizer.core.usm_trainer - INFO - NMF fitting: V shape torch.Size([346, 286]), n_components 50
2025-10-25 16:26:42,173 - nmf_localizer.core.usm_trainer - INFO - Input data statistics: mean=7.67e-04, std=1.08e-03, max=1.27e-02
/opt/anaconda3/lib/python3.12/site-packages/sklearn/decomposition/_nmf.py:1742: ConvergenceWarning: Maximum number of iterations 1000 reached. Increase it to improve convergence.
  warnings.warn(
2025-10-25 16:26:45,195 - nmf_localizer.core.usm_trainer - INFO - NMF completed: 1000 iterations, final loss: 0.075362
2025-10-25 16:26:45,195 - nmf_localizer.core.usm_trainer - INFO - W non-zero elements: 7650/17300 (44.2%)
2025-10-25 16:26:45,195 - nmf_localizer.core.usm_trainer - INFO - W statistics: min=0.000000, max=0.461531, mean=0.002955
2025-10-25 16:26:45,195 - nmf_localizer.core.usm_trainer - INFO - Speaker 17: W shape torch.Size([346, 50]), loss 0.075362
2025-10-25 16:26:45,195 - nmf_localizer.core.usm_trainer - INFO - Training speaker model: input shape torch.Size([346, 286])
2025-10-25 16:26:45,195 - nmf_localizer.core.usm_trainer - INFO - NMF fitting: V shape torch.Size([346, 286]), n_components 50
2025-10-25 16:26:45,196 - nmf_localizer.core.usm_trainer - INFO - Input data statistics: mean=9.10e-04, std=1.16e-03, max=1.70e-02
/opt/anaconda3/lib/python3.12/site-packages/sklearn/decomposition/_nmf.py:1742: ConvergenceWarning: Maximum number of iterations 1000 reached. Increase it to improve convergence.
  warnings.warn(
2025-10-25 16:26:48,898 - nmf_localizer.core.usm_trainer - INFO - NMF completed: 1000 iterations, final loss: 0.094937
2025-10-25 16:26:48,898 - nmf_localizer.core.usm_trainer - INFO - W non-zero elements: 7855/17300 (45.4%)
2025-10-25 16:26:48,898 - nmf_localizer.core.usm_trainer - INFO - W statistics: min=0.000000, max=0.749295, mean=0.003323
2025-10-25 16:26:48,898 - nmf_localizer.core.usm_trainer - INFO - Speaker 18: W shape torch.Size([346, 50]), loss 0.094937
2025-10-25 16:26:48,899 - nmf_localizer.core.usm_trainer - INFO - Training speaker model: input shape torch.Size([346, 286])
2025-10-25 16:26:48,899 - nmf_localizer.core.usm_trainer - INFO - NMF fitting: V shape torch.Size([346, 286]), n_components 50
2025-10-25 16:26:48,899 - nmf_localizer.core.usm_trainer - INFO - Input data statistics: mean=8.95e-04, std=1.14e-03, max=1.65e-02
/opt/anaconda3/lib/python3.12/site-packages/sklearn/decomposition/_nmf.py:1742: ConvergenceWarning: Maximum number of iterations 1000 reached. Increase it to improve convergence.
  warnings.warn(
2025-10-25 16:26:52,550 - nmf_localizer.core.usm_trainer - INFO - NMF completed: 1000 iterations, final loss: 0.093217
2025-10-25 16:26:52,550 - nmf_localizer.core.usm_trainer - INFO - W non-zero elements: 7849/17300 (45.4%)
2025-10-25 16:26:52,550 - nmf_localizer.core.usm_trainer - INFO - W statistics: min=0.000000, max=0.553552, mean=0.003448
2025-10-25 16:26:52,550 - nmf_localizer.core.usm_trainer - INFO - Speaker 19: W shape torch.Size([346, 50]), loss 0.093217
2025-10-25 16:26:52,550 - nmf_localizer.core.usm_trainer - INFO - Training speaker model: input shape torch.Size([346, 286])
2025-10-25 16:26:52,550 - nmf_localizer.core.usm_trainer - INFO - NMF fitting: V shape torch.Size([346, 286]), n_components 50
2025-10-25 16:26:52,550 - nmf_localizer.core.usm_trainer - INFO - Input data statistics: mean=8.18e-04, std=1.04e-03, max=1.48e-02
/opt/anaconda3/lib/python3.12/site-packages/sklearn/decomposition/_nmf.py:1742: ConvergenceWarning: Maximum number of iterations 1000 reached. Increase it to improve convergence.
  warnings.warn(
2025-10-25 16:26:56,115 - nmf_localizer.core.usm_trainer - INFO - NMF completed: 1000 iterations, final loss: 0.085030
2025-10-25 16:26:56,115 - nmf_localizer.core.usm_trainer - INFO - W non-zero elements: 7765/17300 (44.9%)
2025-10-25 16:26:56,115 - nmf_localizer.core.usm_trainer - INFO - W statistics: min=0.000000, max=0.626143, mean=0.003141
2025-10-25 16:26:56,115 - nmf_localizer.core.usm_trainer - INFO - Speaker 20: W shape torch.Size([346, 50]), loss 0.085030
2025-10-25 16:26:56,115 - nmf_localizer.core.usm_trainer - INFO - Training speaker model: input shape torch.Size([346, 286])
2025-10-25 16:26:56,115 - nmf_localizer.core.usm_trainer - INFO - NMF fitting: V shape torch.Size([346, 286]), n_components 50
2025-10-25 16:26:56,115 - nmf_localizer.core.usm_trainer - INFO - Input data statistics: mean=7.90e-04, std=1.08e-03, max=1.76e-02
/opt/anaconda3/lib/python3.12/site-packages/sklearn/decomposition/_nmf.py:1742: ConvergenceWarning: Maximum number of iterations 1000 reached. Increase it to improve convergence.
  warnings.warn(
2025-10-25 16:26:59,228 - nmf_localizer.core.usm_trainer - INFO - NMF completed: 1000 iterations, final loss: 0.075743
2025-10-25 16:26:59,228 - nmf_localizer.core.usm_trainer - INFO - W non-zero elements: 7881/17300 (45.6%)
2025-10-25 16:26:59,228 - nmf_localizer.core.usm_trainer - INFO - W statistics: min=0.000000, max=0.564606, mean=0.003123
2025-10-25 16:26:59,228 - nmf_localizer.core.usm_trainer - INFO - Speaker 21: W shape torch.Size([346, 50]), loss 0.075743
2025-10-25 16:26:59,228 - nmf_localizer.core.usm_trainer - INFO - Training speaker model: input shape torch.Size([346, 286])
2025-10-25 16:26:59,228 - nmf_localizer.core.usm_trainer - INFO - NMF fitting: V shape torch.Size([346, 286]), n_components 50
2025-10-25 16:26:59,228 - nmf_localizer.core.usm_trainer - INFO - Input data statistics: mean=7.60e-04, std=1.04e-03, max=1.66e-02
2025-10-25 16:27:02,342 - nmf_localizer.core.usm_trainer - INFO - NMF completed: 845 iterations, final loss: 0.072678
2025-10-25 16:27:02,342 - nmf_localizer.core.usm_trainer - INFO - W non-zero elements: 7883/17300 (45.6%)
2025-10-25 16:27:02,343 - nmf_localizer.core.usm_trainer - INFO - W statistics: min=0.000000, max=0.649745, mean=0.003008
2025-10-25 16:27:02,343 - nmf_localizer.core.usm_trainer - INFO - Speaker 22: W shape torch.Size([346, 50]), loss 0.072678
2025-10-25 16:27:02,343 - nmf_localizer.core.usm_trainer - INFO - Training speaker model: input shape torch.Size([346, 286])
2025-10-25 16:27:02,343 - nmf_localizer.core.usm_trainer - INFO - NMF fitting: V shape torch.Size([346, 286]), n_components 50
2025-10-25 16:27:02,343 - nmf_localizer.core.usm_trainer - INFO - Input data statistics: mean=8.30e-04, std=1.14e-03, max=1.78e-02
/opt/anaconda3/lib/python3.12/site-packages/sklearn/decomposition/_nmf.py:1742: ConvergenceWarning: Maximum number of iterations 1000 reached. Increase it to improve convergence.
  warnings.warn(
2025-10-25 16:27:05,981 - nmf_localizer.core.usm_trainer - INFO - NMF completed: 1000 iterations, final loss: 0.079407
2025-10-25 16:27:05,981 - nmf_localizer.core.usm_trainer - INFO - W non-zero elements: 8013/17300 (46.3%)
2025-10-25 16:27:05,982 - nmf_localizer.core.usm_trainer - INFO - W statistics: min=0.000000, max=0.652823, mean=0.002982
2025-10-25 16:27:05,982 - nmf_localizer.core.usm_trainer - INFO - Speaker 23: W shape torch.Size([346, 50]), loss 0.079407
2025-10-25 16:27:05,982 - nmf_localizer.core.usm_trainer - INFO - Training speaker model: input shape torch.Size([346, 286])
2025-10-25 16:27:05,982 - nmf_localizer.core.usm_trainer - INFO - NMF fitting: V shape torch.Size([346, 286]), n_components 50
2025-10-25 16:27:05,982 - nmf_localizer.core.usm_trainer - INFO - Input data statistics: mean=7.94e-04, std=1.17e-03, max=1.66e-02
/opt/anaconda3/lib/python3.12/site-packages/sklearn/decomposition/_nmf.py:1742: ConvergenceWarning: Maximum number of iterations 1000 reached. Increase it to improve convergence.
  warnings.warn(
2025-10-25 16:27:09,512 - nmf_localizer.core.usm_trainer - INFO - NMF completed: 1000 iterations, final loss: 0.073359
2025-10-25 16:27:09,512 - nmf_localizer.core.usm_trainer - INFO - W non-zero elements: 7662/17300 (44.3%)
2025-10-25 16:27:09,512 - nmf_localizer.core.usm_trainer - INFO - W statistics: min=0.000000, max=0.738463, mean=0.003048
2025-10-25 16:27:09,512 - nmf_localizer.core.usm_trainer - INFO - Speaker 24: W shape torch.Size([346, 50]), loss 0.073359
2025-10-25 16:27:09,512 - nmf_localizer.core.usm_trainer - INFO - Training speaker model: input shape torch.Size([346, 286])
2025-10-25 16:27:09,512 - nmf_localizer.core.usm_trainer - INFO - NMF fitting: V shape torch.Size([346, 286]), n_components 50
2025-10-25 16:27:09,512 - nmf_localizer.core.usm_trainer - INFO - Input data statistics: mean=8.51e-04, std=1.26e-03, max=1.79e-02
/opt/anaconda3/lib/python3.12/site-packages/sklearn/decomposition/_nmf.py:1742: ConvergenceWarning: Maximum number of iterations 1000 reached. Increase it to improve convergence.
  warnings.warn(
2025-10-25 16:27:12,572 - nmf_localizer.core.usm_trainer - INFO - NMF completed: 1000 iterations, final loss: 0.078455
2025-10-25 16:27:12,572 - nmf_localizer.core.usm_trainer - INFO - W non-zero elements: 7487/17300 (43.3%)
2025-10-25 16:27:12,572 - nmf_localizer.core.usm_trainer - INFO - W statistics: min=0.000000, max=0.738517, mean=0.002952
2025-10-25 16:27:12,572 - nmf_localizer.core.usm_trainer - INFO - Speaker 25: W shape torch.Size([346, 50]), loss 0.078455
2025-10-25 16:27:12,572 - nmf_localizer.core.usm_trainer - INFO - Training speaker model: input shape torch.Size([346, 286])
2025-10-25 16:27:12,572 - nmf_localizer.core.usm_trainer - INFO - NMF fitting: V shape torch.Size([346, 286]), n_components 50
2025-10-25 16:27:12,572 - nmf_localizer.core.usm_trainer - INFO - Input data statistics: mean=7.16e-04, std=1.06e-03, max=1.56e-02
/opt/anaconda3/lib/python3.12/site-packages/sklearn/decomposition/_nmf.py:1742: ConvergenceWarning: Maximum number of iterations 1000 reached. Increase it to improve convergence.
  warnings.warn(
2025-10-25 16:27:16,399 - nmf_localizer.core.usm_trainer - INFO - NMF completed: 1000 iterations, final loss: 0.065754
2025-10-25 16:27:16,399 - nmf_localizer.core.usm_trainer - INFO - W non-zero elements: 7750/17300 (44.8%)
2025-10-25 16:27:16,399 - nmf_localizer.core.usm_trainer - INFO - W statistics: min=0.000000, max=0.399958, mean=0.002874
2025-10-25 16:27:16,399 - nmf_localizer.core.usm_trainer - INFO - Speaker 26: W shape torch.Size([346, 50]), loss 0.065754
2025-10-25 16:27:16,399 - nmf_localizer.core.usm_trainer - INFO - Training speaker model: input shape torch.Size([346, 286])
2025-10-25 16:27:16,399 - nmf_localizer.core.usm_trainer - INFO - NMF fitting: V shape torch.Size([346, 286]), n_components 50
2025-10-25 16:27:16,400 - nmf_localizer.core.usm_trainer - INFO - Input data statistics: mean=8.54e-04, std=1.19e-03, max=1.85e-02
/opt/anaconda3/lib/python3.12/site-packages/sklearn/decomposition/_nmf.py:1742: ConvergenceWarning: Maximum number of iterations 1000 reached. Increase it to improve convergence.
  warnings.warn(
2025-10-25 16:27:19,966 - nmf_localizer.core.usm_trainer - INFO - NMF completed: 1000 iterations, final loss: 0.081270
2025-10-25 16:27:19,967 - nmf_localizer.core.usm_trainer - INFO - W non-zero elements: 7875/17300 (45.5%)
2025-10-25 16:27:19,967 - nmf_localizer.core.usm_trainer - INFO - W statistics: min=0.000000, max=0.548568, mean=0.003278
2025-10-25 16:27:19,967 - nmf_localizer.core.usm_trainer - INFO - Speaker 27: W shape torch.Size([346, 50]), loss 0.081270
2025-10-25 16:27:19,967 - nmf_localizer.core.usm_trainer - INFO - Training speaker model: input shape torch.Size([346, 286])
2025-10-25 16:27:19,967 - nmf_localizer.core.usm_trainer - INFO - NMF fitting: V shape torch.Size([346, 286]), n_components 50
2025-10-25 16:27:19,967 - nmf_localizer.core.usm_trainer - INFO - Input data statistics: mean=9.11e-04, std=1.27e-03, max=2.04e-02
/opt/anaconda3/lib/python3.12/site-packages/sklearn/decomposition/_nmf.py:1742: ConvergenceWarning: Maximum number of iterations 1000 reached. Increase it to improve convergence.
  warnings.warn(
2025-10-25 16:27:23,465 - nmf_localizer.core.usm_trainer - INFO - NMF completed: 1000 iterations, final loss: 0.086771
2025-10-25 16:27:23,465 - nmf_localizer.core.usm_trainer - INFO - W non-zero elements: 7926/17300 (45.8%)
2025-10-25 16:27:23,465 - nmf_localizer.core.usm_trainer - INFO - W statistics: min=0.000000, max=0.797981, mean=0.003213
2025-10-25 16:27:23,465 - nmf_localizer.core.usm_trainer - INFO - Speaker 28: W shape torch.Size([346, 50]), loss 0.086771
2025-10-25 16:27:23,465 - nmf_localizer.core.usm_trainer - INFO - Training speaker model: input shape torch.Size([346, 286])
2025-10-25 16:27:23,465 - nmf_localizer.core.usm_trainer - INFO - NMF fitting: V shape torch.Size([346, 286]), n_components 50
2025-10-25 16:27:23,466 - nmf_localizer.core.usm_trainer - INFO - Input data statistics: mean=9.40e-04, std=1.31e-03, max=2.11e-02
/opt/anaconda3/lib/python3.12/site-packages/sklearn/decomposition/_nmf.py:1742: ConvergenceWarning: Maximum number of iterations 1000 reached. Increase it to improve convergence.
  warnings.warn(
2025-10-25 16:27:26,594 - nmf_localizer.core.usm_trainer - INFO - NMF completed: 1000 iterations, final loss: 0.089775
2025-10-25 16:27:26,594 - nmf_localizer.core.usm_trainer - INFO - W non-zero elements: 7795/17300 (45.1%)
2025-10-25 16:27:26,594 - nmf_localizer.core.usm_trainer - INFO - W statistics: min=0.000000, max=0.705265, mean=0.003328
2025-10-25 16:27:26,594 - nmf_localizer.core.usm_trainer - INFO - Speaker 29: W shape torch.Size([346, 50]), loss 0.089775
2025-10-25 16:27:26,594 - nmf_localizer.core.usm_trainer - INFO - Training speaker model: input shape torch.Size([346, 286])
2025-10-25 16:27:26,594 - nmf_localizer.core.usm_trainer - INFO - NMF fitting: V shape torch.Size([346, 286]), n_components 50
2025-10-25 16:27:26,594 - nmf_localizer.core.usm_trainer - INFO - Input data statistics: mean=8.25e-04, std=1.16e-03, max=1.73e-02
/opt/anaconda3/lib/python3.12/site-packages/sklearn/decomposition/_nmf.py:1742: ConvergenceWarning: Maximum number of iterations 1000 reached. Increase it to improve convergence.
  warnings.warn(
2025-10-25 16:27:30,117 - nmf_localizer.core.usm_trainer - INFO - NMF completed: 1000 iterations, final loss: 0.077587
2025-10-25 16:27:30,117 - nmf_localizer.core.usm_trainer - INFO - W non-zero elements: 7947/17300 (45.9%)
2025-10-25 16:27:30,117 - nmf_localizer.core.usm_trainer - INFO - W statistics: min=0.000000, max=0.620498, mean=0.003055
2025-10-25 16:27:30,117 - nmf_localizer.core.usm_trainer - INFO - Speaker 30: W shape torch.Size([346, 50]), loss 0.077587
2025-10-25 16:27:30,117 - nmf_localizer.core.usm_trainer - INFO - Training speaker model: input shape torch.Size([346, 286])
2025-10-25 16:27:30,117 - nmf_localizer.core.usm_trainer - INFO - NMF fitting: V shape torch.Size([346, 286]), n_components 50
2025-10-25 16:27:30,118 - nmf_localizer.core.usm_trainer - INFO - Input data statistics: mean=9.71e-04, std=1.37e-03, max=2.10e-02
/opt/anaconda3/lib/python3.12/site-packages/sklearn/decomposition/_nmf.py:1742: ConvergenceWarning: Maximum number of iterations 1000 reached. Increase it to improve convergence.
  warnings.warn(
2025-10-25 16:27:33,477 - nmf_localizer.core.usm_trainer - INFO - NMF completed: 1000 iterations, final loss: 0.091229
2025-10-25 16:27:33,477 - nmf_localizer.core.usm_trainer - INFO - W non-zero elements: 7887/17300 (45.6%)
2025-10-25 16:27:33,477 - nmf_localizer.core.usm_trainer - INFO - W statistics: min=0.000000, max=0.621801, mean=0.003546
2025-10-25 16:27:33,477 - nmf_localizer.core.usm_trainer - INFO - Speaker 31: W shape torch.Size([346, 50]), loss 0.091229
2025-10-25 16:27:33,477 - nmf_localizer.core.usm_trainer - INFO - Training speaker model: input shape torch.Size([346, 286])
2025-10-25 16:27:33,477 - nmf_localizer.core.usm_trainer - INFO - NMF fitting: V shape torch.Size([346, 286]), n_components 50
2025-10-25 16:27:33,477 - nmf_localizer.core.usm_trainer - INFO - Input data statistics: mean=9.71e-04, std=1.37e-03, max=2.10e-02
/opt/anaconda3/lib/python3.12/site-packages/sklearn/decomposition/_nmf.py:1742: ConvergenceWarning: Maximum number of iterations 1000 reached. Increase it to improve convergence.
  warnings.warn(
2025-10-25 16:27:37,289 - nmf_localizer.core.usm_trainer - INFO - NMF completed: 1000 iterations, final loss: 0.091293
2025-10-25 16:27:37,290 - nmf_localizer.core.usm_trainer - INFO - W non-zero elements: 7927/17300 (45.8%)
2025-10-25 16:27:37,290 - nmf_localizer.core.usm_trainer - INFO - W statistics: min=0.000000, max=0.672842, mean=0.003339
2025-10-25 16:27:37,290 - nmf_localizer.core.usm_trainer - INFO - Speaker 32: W shape torch.Size([346, 50]), loss 0.091293
2025-10-25 16:27:37,290 - nmf_localizer.core.usm_trainer - INFO - Training speaker model: input shape torch.Size([346, 286])
2025-10-25 16:27:37,290 - nmf_localizer.core.usm_trainer - INFO - NMF fitting: V shape torch.Size([346, 286]), n_components 50
2025-10-25 16:27:37,290 - nmf_localizer.core.usm_trainer - INFO - Input data statistics: mean=8.32e-04, std=1.04e-03, max=1.44e-02
/opt/anaconda3/lib/python3.12/site-packages/sklearn/decomposition/_nmf.py:1742: ConvergenceWarning: Maximum number of iterations 1000 reached. Increase it to improve convergence.
  warnings.warn(
2025-10-25 16:27:40,351 - nmf_localizer.core.usm_trainer - INFO - NMF completed: 1000 iterations, final loss: 0.083475
2025-10-25 16:27:40,351 - nmf_localizer.core.usm_trainer - INFO - W non-zero elements: 7936/17300 (45.9%)
2025-10-25 16:27:40,351 - nmf_localizer.core.usm_trainer - INFO - W statistics: min=0.000000, max=0.853505, mean=0.003055
2025-10-25 16:27:40,351 - nmf_localizer.core.usm_trainer - INFO - Speaker 33: W shape torch.Size([346, 50]), loss 0.083475
2025-10-25 16:27:40,351 - nmf_localizer.core.usm_trainer - INFO - Training speaker model: input shape torch.Size([346, 286])
2025-10-25 16:27:40,351 - nmf_localizer.core.usm_trainer - INFO - NMF fitting: V shape torch.Size([346, 286]), n_components 50
2025-10-25 16:27:40,352 - nmf_localizer.core.usm_trainer - INFO - Input data statistics: mean=7.26e-04, std=9.04e-04, max=1.27e-02
/opt/anaconda3/lib/python3.12/site-packages/sklearn/decomposition/_nmf.py:1742: ConvergenceWarning: Maximum number of iterations 1000 reached. Increase it to improve convergence.
  warnings.warn(
2025-10-25 16:27:43,992 - nmf_localizer.core.usm_trainer - INFO - NMF completed: 1000 iterations, final loss: 0.072666
2025-10-25 16:27:43,992 - nmf_localizer.core.usm_trainer - INFO - W non-zero elements: 7866/17300 (45.5%)
2025-10-25 16:27:43,992 - nmf_localizer.core.usm_trainer - INFO - W statistics: min=0.000000, max=0.529101, mean=0.002978
2025-10-25 16:27:43,992 - nmf_localizer.core.usm_trainer - INFO - Speaker 34: W shape torch.Size([346, 50]), loss 0.072666
2025-10-25 16:27:43,992 - nmf_localizer.core.usm_trainer - INFO - Training speaker model: input shape torch.Size([346, 286])
2025-10-25 16:27:43,992 - nmf_localizer.core.usm_trainer - INFO - NMF fitting: V shape torch.Size([346, 286]), n_components 50
2025-10-25 16:27:43,992 - nmf_localizer.core.usm_trainer - INFO - Input data statistics: mean=7.85e-04, std=9.77e-04, max=1.37e-02
/opt/anaconda3/lib/python3.12/site-packages/sklearn/decomposition/_nmf.py:1742: ConvergenceWarning: Maximum number of iterations 1000 reached. Increase it to improve convergence.
  warnings.warn(
2025-10-25 16:27:47,482 - nmf_localizer.core.usm_trainer - INFO - NMF completed: 1000 iterations, final loss: 0.078439
2025-10-25 16:27:47,483 - nmf_localizer.core.usm_trainer - INFO - W non-zero elements: 8132/17300 (47.0%)
2025-10-25 16:27:47,483 - nmf_localizer.core.usm_trainer - INFO - W statistics: min=0.000000, max=0.505544, mean=0.003019
2025-10-25 16:27:47,483 - nmf_localizer.core.usm_trainer - INFO - Speaker 35: W shape torch.Size([346, 50]), loss 0.078439
2025-10-25 16:27:47,483 - nmf_localizer.core.usm_trainer - INFO - Training speaker model: input shape torch.Size([346, 286])
2025-10-25 16:27:47,483 - nmf_localizer.core.usm_trainer - INFO - NMF fitting: V shape torch.Size([346, 286]), n_components 50
2025-10-25 16:27:47,483 - nmf_localizer.core.usm_trainer - INFO - Input data statistics: mean=7.15e-04, std=1.05e-03, max=1.43e-02
/opt/anaconda3/lib/python3.12/site-packages/sklearn/decomposition/_nmf.py:1742: ConvergenceWarning: Maximum number of iterations 1000 reached. Increase it to improve convergence.
  warnings.warn(
2025-10-25 16:27:51,070 - nmf_localizer.core.usm_trainer - INFO - NMF completed: 1000 iterations, final loss: 0.065562
2025-10-25 16:27:51,070 - nmf_localizer.core.usm_trainer - INFO - W non-zero elements: 7724/17300 (44.6%)
2025-10-25 16:27:51,070 - nmf_localizer.core.usm_trainer - INFO - W statistics: min=0.000000, max=0.592402, mean=0.002865
2025-10-25 16:27:51,070 - nmf_localizer.core.usm_trainer - INFO - Speaker 36: W shape torch.Size([346, 50]), loss 0.065562
2025-10-25 16:27:51,070 - nmf_localizer.core.usm_trainer - INFO - Training speaker model: input shape torch.Size([346, 286])
2025-10-25 16:27:51,070 - nmf_localizer.core.usm_trainer - INFO - NMF fitting: V shape torch.Size([346, 286]), n_components 50
2025-10-25 16:27:51,071 - nmf_localizer.core.usm_trainer - INFO - Input data statistics: mean=7.16e-04, std=1.05e-03, max=1.39e-02
/opt/anaconda3/lib/python3.12/site-packages/sklearn/decomposition/_nmf.py:1742: ConvergenceWarning: Maximum number of iterations 1000 reached. Increase it to improve convergence.
  warnings.warn(
2025-10-25 16:27:54,130 - nmf_localizer.core.usm_trainer - INFO - NMF completed: 1000 iterations, final loss: 0.065399
2025-10-25 16:27:54,131 - nmf_localizer.core.usm_trainer - INFO - W non-zero elements: 7710/17300 (44.6%)
2025-10-25 16:27:54,131 - nmf_localizer.core.usm_trainer - INFO - W statistics: min=0.000000, max=0.633308, mean=0.002991
2025-10-25 16:27:54,131 - nmf_localizer.core.usm_trainer - INFO - Speaker 37: W shape torch.Size([346, 50]), loss 0.065399
2025-10-25 16:27:54,131 - nmf_localizer.core.usm_trainer - INFO - Training speaker model: input shape torch.Size([346, 286])
2025-10-25 16:27:54,131 - nmf_localizer.core.usm_trainer - INFO - NMF fitting: V shape torch.Size([346, 286]), n_components 50
2025-10-25 16:27:54,131 - nmf_localizer.core.usm_trainer - INFO - Input data statistics: mean=6.80e-04, std=9.96e-04, max=1.25e-02
/opt/anaconda3/lib/python3.12/site-packages/sklearn/decomposition/_nmf.py:1742: ConvergenceWarning: Maximum number of iterations 1000 reached. Increase it to improve convergence.
  warnings.warn(
2025-10-25 16:27:57,625 - nmf_localizer.core.usm_trainer - INFO - NMF completed: 1000 iterations, final loss: 0.061930
2025-10-25 16:27:57,625 - nmf_localizer.core.usm_trainer - INFO - W non-zero elements: 7678/17300 (44.4%)
2025-10-25 16:27:57,625 - nmf_localizer.core.usm_trainer - INFO - W statistics: min=0.000000, max=0.565787, mean=0.002554
2025-10-25 16:27:57,625 - nmf_localizer.core.usm_trainer - INFO - Speaker 38: W shape torch.Size([346, 50]), loss 0.061930
2025-10-25 16:27:57,625 - nmf_localizer.core.usm_trainer - INFO - Training speaker model: input shape torch.Size([346, 286])
2025-10-25 16:27:57,625 - nmf_localizer.core.usm_trainer - INFO - NMF fitting: V shape torch.Size([346, 286]), n_components 50
2025-10-25 16:27:57,625 - nmf_localizer.core.usm_trainer - INFO - Input data statistics: mean=8.46e-04, std=1.10e-03, max=1.60e-02
/opt/anaconda3/lib/python3.12/site-packages/sklearn/decomposition/_nmf.py:1742: ConvergenceWarning: Maximum number of iterations 1000 reached. Increase it to improve convergence.
  warnings.warn(
2025-10-25 16:28:01,394 - nmf_localizer.core.usm_trainer - INFO - NMF completed: 1000 iterations, final loss: 0.084762
2025-10-25 16:28:01,394 - nmf_localizer.core.usm_trainer - INFO - W non-zero elements: 7933/17300 (45.9%)
2025-10-25 16:28:01,394 - nmf_localizer.core.usm_trainer - INFO - W statistics: min=0.000000, max=0.328864, mean=0.002978
2025-10-25 16:28:01,394 - nmf_localizer.core.usm_trainer - INFO - Speaker 39: W shape torch.Size([346, 50]), loss 0.084762
2025-10-25 16:28:01,394 - nmf_localizer.core.usm_trainer - INFO - Training speaker model: input shape torch.Size([346, 286])
2025-10-25 16:28:01,394 - nmf_localizer.core.usm_trainer - INFO - NMF fitting: V shape torch.Size([346, 286]), n_components 50
2025-10-25 16:28:01,394 - nmf_localizer.core.usm_trainer - INFO - Input data statistics: mean=8.18e-04, std=1.06e-03, max=1.54e-02
/opt/anaconda3/lib/python3.12/site-packages/sklearn/decomposition/_nmf.py:1742: ConvergenceWarning: Maximum number of iterations 1000 reached. Increase it to improve convergence.
  warnings.warn(
2025-10-25 16:28:04,932 - nmf_localizer.core.usm_trainer - INFO - NMF completed: 1000 iterations, final loss: 0.081674
2025-10-25 16:28:04,932 - nmf_localizer.core.usm_trainer - INFO - W non-zero elements: 7777/17300 (45.0%)
2025-10-25 16:28:04,932 - nmf_localizer.core.usm_trainer - INFO - W statistics: min=0.000000, max=0.569071, mean=0.003330
2025-10-25 16:28:04,932 - nmf_localizer.core.usm_trainer - INFO - Speaker 40: W shape torch.Size([346, 50]), loss 0.081674
2025-10-25 16:28:04,932 - nmf_localizer.core.usm_trainer - INFO - Training speaker model: input shape torch.Size([346, 286])
2025-10-25 16:28:04,932 - nmf_localizer.core.usm_trainer - INFO - NMF fitting: V shape torch.Size([346, 286]), n_components 50
2025-10-25 16:28:04,932 - nmf_localizer.core.usm_trainer - INFO - Input data statistics: mean=9.00e-04, std=1.17e-03, max=1.66e-02
/opt/anaconda3/lib/python3.12/site-packages/sklearn/decomposition/_nmf.py:1742: ConvergenceWarning: Maximum number of iterations 1000 reached. Increase it to improve convergence.
  warnings.warn(
2025-10-25 16:28:08,047 - nmf_localizer.core.usm_trainer - INFO - NMF completed: 1000 iterations, final loss: 0.090018
2025-10-25 16:28:08,047 - nmf_localizer.core.usm_trainer - INFO - W non-zero elements: 7811/17300 (45.2%)
2025-10-25 16:28:08,047 - nmf_localizer.core.usm_trainer - INFO - W statistics: min=0.000000, max=0.808509, mean=0.003494
2025-10-25 16:28:08,047 - nmf_localizer.core.usm_trainer - INFO - Speaker 41: W shape torch.Size([346, 50]), loss 0.090018
2025-10-25 16:28:08,048 - nmf_localizer.core.usm_trainer - INFO - Training speaker model: input shape torch.Size([346, 286])
2025-10-25 16:28:08,048 - nmf_localizer.core.usm_trainer - INFO - NMF fitting: V shape torch.Size([346, 286]), n_components 50
2025-10-25 16:28:08,048 - nmf_localizer.core.usm_trainer - INFO - Input data statistics: mean=8.39e-04, std=1.24e-03, max=1.87e-02
/opt/anaconda3/lib/python3.12/site-packages/sklearn/decomposition/_nmf.py:1742: ConvergenceWarning: Maximum number of iterations 1000 reached. Increase it to improve convergence.
  warnings.warn(
2025-10-25 16:28:11,449 - nmf_localizer.core.usm_trainer - INFO - NMF completed: 1000 iterations, final loss: 0.077883
2025-10-25 16:28:11,449 - nmf_localizer.core.usm_trainer - INFO - W non-zero elements: 7774/17300 (44.9%)
2025-10-25 16:28:11,450 - nmf_localizer.core.usm_trainer - INFO - W statistics: min=0.000000, max=0.683733, mean=0.002778
2025-10-25 16:28:11,450 - nmf_localizer.core.usm_trainer - INFO - Speaker 42: W shape torch.Size([346, 50]), loss 0.077883
2025-10-25 16:28:11,450 - nmf_localizer.core.usm_trainer - INFO - Training speaker model: input shape torch.Size([346, 286])
2025-10-25 16:28:11,450 - nmf_localizer.core.usm_trainer - INFO - NMF fitting: V shape torch.Size([346, 286]), n_components 50
2025-10-25 16:28:11,450 - nmf_localizer.core.usm_trainer - INFO - Input data statistics: mean=8.49e-04, std=1.26e-03, max=1.94e-02
/opt/anaconda3/lib/python3.12/site-packages/sklearn/decomposition/_nmf.py:1742: ConvergenceWarning: Maximum number of iterations 1000 reached. Increase it to improve convergence.
  warnings.warn(
2025-10-25 16:28:15,238 - nmf_localizer.core.usm_trainer - INFO - NMF completed: 1000 iterations, final loss: 0.078970
2025-10-25 16:28:15,238 - nmf_localizer.core.usm_trainer - INFO - W non-zero elements: 7699/17300 (44.5%)
2025-10-25 16:28:15,239 - nmf_localizer.core.usm_trainer - INFO - W statistics: min=0.000000, max=0.732522, mean=0.003020
2025-10-25 16:28:15,239 - nmf_localizer.core.usm_trainer - INFO - Speaker 43: W shape torch.Size([346, 50]), loss 0.078970
2025-10-25 16:28:15,239 - nmf_localizer.core.usm_trainer - INFO - Training speaker model: input shape torch.Size([346, 286])
2025-10-25 16:28:15,239 - nmf_localizer.core.usm_trainer - INFO - NMF fitting: V shape torch.Size([346, 286]), n_components 50
2025-10-25 16:28:15,239 - nmf_localizer.core.usm_trainer - INFO - Input data statistics: mean=7.96e-04, std=1.18e-03, max=1.84e-02
/opt/anaconda3/lib/python3.12/site-packages/sklearn/decomposition/_nmf.py:1742: ConvergenceWarning: Maximum number of iterations 1000 reached. Increase it to improve convergence.
  warnings.warn(
2025-10-25 16:28:18,953 - nmf_localizer.core.usm_trainer - INFO - NMF completed: 1000 iterations, final loss: 0.074048
2025-10-25 16:28:18,953 - nmf_localizer.core.usm_trainer - INFO - W non-zero elements: 7668/17300 (44.3%)
2025-10-25 16:28:18,953 - nmf_localizer.core.usm_trainer - INFO - W statistics: min=0.000000, max=0.611442, mean=0.002900
2025-10-25 16:28:18,953 - nmf_localizer.core.usm_trainer - INFO - Speaker 44: W shape torch.Size([346, 50]), loss 0.074048
2025-10-25 16:28:18,953 - nmf_localizer.core.usm_trainer - INFO - Training speaker model: input shape torch.Size([346, 286])
2025-10-25 16:28:18,954 - nmf_localizer.core.usm_trainer - INFO - NMF fitting: V shape torch.Size([346, 286]), n_components 50
2025-10-25 16:28:18,954 - nmf_localizer.core.usm_trainer - INFO - Input data statistics: mean=7.31e-04, std=1.07e-03, max=1.80e-02
/opt/anaconda3/lib/python3.12/site-packages/sklearn/decomposition/_nmf.py:1742: ConvergenceWarning: Maximum number of iterations 1000 reached. Increase it to improve convergence.
  warnings.warn(
2025-10-25 16:28:22,218 - nmf_localizer.core.usm_trainer - INFO - NMF completed: 1000 iterations, final loss: 0.064989
2025-10-25 16:28:22,218 - nmf_localizer.core.usm_trainer - INFO - W non-zero elements: 7561/17300 (43.7%)
2025-10-25 16:28:22,218 - nmf_localizer.core.usm_trainer - INFO - W statistics: min=0.000000, max=0.487757, mean=0.002913
2025-10-25 16:28:22,218 - nmf_localizer.core.usm_trainer - INFO - Speaker 45: W shape torch.Size([346, 50]), loss 0.064989
2025-10-25 16:28:22,218 - nmf_localizer.core.usm_trainer - INFO - Training speaker model: input shape torch.Size([346, 286])
2025-10-25 16:28:22,218 - nmf_localizer.core.usm_trainer - INFO - NMF fitting: V shape torch.Size([346, 286]), n_components 50
2025-10-25 16:28:22,218 - nmf_localizer.core.usm_trainer - INFO - Input data statistics: mean=6.99e-04, std=1.02e-03, max=1.81e-02
/opt/anaconda3/lib/python3.12/site-packages/sklearn/decomposition/_nmf.py:1742: ConvergenceWarning: Maximum number of iterations 1000 reached. Increase it to improve convergence.
  warnings.warn(
2025-10-25 16:28:25,623 - nmf_localizer.core.usm_trainer - INFO - NMF completed: 1000 iterations, final loss: 0.062109
2025-10-25 16:28:25,623 - nmf_localizer.core.usm_trainer - INFO - W non-zero elements: 7727/17300 (44.7%)
2025-10-25 16:28:25,623 - nmf_localizer.core.usm_trainer - INFO - W statistics: min=0.000000, max=0.585634, mean=0.002888
2025-10-25 16:28:25,623 - nmf_localizer.core.usm_trainer - INFO - Speaker 46: W shape torch.Size([346, 50]), loss 0.062109
2025-10-25 16:28:25,623 - nmf_localizer.core.usm_trainer - INFO - Training speaker model: input shape torch.Size([346, 286])
2025-10-25 16:28:25,623 - nmf_localizer.core.usm_trainer - INFO - NMF fitting: V shape torch.Size([346, 286]), n_components 50
2025-10-25 16:28:25,623 - nmf_localizer.core.usm_trainer - INFO - Input data statistics: mean=7.26e-04, std=1.06e-03, max=1.91e-02
/opt/anaconda3/lib/python3.12/site-packages/sklearn/decomposition/_nmf.py:1742: ConvergenceWarning: Maximum number of iterations 1000 reached. Increase it to improve convergence.
  warnings.warn(
2025-10-25 16:28:29,185 - nmf_localizer.core.usm_trainer - INFO - NMF completed: 1000 iterations, final loss: 0.064438
2025-10-25 16:28:29,185 - nmf_localizer.core.usm_trainer - INFO - W non-zero elements: 7825/17300 (45.2%)
2025-10-25 16:28:29,185 - nmf_localizer.core.usm_trainer - INFO - W statistics: min=0.000000, max=0.586306, mean=0.003106
2025-10-25 16:28:29,186 - nmf_localizer.core.usm_trainer - INFO - Speaker 47: W shape torch.Size([346, 50]), loss 0.064438
2025-10-25 16:28:29,186 - nmf_localizer.core.usm_trainer - INFO - Training speaker model: input shape torch.Size([346, 286])
2025-10-25 16:28:29,186 - nmf_localizer.core.usm_trainer - INFO - NMF fitting: V shape torch.Size([346, 286]), n_components 50
2025-10-25 16:28:29,186 - nmf_localizer.core.usm_trainer - INFO - Input data statistics: mean=7.24e-04, std=1.06e-03, max=1.71e-02
/opt/anaconda3/lib/python3.12/site-packages/sklearn/decomposition/_nmf.py:1742: ConvergenceWarning: Maximum number of iterations 1000 reached. Increase it to improve convergence.
  warnings.warn(
2025-10-25 16:28:32,610 - nmf_localizer.core.usm_trainer - INFO - NMF completed: 1000 iterations, final loss: 0.065985
2025-10-25 16:28:32,610 - nmf_localizer.core.usm_trainer - INFO - W non-zero elements: 7829/17300 (45.3%)
2025-10-25 16:28:32,610 - nmf_localizer.core.usm_trainer - INFO - W statistics: min=0.000000, max=0.450223, mean=0.002578
2025-10-25 16:28:32,610 - nmf_localizer.core.usm_trainer - INFO - Speaker 48: W shape torch.Size([346, 50]), loss 0.065985
2025-10-25 16:28:32,610 - nmf_localizer.core.usm_trainer - INFO - Training speaker model: input shape torch.Size([346, 286])
2025-10-25 16:28:32,610 - nmf_localizer.core.usm_trainer - INFO - NMF fitting: V shape torch.Size([346, 286]), n_components 50
2025-10-25 16:28:32,610 - nmf_localizer.core.usm_trainer - INFO - Input data statistics: mean=7.76e-04, std=1.14e-03, max=1.78e-02
/opt/anaconda3/lib/python3.12/site-packages/sklearn/decomposition/_nmf.py:1742: ConvergenceWarning: Maximum number of iterations 1000 reached. Increase it to improve convergence.
  warnings.warn(
2025-10-25 16:28:35,450 - nmf_localizer.core.usm_trainer - INFO - NMF completed: 1000 iterations, final loss: 0.070971
2025-10-25 16:28:35,450 - nmf_localizer.core.usm_trainer - INFO - W non-zero elements: 7502/17300 (43.4%)
2025-10-25 16:28:35,450 - nmf_localizer.core.usm_trainer - INFO - W statistics: min=0.000000, max=0.715579, mean=0.002946
2025-10-25 16:28:35,450 - nmf_localizer.core.usm_trainer - INFO - Speaker 49: W shape torch.Size([346, 50]), loss 0.070971
2025-10-25 16:28:35,450 - nmf_localizer.core.usm_trainer - INFO - Training speaker model: input shape torch.Size([346, 286])
2025-10-25 16:28:35,450 - nmf_localizer.core.usm_trainer - INFO - NMF fitting: V shape torch.Size([346, 286]), n_components 50
2025-10-25 16:28:35,450 - nmf_localizer.core.usm_trainer - INFO - Input data statistics: mean=6.95e-04, std=1.02e-03, max=1.54e-02
/opt/anaconda3/lib/python3.12/site-packages/sklearn/decomposition/_nmf.py:1742: ConvergenceWarning: Maximum number of iterations 1000 reached. Increase it to improve convergence.
  warnings.warn(
2025-10-25 16:28:39,119 - nmf_localizer.core.usm_trainer - INFO - NMF completed: 1000 iterations, final loss: 0.063523
2025-10-25 16:28:39,119 - nmf_localizer.core.usm_trainer - INFO - W non-zero elements: 7500/17300 (43.4%)
2025-10-25 16:28:39,119 - nmf_localizer.core.usm_trainer - INFO - W statistics: min=0.000000, max=0.676544, mean=0.002715
2025-10-25 16:28:39,120 - nmf_localizer.core.usm_trainer - INFO - Speaker 50: W shape torch.Size([346, 50]), loss 0.063523
2025-10-25 16:28:39,120 - nmf_localizer.core.usm_trainer - INFO - Training speaker model: input shape torch.Size([346, 286])
2025-10-25 16:28:39,120 - nmf_localizer.core.usm_trainer - INFO - NMF fitting: V shape torch.Size([346, 286]), n_components 50
2025-10-25 16:28:39,120 - nmf_localizer.core.usm_trainer - INFO - Input data statistics: mean=6.90e-04, std=9.54e-04, max=1.49e-02
/opt/anaconda3/lib/python3.12/site-packages/sklearn/decomposition/_nmf.py:1742: ConvergenceWarning: Maximum number of iterations 1000 reached. Increase it to improve convergence.
  warnings.warn(
2025-10-25 16:28:42,561 - nmf_localizer.core.usm_trainer - INFO - NMF completed: 1000 iterations, final loss: 0.064190
2025-10-25 16:28:42,561 - nmf_localizer.core.usm_trainer - INFO - W non-zero elements: 7945/17300 (45.9%)
2025-10-25 16:28:42,561 - nmf_localizer.core.usm_trainer - INFO - W statistics: min=0.000000, max=0.649224, mean=0.002810
2025-10-25 16:28:42,561 - nmf_localizer.core.usm_trainer - INFO - Speaker 51: W shape torch.Size([346, 50]), loss 0.064190
2025-10-25 16:28:42,561 - nmf_localizer.core.usm_trainer - INFO - Training speaker model: input shape torch.Size([346, 286])
2025-10-25 16:28:42,561 - nmf_localizer.core.usm_trainer - INFO - NMF fitting: V shape torch.Size([346, 286]), n_components 50
2025-10-25 16:28:42,561 - nmf_localizer.core.usm_trainer - INFO - Input data statistics: mean=7.14e-04, std=9.98e-04, max=1.56e-02
/opt/anaconda3/lib/python3.12/site-packages/sklearn/decomposition/_nmf.py:1742: ConvergenceWarning: Maximum number of iterations 1000 reached. Increase it to improve convergence.
  warnings.warn(
2025-10-25 16:28:46,235 - nmf_localizer.core.usm_trainer - INFO - NMF completed: 1000 iterations, final loss: 0.066674
2025-10-25 16:28:46,235 - nmf_localizer.core.usm_trainer - INFO - W non-zero elements: 7952/17300 (46.0%)
2025-10-25 16:28:46,235 - nmf_localizer.core.usm_trainer - INFO - W statistics: min=0.000000, max=0.477288, mean=0.002978
2025-10-25 16:28:46,235 - nmf_localizer.core.usm_trainer - INFO - Speaker 52: W shape torch.Size([346, 50]), loss 0.066674
2025-10-25 16:28:46,235 - nmf_localizer.core.usm_trainer - INFO - Training speaker model: input shape torch.Size([346, 286])
2025-10-25 16:28:46,235 - nmf_localizer.core.usm_trainer - INFO - NMF fitting: V shape torch.Size([346, 286]), n_components 50
2025-10-25 16:28:46,236 - nmf_localizer.core.usm_trainer - INFO - Input data statistics: mean=7.31e-04, std=1.03e-03, max=1.67e-02
/opt/anaconda3/lib/python3.12/site-packages/sklearn/decomposition/_nmf.py:1742: ConvergenceWarning: Maximum number of iterations 1000 reached. Increase it to improve convergence.
  warnings.warn(
2025-10-25 16:28:49,379 - nmf_localizer.core.usm_trainer - INFO - NMF completed: 1000 iterations, final loss: 0.068369
2025-10-25 16:28:49,380 - nmf_localizer.core.usm_trainer - INFO - W non-zero elements: 7763/17300 (44.9%)
2025-10-25 16:28:49,380 - nmf_localizer.core.usm_trainer - INFO - W statistics: min=0.000000, max=0.663227, mean=0.003040
2025-10-25 16:28:49,380 - nmf_localizer.core.usm_trainer - INFO - Speaker 53: W shape torch.Size([346, 50]), loss 0.068369
2025-10-25 16:28:49,380 - nmf_localizer.core.usm_trainer - INFO - Training speaker model: input shape torch.Size([346, 286])
2025-10-25 16:28:49,380 - nmf_localizer.core.usm_trainer - INFO - NMF fitting: V shape torch.Size([346, 286]), n_components 50
2025-10-25 16:28:49,380 - nmf_localizer.core.usm_trainer - INFO - Input data statistics: mean=5.92e-04, std=8.04e-04, max=1.38e-02
/opt/anaconda3/lib/python3.12/site-packages/sklearn/decomposition/_nmf.py:1742: ConvergenceWarning: Maximum number of iterations 1000 reached. Increase it to improve convergence.
  warnings.warn(
2025-10-25 16:28:53,111 - nmf_localizer.core.usm_trainer - INFO - NMF completed: 1000 iterations, final loss: 0.055136
2025-10-25 16:28:53,111 - nmf_localizer.core.usm_trainer - INFO - W non-zero elements: 8023/17300 (46.4%)
2025-10-25 16:28:53,111 - nmf_localizer.core.usm_trainer - INFO - W statistics: min=0.000000, max=0.519627, mean=0.002668
2025-10-25 16:28:53,111 - nmf_localizer.core.usm_trainer - INFO - Speaker 54: W shape torch.Size([346, 50]), loss 0.055136
2025-10-25 16:28:53,111 - nmf_localizer.core.usm_trainer - INFO - Training speaker model: input shape torch.Size([346, 286])
2025-10-25 16:28:53,111 - nmf_localizer.core.usm_trainer - INFO - NMF fitting: V shape torch.Size([346, 286]), n_components 50
2025-10-25 16:28:53,111 - nmf_localizer.core.usm_trainer - INFO - Input data statistics: mean=6.15e-04, std=8.35e-04, max=1.36e-02
/opt/anaconda3/lib/python3.12/site-packages/sklearn/decomposition/_nmf.py:1742: ConvergenceWarning: Maximum number of iterations 1000 reached. Increase it to improve convergence.
  warnings.warn(
2025-10-25 16:28:56,264 - nmf_localizer.core.usm_trainer - INFO - NMF completed: 1000 iterations, final loss: 0.057257
2025-10-25 16:28:56,264 - nmf_localizer.core.usm_trainer - INFO - W non-zero elements: 7894/17300 (45.6%)
2025-10-25 16:28:56,264 - nmf_localizer.core.usm_trainer - INFO - W statistics: min=0.000000, max=0.532432, mean=0.002734
2025-10-25 16:28:56,264 - nmf_localizer.core.usm_trainer - INFO - Speaker 55: W shape torch.Size([346, 50]), loss 0.057257
2025-10-25 16:28:56,264 - nmf_localizer.core.usm_trainer - INFO - Training speaker model: input shape torch.Size([346, 286])
2025-10-25 16:28:56,264 - nmf_localizer.core.usm_trainer - INFO - NMF fitting: V shape torch.Size([346, 286]), n_components 50
2025-10-25 16:28:56,264 - nmf_localizer.core.usm_trainer - INFO - Input data statistics: mean=6.44e-04, std=8.76e-04, max=1.46e-02
/opt/anaconda3/lib/python3.12/site-packages/sklearn/decomposition/_nmf.py:1742: ConvergenceWarning: Maximum number of iterations 1000 reached. Increase it to improve convergence.
  warnings.warn(
2025-10-25 16:28:59,657 - nmf_localizer.core.usm_trainer - INFO - NMF completed: 1000 iterations, final loss: 0.060086
2025-10-25 16:28:59,657 - nmf_localizer.core.usm_trainer - INFO - W non-zero elements: 7957/17300 (46.0%)
2025-10-25 16:28:59,657 - nmf_localizer.core.usm_trainer - INFO - W statistics: min=0.000000, max=0.635447, mean=0.002773
2025-10-25 16:28:59,657 - nmf_localizer.core.usm_trainer - INFO - Speaker 56: W shape torch.Size([346, 50]), loss 0.060086
2025-10-25 16:28:59,657 - nmf_localizer.core.usm_trainer - INFO - Training speaker model: input shape torch.Size([346, 286])
2025-10-25 16:28:59,657 - nmf_localizer.core.usm_trainer - INFO - NMF fitting: V shape torch.Size([346, 286]), n_components 50
2025-10-25 16:28:59,657 - nmf_localizer.core.usm_trainer - INFO - Input data statistics: mean=5.22e-04, std=7.53e-04, max=1.33e-02
/opt/anaconda3/lib/python3.12/site-packages/sklearn/decomposition/_nmf.py:1742: ConvergenceWarning: Maximum number of iterations 1000 reached. Increase it to improve convergence.
  warnings.warn(
2025-10-25 16:29:02,699 - nmf_localizer.core.usm_trainer - INFO - NMF completed: 1000 iterations, final loss: 0.046931
2025-10-25 16:29:02,699 - nmf_localizer.core.usm_trainer - INFO - W non-zero elements: 7724/17300 (44.6%)
2025-10-25 16:29:02,699 - nmf_localizer.core.usm_trainer - INFO - W statistics: min=0.000000, max=0.358375, mean=0.002500
2025-10-25 16:29:02,699 - nmf_localizer.core.usm_trainer - INFO - Speaker 57: W shape torch.Size([346, 50]), loss 0.046931
2025-10-25 16:29:02,699 - nmf_localizer.core.usm_trainer - INFO - Training speaker model: input shape torch.Size([346, 286])
2025-10-25 16:29:02,699 - nmf_localizer.core.usm_trainer - INFO - NMF fitting: V shape torch.Size([346, 286]), n_components 50
2025-10-25 16:29:02,699 - nmf_localizer.core.usm_trainer - INFO - Input data statistics: mean=5.24e-04, std=7.57e-04, max=1.35e-02
/opt/anaconda3/lib/python3.12/site-packages/sklearn/decomposition/_nmf.py:1742: ConvergenceWarning: Maximum number of iterations 1000 reached. Increase it to improve convergence.
  warnings.warn(
2025-10-25 16:29:06,395 - nmf_localizer.core.usm_trainer - INFO - NMF completed: 1000 iterations, final loss: 0.047295
2025-10-25 16:29:06,395 - nmf_localizer.core.usm_trainer - INFO - W non-zero elements: 7631/17300 (44.1%)
2025-10-25 16:29:06,395 - nmf_localizer.core.usm_trainer - INFO - W statistics: min=0.000000, max=0.515500, mean=0.002334
2025-10-25 16:29:06,395 - nmf_localizer.core.usm_trainer - INFO - Speaker 58: W shape torch.Size([346, 50]), loss 0.047295
2025-10-25 16:29:06,395 - nmf_localizer.core.usm_trainer - INFO - Training speaker model: input shape torch.Size([346, 286])
2025-10-25 16:29:06,395 - nmf_localizer.core.usm_trainer - INFO - NMF fitting: V shape torch.Size([346, 286]), n_components 50
2025-10-25 16:29:06,395 - nmf_localizer.core.usm_trainer - INFO - Input data statistics: mean=5.81e-04, std=8.39e-04, max=1.50e-02
/opt/anaconda3/lib/python3.12/site-packages/sklearn/decomposition/_nmf.py:1742: ConvergenceWarning: Maximum number of iterations 1000 reached. Increase it to improve convergence.
  warnings.warn(
2025-10-25 16:29:09,984 - nmf_localizer.core.usm_trainer - INFO - NMF completed: 1000 iterations, final loss: 0.052455
2025-10-25 16:29:09,984 - nmf_localizer.core.usm_trainer - INFO - W non-zero elements: 7744/17300 (44.8%)
2025-10-25 16:29:09,984 - nmf_localizer.core.usm_trainer - INFO - W statistics: min=0.000000, max=0.536850, mean=0.002677
2025-10-25 16:29:09,984 - nmf_localizer.core.usm_trainer - INFO - Speaker 59: W shape torch.Size([346, 50]), loss 0.052455
2025-10-25 16:29:09,984 - nmf_localizer.core.usm_trainer - INFO - Training speaker model: input shape torch.Size([346, 286])
2025-10-25 16:29:09,984 - nmf_localizer.core.usm_trainer - INFO - NMF fitting: V shape torch.Size([346, 286]), n_components 50
2025-10-25 16:29:09,984 - nmf_localizer.core.usm_trainer - INFO - Input data statistics: mean=1.14e-03, std=1.44e-03, max=1.97e-02
/opt/anaconda3/lib/python3.12/site-packages/sklearn/decomposition/_nmf.py:1742: ConvergenceWarning: Maximum number of iterations 1000 reached. Increase it to improve convergence.
  warnings.warn(
2025-10-25 16:29:13,658 - nmf_localizer.core.usm_trainer - INFO - NMF completed: 1000 iterations, final loss: 0.110508
2025-10-25 16:29:13,658 - nmf_localizer.core.usm_trainer - INFO - W non-zero elements: 7903/17300 (45.7%)
2025-10-25 16:29:13,658 - nmf_localizer.core.usm_trainer - INFO - W statistics: min=0.000000, max=0.578936, mean=0.003923
2025-10-25 16:29:13,658 - nmf_localizer.core.usm_trainer - INFO - Speaker 60: W shape torch.Size([346, 50]), loss 0.110508
2025-10-25 16:29:13,658 - nmf_localizer.core.usm_trainer - INFO - Training speaker model: input shape torch.Size([346, 286])
2025-10-25 16:29:13,658 - nmf_localizer.core.usm_trainer - INFO - NMF fitting: V shape torch.Size([346, 286]), n_components 50
2025-10-25 16:29:13,659 - nmf_localizer.core.usm_trainer - INFO - Input data statistics: mean=1.18e-03, std=1.49e-03, max=1.95e-02
/opt/anaconda3/lib/python3.12/site-packages/sklearn/decomposition/_nmf.py:1742: ConvergenceWarning: Maximum number of iterations 1000 reached. Increase it to improve convergence.
  warnings.warn(
2025-10-25 16:29:18,030 - nmf_localizer.core.usm_trainer - INFO - NMF completed: 1000 iterations, final loss: 0.113907
2025-10-25 16:29:18,030 - nmf_localizer.core.usm_trainer - INFO - W non-zero elements: 7874/17300 (45.5%)
2025-10-25 16:29:18,030 - nmf_localizer.core.usm_trainer - INFO - W statistics: min=0.000000, max=0.643367, mean=0.003737
2025-10-25 16:29:18,030 - nmf_localizer.core.usm_trainer - INFO - Speaker 61: W shape torch.Size([346, 50]), loss 0.113907
2025-10-25 16:29:18,030 - nmf_localizer.core.usm_trainer - INFO - Training speaker model: input shape torch.Size([346, 286])
2025-10-25 16:29:18,030 - nmf_localizer.core.usm_trainer - INFO - NMF fitting: V shape torch.Size([346, 286]), n_components 50
2025-10-25 16:29:18,030 - nmf_localizer.core.usm_trainer - INFO - Input data statistics: mean=1.07e-03, std=1.36e-03, max=1.79e-02
/opt/anaconda3/lib/python3.12/site-packages/sklearn/decomposition/_nmf.py:1742: ConvergenceWarning: Maximum number of iterations 1000 reached. Increase it to improve convergence.
  warnings.warn(
2025-10-25 16:29:21,524 - nmf_localizer.core.usm_trainer - INFO - NMF completed: 1000 iterations, final loss: 0.103457
2025-10-25 16:29:21,524 - nmf_localizer.core.usm_trainer - INFO - W non-zero elements: 7960/17300 (46.0%)
2025-10-25 16:29:21,524 - nmf_localizer.core.usm_trainer - INFO - W statistics: min=0.000000, max=0.623286, mean=0.004126
2025-10-25 16:29:21,524 - nmf_localizer.core.usm_trainer - INFO - Speaker 62: W shape torch.Size([346, 50]), loss 0.103457
2025-10-25 16:29:21,524 - nmf_localizer.core.usm_trainer - INFO - Training speaker model: input shape torch.Size([346, 286])
2025-10-25 16:29:21,524 - nmf_localizer.core.usm_trainer - INFO - NMF fitting: V shape torch.Size([346, 286]), n_components 50
2025-10-25 16:29:21,524 - nmf_localizer.core.usm_trainer - INFO - Input data statistics: mean=8.73e-04, std=1.11e-03, max=1.40e-02
/opt/anaconda3/lib/python3.12/site-packages/sklearn/decomposition/_nmf.py:1742: ConvergenceWarning: Maximum number of iterations 1000 reached. Increase it to improve convergence.
  warnings.warn(
2025-10-25 16:29:25,199 - nmf_localizer.core.usm_trainer - INFO - NMF completed: 1000 iterations, final loss: 0.084197
2025-10-25 16:29:25,199 - nmf_localizer.core.usm_trainer - INFO - W non-zero elements: 7997/17300 (46.2%)
2025-10-25 16:29:25,200 - nmf_localizer.core.usm_trainer - INFO - W statistics: min=0.000000, max=0.627844, mean=0.003266
2025-10-25 16:29:25,200 - nmf_localizer.core.usm_trainer - INFO - Speaker 63: W shape torch.Size([346, 50]), loss 0.084197
2025-10-25 16:29:25,200 - nmf_localizer.core.usm_trainer - INFO - Training speaker model: input shape torch.Size([346, 286])
2025-10-25 16:29:25,200 - nmf_localizer.core.usm_trainer - INFO - NMF fitting: V shape torch.Size([346, 286]), n_components 50
2025-10-25 16:29:25,200 - nmf_localizer.core.usm_trainer - INFO - Input data statistics: mean=9.96e-04, std=1.27e-03, max=1.62e-02
/opt/anaconda3/lib/python3.12/site-packages/sklearn/decomposition/_nmf.py:1742: ConvergenceWarning: Maximum number of iterations 1000 reached. Increase it to improve convergence.
  warnings.warn(
2025-10-25 16:29:28,489 - nmf_localizer.core.usm_trainer - INFO - NMF completed: 1000 iterations, final loss: 0.095692
2025-10-25 16:29:28,489 - nmf_localizer.core.usm_trainer - INFO - W non-zero elements: 7920/17300 (45.8%)
2025-10-25 16:29:28,489 - nmf_localizer.core.usm_trainer - INFO - W statistics: min=0.000000, max=0.627796, mean=0.003491
2025-10-25 16:29:28,489 - nmf_localizer.core.usm_trainer - INFO - Speaker 64: W shape torch.Size([346, 50]), loss 0.095692
2025-10-25 16:29:28,490 - nmf_localizer.core.usm_trainer - INFO - Training speaker model: input shape torch.Size([346, 286])
2025-10-25 16:29:28,490 - nmf_localizer.core.usm_trainer - INFO - NMF fitting: V shape torch.Size([346, 286]), n_components 50
2025-10-25 16:29:28,490 - nmf_localizer.core.usm_trainer - INFO - Input data statistics: mean=9.40e-04, std=1.20e-03, max=1.53e-02
/opt/anaconda3/lib/python3.12/site-packages/sklearn/decomposition/_nmf.py:1742: ConvergenceWarning: Maximum number of iterations 1000 reached. Increase it to improve convergence.
  warnings.warn(
2025-10-25 16:29:32,314 - nmf_localizer.core.usm_trainer - INFO - NMF completed: 1000 iterations, final loss: 0.090391
2025-10-25 16:29:32,314 - nmf_localizer.core.usm_trainer - INFO - W non-zero elements: 7815/17300 (45.2%)
2025-10-25 16:29:32,314 - nmf_localizer.core.usm_trainer - INFO - W statistics: min=0.000000, max=0.661043, mean=0.003465
2025-10-25 16:29:32,314 - nmf_localizer.core.usm_trainer - INFO - Speaker 65: W shape torch.Size([346, 50]), loss 0.090391
2025-10-25 16:29:32,314 - nmf_localizer.core.usm_trainer - INFO - Training speaker model: input shape torch.Size([346, 286])
2025-10-25 16:29:32,314 - nmf_localizer.core.usm_trainer - INFO - NMF fitting: V shape torch.Size([346, 286]), n_components 50
2025-10-25 16:29:32,314 - nmf_localizer.core.usm_trainer - INFO - Input data statistics: mean=8.10e-04, std=1.21e-03, max=1.47e-02
/opt/anaconda3/lib/python3.12/site-packages/sklearn/decomposition/_nmf.py:1742: ConvergenceWarning: Maximum number of iterations 1000 reached. Increase it to improve convergence.
  warnings.warn(
2025-10-25 16:29:35,490 - nmf_localizer.core.usm_trainer - INFO - NMF completed: 1000 iterations, final loss: 0.075431
2025-10-25 16:29:35,490 - nmf_localizer.core.usm_trainer - INFO - W non-zero elements: 7342/17300 (42.4%)
2025-10-25 16:29:35,491 - nmf_localizer.core.usm_trainer - INFO - W statistics: min=0.000000, max=0.757785, mean=0.002998
2025-10-25 16:29:35,491 - nmf_localizer.core.usm_trainer - INFO - Speaker 66: W shape torch.Size([346, 50]), loss 0.075431
2025-10-25 16:29:35,491 - nmf_localizer.core.usm_trainer - INFO - Training speaker model: input shape torch.Size([346, 286])
2025-10-25 16:29:35,491 - nmf_localizer.core.usm_trainer - INFO - NMF fitting: V shape torch.Size([346, 286]), n_components 50
2025-10-25 16:29:35,491 - nmf_localizer.core.usm_trainer - INFO - Input data statistics: mean=8.14e-04, std=1.21e-03, max=1.44e-02
/opt/anaconda3/lib/python3.12/site-packages/sklearn/decomposition/_nmf.py:1742: ConvergenceWarning: Maximum number of iterations 1000 reached. Increase it to improve convergence.
  warnings.warn(
2025-10-25 16:29:39,050 - nmf_localizer.core.usm_trainer - INFO - NMF completed: 1000 iterations, final loss: 0.075937
2025-10-25 16:29:39,050 - nmf_localizer.core.usm_trainer - INFO - W non-zero elements: 7309/17300 (42.2%)
2025-10-25 16:29:39,050 - nmf_localizer.core.usm_trainer - INFO - W statistics: min=0.000000, max=0.529405, mean=0.002886
2025-10-25 16:29:39,050 - nmf_localizer.core.usm_trainer - INFO - Speaker 67: W shape torch.Size([346, 50]), loss 0.075937
2025-10-25 16:29:39,050 - nmf_localizer.core.usm_trainer - INFO - Training speaker model: input shape torch.Size([346, 286])
2025-10-25 16:29:39,050 - nmf_localizer.core.usm_trainer - INFO - NMF fitting: V shape torch.Size([346, 286]), n_components 50
2025-10-25 16:29:39,050 - nmf_localizer.core.usm_trainer - INFO - Input data statistics: mean=8.08e-04, std=1.20e-03, max=1.45e-02
/opt/anaconda3/lib/python3.12/site-packages/sklearn/decomposition/_nmf.py:1742: ConvergenceWarning: Maximum number of iterations 1000 reached. Increase it to improve convergence.
  warnings.warn(
2025-10-25 16:29:42,515 - nmf_localizer.core.usm_trainer - INFO - NMF completed: 1000 iterations, final loss: 0.075117
2025-10-25 16:29:42,515 - nmf_localizer.core.usm_trainer - INFO - W non-zero elements: 7597/17300 (43.9%)
2025-10-25 16:29:42,515 - nmf_localizer.core.usm_trainer - INFO - W statistics: min=0.000000, max=0.854371, mean=0.002944
2025-10-25 16:29:42,515 - nmf_localizer.core.usm_trainer - INFO - Speaker 68: W shape torch.Size([346, 50]), loss 0.075117
2025-10-25 16:29:42,515 - nmf_localizer.core.usm_trainer - INFO - Training speaker model: input shape torch.Size([346, 286])
2025-10-25 16:29:42,515 - nmf_localizer.core.usm_trainer - INFO - NMF fitting: V shape torch.Size([346, 286]), n_components 50
2025-10-25 16:29:42,515 - nmf_localizer.core.usm_trainer - INFO - Input data statistics: mean=8.64e-04, std=1.16e-03, max=1.65e-02
/opt/anaconda3/lib/python3.12/site-packages/sklearn/decomposition/_nmf.py:1742: ConvergenceWarning: Maximum number of iterations 1000 reached. Increase it to improve convergence.
  warnings.warn(
2025-10-25 16:29:46,028 - nmf_localizer.core.usm_trainer - INFO - NMF completed: 1000 iterations, final loss: 0.083117
2025-10-25 16:29:46,028 - nmf_localizer.core.usm_trainer - INFO - W non-zero elements: 7716/17300 (44.6%)
2025-10-25 16:29:46,028 - nmf_localizer.core.usm_trainer - INFO - W statistics: min=0.000000, max=0.519380, mean=0.003281
2025-10-25 16:29:46,028 - nmf_localizer.core.usm_trainer - INFO - Speaker 69: W shape torch.Size([346, 50]), loss 0.083117
2025-10-25 16:29:46,028 - nmf_localizer.core.usm_trainer - INFO - Training speaker model: input shape torch.Size([346, 286])
2025-10-25 16:29:46,028 - nmf_localizer.core.usm_trainer - INFO - NMF fitting: V shape torch.Size([346, 286]), n_components 50
2025-10-25 16:29:46,028 - nmf_localizer.core.usm_trainer - INFO - Input data statistics: mean=8.04e-04, std=1.08e-03, max=1.52e-02
/opt/anaconda3/lib/python3.12/site-packages/sklearn/decomposition/_nmf.py:1742: ConvergenceWarning: Maximum number of iterations 1000 reached. Increase it to improve convergence.
  warnings.warn(
2025-10-25 16:29:49,365 - nmf_localizer.core.usm_trainer - INFO - NMF completed: 1000 iterations, final loss: 0.077155
2025-10-25 16:29:49,365 - nmf_localizer.core.usm_trainer - INFO - W non-zero elements: 7691/17300 (44.5%)
2025-10-25 16:29:49,365 - nmf_localizer.core.usm_trainer - INFO - W statistics: min=0.000000, max=0.582860, mean=0.003184
2025-10-25 16:29:49,365 - nmf_localizer.core.usm_trainer - INFO - Speaker 70: W shape torch.Size([346, 50]), loss 0.077155
2025-10-25 16:29:49,365 - nmf_localizer.core.usm_trainer - INFO - Training speaker model: input shape torch.Size([346, 286])
2025-10-25 16:29:49,365 - nmf_localizer.core.usm_trainer - INFO - NMF fitting: V shape torch.Size([346, 286]), n_components 50
2025-10-25 16:29:49,365 - nmf_localizer.core.usm_trainer - INFO - Input data statistics: mean=8.01e-04, std=1.08e-03, max=1.50e-02
/opt/anaconda3/lib/python3.12/site-packages/sklearn/decomposition/_nmf.py:1742: ConvergenceWarning: Maximum number of iterations 1000 reached. Increase it to improve convergence.
  warnings.warn(
2025-10-25 16:29:52,986 - nmf_localizer.core.usm_trainer - INFO - NMF completed: 1000 iterations, final loss: 0.076876
2025-10-25 16:29:52,986 - nmf_localizer.core.usm_trainer - INFO - W non-zero elements: 7757/17300 (44.8%)
2025-10-25 16:29:52,986 - nmf_localizer.core.usm_trainer - INFO - W statistics: min=0.000000, max=0.521701, mean=0.003152
2025-10-25 16:29:52,986 - nmf_localizer.core.usm_trainer - INFO - Speaker 71: W shape torch.Size([346, 50]), loss 0.076876
2025-10-25 16:29:52,986 - nmf_localizer.core.usm_trainer - INFO - Training speaker model: input shape torch.Size([346, 286])
2025-10-25 16:29:52,986 - nmf_localizer.core.usm_trainer - INFO - NMF fitting: V shape torch.Size([346, 286]), n_components 50
2025-10-25 16:29:52,987 - nmf_localizer.core.usm_trainer - INFO - Input data statistics: mean=8.38e-04, std=1.19e-03, max=1.66e-02
/opt/anaconda3/lib/python3.12/site-packages/sklearn/decomposition/_nmf.py:1742: ConvergenceWarning: Maximum number of iterations 1000 reached. Increase it to improve convergence.
  warnings.warn(
2025-10-25 16:29:56,425 - nmf_localizer.core.usm_trainer - INFO - NMF completed: 1000 iterations, final loss: 0.081365
2025-10-25 16:29:56,425 - nmf_localizer.core.usm_trainer - INFO - W non-zero elements: 7618/17300 (44.0%)
2025-10-25 16:29:56,425 - nmf_localizer.core.usm_trainer - INFO - W statistics: min=0.000000, max=0.534486, mean=0.003037
2025-10-25 16:29:56,425 - nmf_localizer.core.usm_trainer - INFO - Speaker 72: W shape torch.Size([346, 50]), loss 0.081365
2025-10-25 16:29:56,425 - nmf_localizer.core.usm_trainer - INFO - Training speaker model: input shape torch.Size([346, 286])
2025-10-25 16:29:56,425 - nmf_localizer.core.usm_trainer - INFO - NMF fitting: V shape torch.Size([346, 286]), n_components 50
2025-10-25 16:29:56,425 - nmf_localizer.core.usm_trainer - INFO - Input data statistics: mean=8.12e-04, std=1.16e-03, max=1.53e-02
/opt/anaconda3/lib/python3.12/site-packages/sklearn/decomposition/_nmf.py:1742: ConvergenceWarning: Maximum number of iterations 1000 reached. Increase it to improve convergence.
  warnings.warn(
2025-10-25 16:30:00,335 - nmf_localizer.core.usm_trainer - INFO - NMF completed: 1000 iterations, final loss: 0.078879
2025-10-25 16:30:00,335 - nmf_localizer.core.usm_trainer - INFO - W non-zero elements: 7655/17300 (44.2%)
2025-10-25 16:30:00,335 - nmf_localizer.core.usm_trainer - INFO - W statistics: min=0.000000, max=0.518301, mean=0.002926
2025-10-25 16:30:00,336 - nmf_localizer.core.usm_trainer - INFO - Speaker 73: W shape torch.Size([346, 50]), loss 0.078879
2025-10-25 16:30:00,336 - nmf_localizer.core.usm_trainer - INFO - Training speaker model: input shape torch.Size([346, 286])
2025-10-25 16:30:00,336 - nmf_localizer.core.usm_trainer - INFO - NMF fitting: V shape torch.Size([346, 286]), n_components 50
2025-10-25 16:30:00,336 - nmf_localizer.core.usm_trainer - INFO - Input data statistics: mean=7.95e-04, std=1.13e-03, max=1.44e-02
/opt/anaconda3/lib/python3.12/site-packages/sklearn/decomposition/_nmf.py:1742: ConvergenceWarning: Maximum number of iterations 1000 reached. Increase it to improve convergence.
  warnings.warn(
2025-10-25 16:30:03,635 - nmf_localizer.core.usm_trainer - INFO - NMF completed: 1000 iterations, final loss: 0.076948
2025-10-25 16:30:03,635 - nmf_localizer.core.usm_trainer - INFO - W non-zero elements: 7622/17300 (44.1%)
2025-10-25 16:30:03,635 - nmf_localizer.core.usm_trainer - INFO - W statistics: min=0.000000, max=0.571207, mean=0.002934
2025-10-25 16:30:03,635 - nmf_localizer.core.usm_trainer - INFO - Speaker 74: W shape torch.Size([346, 50]), loss 0.076948
2025-10-25 16:30:03,635 - nmf_localizer.core.usm_trainer - INFO - Training speaker model: input shape torch.Size([346, 286])
2025-10-25 16:30:03,635 - nmf_localizer.core.usm_trainer - INFO - NMF fitting: V shape torch.Size([346, 286]), n_components 50
2025-10-25 16:30:03,635 - nmf_localizer.core.usm_trainer - INFO - Input data statistics: mean=9.27e-04, std=1.19e-03, max=1.57e-02
/opt/anaconda3/lib/python3.12/site-packages/sklearn/decomposition/_nmf.py:1742: ConvergenceWarning: Maximum number of iterations 1000 reached. Increase it to improve convergence.
  warnings.warn(
2025-10-25 16:30:07,250 - nmf_localizer.core.usm_trainer - INFO - NMF completed: 1000 iterations, final loss: 0.093980
2025-10-25 16:30:07,250 - nmf_localizer.core.usm_trainer - INFO - W non-zero elements: 8018/17300 (46.3%)
2025-10-25 16:30:07,250 - nmf_localizer.core.usm_trainer - INFO - W statistics: min=0.000000, max=0.501114, mean=0.003381
2025-10-25 16:30:07,250 - nmf_localizer.core.usm_trainer - INFO - Speaker 75: W shape torch.Size([346, 50]), loss 0.093980
2025-10-25 16:30:07,250 - nmf_localizer.core.usm_trainer - INFO - Training speaker model: input shape torch.Size([346, 286])
2025-10-25 16:30:07,250 - nmf_localizer.core.usm_trainer - INFO - NMF fitting: V shape torch.Size([346, 286]), n_components 50
2025-10-25 16:30:07,250 - nmf_localizer.core.usm_trainer - INFO - Input data statistics: mean=9.73e-04, std=1.25e-03, max=1.71e-02
/opt/anaconda3/lib/python3.12/site-packages/sklearn/decomposition/_nmf.py:1742: ConvergenceWarning: Maximum number of iterations 1000 reached. Increase it to improve convergence.
  warnings.warn(
2025-10-25 16:30:10,389 - nmf_localizer.core.usm_trainer - INFO - NMF completed: 1000 iterations, final loss: 0.098826
2025-10-25 16:30:10,389 - nmf_localizer.core.usm_trainer - INFO - W non-zero elements: 7915/17300 (45.8%)
2025-10-25 16:30:10,389 - nmf_localizer.core.usm_trainer - INFO - W statistics: min=0.000000, max=0.464998, mean=0.003326
2025-10-25 16:30:10,389 - nmf_localizer.core.usm_trainer - INFO - Speaker 76: W shape torch.Size([346, 50]), loss 0.098826
2025-10-25 16:30:10,389 - nmf_localizer.core.usm_trainer - INFO - Training speaker model: input shape torch.Size([346, 286])
2025-10-25 16:30:10,389 - nmf_localizer.core.usm_trainer - INFO - NMF fitting: V shape torch.Size([346, 286]), n_components 50
2025-10-25 16:30:10,389 - nmf_localizer.core.usm_trainer - INFO - Input data statistics: mean=8.98e-04, std=1.15e-03, max=1.58e-02
/opt/anaconda3/lib/python3.12/site-packages/sklearn/decomposition/_nmf.py:1742: ConvergenceWarning: Maximum number of iterations 1000 reached. Increase it to improve convergence.
  warnings.warn(
2025-10-25 16:30:14,310 - nmf_localizer.core.usm_trainer - INFO - NMF completed: 1000 iterations, final loss: 0.090817
2025-10-25 16:30:14,310 - nmf_localizer.core.usm_trainer - INFO - W non-zero elements: 7842/17300 (45.3%)
2025-10-25 16:30:14,310 - nmf_localizer.core.usm_trainer - INFO - W statistics: min=0.000000, max=0.482347, mean=0.003151
2025-10-25 16:30:14,310 - nmf_localizer.core.usm_trainer - INFO - Speaker 77: W shape torch.Size([346, 50]), loss 0.090817
2025-10-25 16:30:14,310 - nmf_localizer.core.usm_trainer - INFO - Training speaker model: input shape torch.Size([346, 286])
2025-10-25 16:30:14,310 - nmf_localizer.core.usm_trainer - INFO - NMF fitting: V shape torch.Size([346, 286]), n_components 50
2025-10-25 16:30:14,310 - nmf_localizer.core.usm_trainer - INFO - Input data statistics: mean=6.52e-04, std=8.89e-04, max=1.28e-02
/opt/anaconda3/lib/python3.12/site-packages/sklearn/decomposition/_nmf.py:1742: ConvergenceWarning: Maximum number of iterations 1000 reached. Increase it to improve convergence.
  warnings.warn(
2025-10-25 16:30:18,031 - nmf_localizer.core.usm_trainer - INFO - NMF completed: 1000 iterations, final loss: 0.061137
2025-10-25 16:30:18,031 - nmf_localizer.core.usm_trainer - INFO - W non-zero elements: 7894/17300 (45.6%)
2025-10-25 16:30:18,031 - nmf_localizer.core.usm_trainer - INFO - W statistics: min=0.000000, max=0.453609, mean=0.002702
2025-10-25 16:30:18,031 - nmf_localizer.core.usm_trainer - INFO - Speaker 78: W shape torch.Size([346, 50]), loss 0.061137
2025-10-25 16:30:18,031 - nmf_localizer.core.usm_trainer - INFO - Training speaker model: input shape torch.Size([346, 286])
2025-10-25 16:30:18,031 - nmf_localizer.core.usm_trainer - INFO - NMF fitting: V shape torch.Size([346, 286]), n_components 50
2025-10-25 16:30:18,031 - nmf_localizer.core.usm_trainer - INFO - Input data statistics: mean=6.28e-04, std=8.58e-04, max=1.29e-02
/opt/anaconda3/lib/python3.12/site-packages/sklearn/decomposition/_nmf.py:1742: ConvergenceWarning: Maximum number of iterations 1000 reached. Increase it to improve convergence.
  warnings.warn(
2025-10-25 16:30:21,521 - nmf_localizer.core.usm_trainer - INFO - NMF completed: 1000 iterations, final loss: 0.059106
2025-10-25 16:30:21,521 - nmf_localizer.core.usm_trainer - INFO - W non-zero elements: 7772/17300 (44.9%)
2025-10-25 16:30:21,521 - nmf_localizer.core.usm_trainer - INFO - W statistics: min=0.000000, max=0.511708, mean=0.002823
2025-10-25 16:30:21,521 - nmf_localizer.core.usm_trainer - INFO - Speaker 79: W shape torch.Size([346, 50]), loss 0.059106
2025-10-25 16:30:21,521 - nmf_localizer.core.usm_trainer - INFO - Training speaker model: input shape torch.Size([346, 286])
2025-10-25 16:30:21,521 - nmf_localizer.core.usm_trainer - INFO - NMF fitting: V shape torch.Size([346, 286]), n_components 50
2025-10-25 16:30:21,521 - nmf_localizer.core.usm_trainer - INFO - Input data statistics: mean=6.48e-04, std=8.85e-04, max=1.37e-02
/opt/anaconda3/lib/python3.12/site-packages/sklearn/decomposition/_nmf.py:1742: ConvergenceWarning: Maximum number of iterations 1000 reached. Increase it to improve convergence.
  warnings.warn(
2025-10-25 16:30:24,626 - nmf_localizer.core.usm_trainer - INFO - NMF completed: 1000 iterations, final loss: 0.061198
2025-10-25 16:30:24,626 - nmf_localizer.core.usm_trainer - INFO - W non-zero elements: 7807/17300 (45.1%)
2025-10-25 16:30:24,626 - nmf_localizer.core.usm_trainer - INFO - W statistics: min=0.000000, max=0.463081, mean=0.002800
2025-10-25 16:30:24,626 - nmf_localizer.core.usm_trainer - INFO - Speaker 80: W shape torch.Size([346, 50]), loss 0.061198
2025-10-25 16:30:24,626 - nmf_localizer.core.usm_trainer - INFO - Training speaker model: input shape torch.Size([346, 286])
2025-10-25 16:30:24,626 - nmf_localizer.core.usm_trainer - INFO - NMF fitting: V shape torch.Size([346, 286]), n_components 50
2025-10-25 16:30:24,626 - nmf_localizer.core.usm_trainer - INFO - Input data statistics: mean=4.90e-04, std=6.11e-04, max=7.62e-03
/opt/anaconda3/lib/python3.12/site-packages/sklearn/decomposition/_nmf.py:1742: ConvergenceWarning: Maximum number of iterations 1000 reached. Increase it to improve convergence.
  warnings.warn(
2025-10-25 16:30:28,667 - nmf_localizer.core.usm_trainer - INFO - NMF completed: 1000 iterations, final loss: 0.048852
2025-10-25 16:30:28,667 - nmf_localizer.core.usm_trainer - INFO - W non-zero elements: 8040/17300 (46.5%)
2025-10-25 16:30:28,667 - nmf_localizer.core.usm_trainer - INFO - W statistics: min=0.000000, max=0.388050, mean=0.002371
2025-10-25 16:30:28,667 - nmf_localizer.core.usm_trainer - INFO - Speaker 81: W shape torch.Size([346, 50]), loss 0.048852
2025-10-25 16:30:28,667 - nmf_localizer.core.usm_trainer - INFO - Training speaker model: input shape torch.Size([346, 286])
2025-10-25 16:30:28,667 - nmf_localizer.core.usm_trainer - INFO - NMF fitting: V shape torch.Size([346, 286]), n_components 50
2025-10-25 16:30:28,667 - nmf_localizer.core.usm_trainer - INFO - Input data statistics: mean=6.48e-04, std=8.06e-04, max=9.84e-03
/opt/anaconda3/lib/python3.12/site-packages/sklearn/decomposition/_nmf.py:1742: ConvergenceWarning: Maximum number of iterations 1000 reached. Increase it to improve convergence.
  warnings.warn(
2025-10-25 16:30:32,425 - nmf_localizer.core.usm_trainer - INFO - NMF completed: 1000 iterations, final loss: 0.064425
2025-10-25 16:30:32,425 - nmf_localizer.core.usm_trainer - INFO - W non-zero elements: 7939/17300 (45.9%)
2025-10-25 16:30:32,426 - nmf_localizer.core.usm_trainer - INFO - W statistics: min=0.000000, max=0.388632, mean=0.002754
2025-10-25 16:30:32,426 - nmf_localizer.core.usm_trainer - INFO - Speaker 82: W shape torch.Size([346, 50]), loss 0.064425
2025-10-25 16:30:32,426 - nmf_localizer.core.usm_trainer - INFO - Training speaker model: input shape torch.Size([346, 286])
2025-10-25 16:30:32,426 - nmf_localizer.core.usm_trainer - INFO - NMF fitting: V shape torch.Size([346, 286]), n_components 50
2025-10-25 16:30:32,426 - nmf_localizer.core.usm_trainer - INFO - Input data statistics: mean=4.40e-04, std=5.53e-04, max=7.10e-03
/opt/anaconda3/lib/python3.12/site-packages/sklearn/decomposition/_nmf.py:1742: ConvergenceWarning: Maximum number of iterations 1000 reached. Increase it to improve convergence.
  warnings.warn(
2025-10-25 16:30:35,951 - nmf_localizer.core.usm_trainer - INFO - NMF completed: 1000 iterations, final loss: 0.043346
2025-10-25 16:30:35,951 - nmf_localizer.core.usm_trainer - INFO - W non-zero elements: 7962/17300 (46.0%)
2025-10-25 16:30:35,951 - nmf_localizer.core.usm_trainer - INFO - W statistics: min=0.000000, max=0.333986, mean=0.002425
2025-10-25 16:30:35,951 - nmf_localizer.core.usm_trainer - INFO - Speaker 83: W shape torch.Size([346, 50]), loss 0.043346
2025-10-25 16:30:35,951 - nmf_localizer.core.usm_trainer - INFO - Training speaker model: input shape torch.Size([346, 286])
2025-10-25 16:30:35,951 - nmf_localizer.core.usm_trainer - INFO - NMF fitting: V shape torch.Size([346, 286]), n_components 50
2025-10-25 16:30:35,951 - nmf_localizer.core.usm_trainer - INFO - Input data statistics: mean=7.28e-04, std=9.70e-04, max=1.46e-02
/opt/anaconda3/lib/python3.12/site-packages/sklearn/decomposition/_nmf.py:1742: ConvergenceWarning: Maximum number of iterations 1000 reached. Increase it to improve convergence.
  warnings.warn(
2025-10-25 16:30:38,998 - nmf_localizer.core.usm_trainer - INFO - NMF completed: 1000 iterations, final loss: 0.072524
2025-10-25 16:30:38,998 - nmf_localizer.core.usm_trainer - INFO - W non-zero elements: 7338/17300 (42.4%)
2025-10-25 16:30:38,998 - nmf_localizer.core.usm_trainer - INFO - W statistics: min=0.000000, max=0.426983, mean=0.002929
2025-10-25 16:30:38,998 - nmf_localizer.core.usm_trainer - INFO - Speaker 84: W shape torch.Size([346, 50]), loss 0.072524
2025-10-25 16:30:38,998 - nmf_localizer.core.usm_trainer - INFO - Training speaker model: input shape torch.Size([346, 286])
2025-10-25 16:30:38,998 - nmf_localizer.core.usm_trainer - INFO - NMF fitting: V shape torch.Size([346, 286]), n_components 50
2025-10-25 16:30:38,998 - nmf_localizer.core.usm_trainer - INFO - Input data statistics: mean=5.37e-04, std=7.14e-04, max=1.05e-02
/opt/anaconda3/lib/python3.12/site-packages/sklearn/decomposition/_nmf.py:1742: ConvergenceWarning: Maximum number of iterations 1000 reached. Increase it to improve convergence.
  warnings.warn(
2025-10-25 16:30:42,511 - nmf_localizer.core.usm_trainer - INFO - NMF completed: 1000 iterations, final loss: 0.053193
2025-10-25 16:30:42,511 - nmf_localizer.core.usm_trainer - INFO - W non-zero elements: 7814/17300 (45.2%)
2025-10-25 16:30:42,511 - nmf_localizer.core.usm_trainer - INFO - W statistics: min=0.000000, max=0.420303, mean=0.002531
2025-10-25 16:30:42,511 - nmf_localizer.core.usm_trainer - INFO - Speaker 85: W shape torch.Size([346, 50]), loss 0.053193
2025-10-25 16:30:42,511 - nmf_localizer.core.usm_trainer - INFO - Training speaker model: input shape torch.Size([346, 286])
2025-10-25 16:30:42,511 - nmf_localizer.core.usm_trainer - INFO - NMF fitting: V shape torch.Size([346, 286]), n_components 50
2025-10-25 16:30:42,511 - nmf_localizer.core.usm_trainer - INFO - Input data statistics: mean=7.06e-04, std=9.41e-04, max=1.40e-02
/opt/anaconda3/lib/python3.12/site-packages/sklearn/decomposition/_nmf.py:1742: ConvergenceWarning: Maximum number of iterations 1000 reached. Increase it to improve convergence.
  warnings.warn(
2025-10-25 16:30:45,640 - nmf_localizer.core.usm_trainer - INFO - NMF completed: 1000 iterations, final loss: 0.070428
2025-10-25 16:30:45,640 - nmf_localizer.core.usm_trainer - INFO - W non-zero elements: 7686/17300 (44.4%)
2025-10-25 16:30:45,641 - nmf_localizer.core.usm_trainer - INFO - W statistics: min=0.000000, max=0.758393, mean=0.002804
2025-10-25 16:30:45,641 - nmf_localizer.core.usm_trainer - INFO - Speaker 86: W shape torch.Size([346, 50]), loss 0.070428
2025-10-25 16:30:45,641 - nmf_localizer.core.usm_trainer - INFO - Training speaker model: input shape torch.Size([346, 286])
2025-10-25 16:30:45,641 - nmf_localizer.core.usm_trainer - INFO - NMF fitting: V shape torch.Size([346, 286]), n_components 50
2025-10-25 16:30:45,641 - nmf_localizer.core.usm_trainer - INFO - Input data statistics: mean=6.81e-04, std=9.05e-04, max=1.37e-02
/opt/anaconda3/lib/python3.12/site-packages/sklearn/decomposition/_nmf.py:1742: ConvergenceWarning: Maximum number of iterations 1000 reached. Increase it to improve convergence.
  warnings.warn(
2025-10-25 16:30:49,234 - nmf_localizer.core.usm_trainer - INFO - NMF completed: 1000 iterations, final loss: 0.066701
2025-10-25 16:30:49,234 - nmf_localizer.core.usm_trainer - INFO - W non-zero elements: 7912/17300 (45.7%)
2025-10-25 16:30:49,234 - nmf_localizer.core.usm_trainer - INFO - W statistics: min=0.000000, max=0.428093, mean=0.002824
2025-10-25 16:30:49,234 - nmf_localizer.core.usm_trainer - INFO - Speaker 87: W shape torch.Size([346, 50]), loss 0.066701
2025-10-25 16:30:49,234 - nmf_localizer.core.usm_trainer - INFO - Training speaker model: input shape torch.Size([346, 286])
2025-10-25 16:30:49,234 - nmf_localizer.core.usm_trainer - INFO - NMF fitting: V shape torch.Size([346, 286]), n_components 50
2025-10-25 16:30:49,234 - nmf_localizer.core.usm_trainer - INFO - Input data statistics: mean=7.56e-04, std=1.01e-03, max=1.49e-02
/opt/anaconda3/lib/python3.12/site-packages/sklearn/decomposition/_nmf.py:1742: ConvergenceWarning: Maximum number of iterations 1000 reached. Increase it to improve convergence.
  warnings.warn(
2025-10-25 16:30:52,296 - nmf_localizer.core.usm_trainer - INFO - NMF completed: 1000 iterations, final loss: 0.073913
2025-10-25 16:30:52,296 - nmf_localizer.core.usm_trainer - INFO - W non-zero elements: 7906/17300 (45.7%)
2025-10-25 16:30:52,296 - nmf_localizer.core.usm_trainer - INFO - W statistics: min=0.000000, max=0.411216, mean=0.003104
2025-10-25 16:30:52,296 - nmf_localizer.core.usm_trainer - INFO - Speaker 88: W shape torch.Size([346, 50]), loss 0.073913
2025-10-25 16:30:52,296 - nmf_localizer.core.usm_trainer - INFO - Training speaker model: input shape torch.Size([346, 286])
2025-10-25 16:30:52,296 - nmf_localizer.core.usm_trainer - INFO - NMF fitting: V shape torch.Size([346, 286]), n_components 50
2025-10-25 16:30:52,296 - nmf_localizer.core.usm_trainer - INFO - Input data statistics: mean=7.19e-04, std=9.56e-04, max=1.42e-02
/opt/anaconda3/lib/python3.12/site-packages/sklearn/decomposition/_nmf.py:1742: ConvergenceWarning: Maximum number of iterations 1000 reached. Increase it to improve convergence.
  warnings.warn(
2025-10-25 16:30:56,107 - nmf_localizer.core.usm_trainer - INFO - NMF completed: 1000 iterations, final loss: 0.070409
2025-10-25 16:30:56,107 - nmf_localizer.core.usm_trainer - INFO - W non-zero elements: 7820/17300 (45.2%)
2025-10-25 16:30:56,107 - nmf_localizer.core.usm_trainer - INFO - W statistics: min=0.000000, max=0.542739, mean=0.002971
2025-10-25 16:30:56,107 - nmf_localizer.core.usm_trainer - INFO - Speaker 89: W shape torch.Size([346, 50]), loss 0.070409
2025-10-25 16:30:56,107 - nmf_localizer.core.usm_trainer - INFO - Training speaker model: input shape torch.Size([346, 286])
2025-10-25 16:30:56,108 - nmf_localizer.core.usm_trainer - INFO - NMF fitting: V shape torch.Size([346, 286]), n_components 50
2025-10-25 16:30:56,108 - nmf_localizer.core.usm_trainer - INFO - Input data statistics: mean=8.33e-04, std=1.19e-03, max=1.93e-02
/opt/anaconda3/lib/python3.12/site-packages/sklearn/decomposition/_nmf.py:1742: ConvergenceWarning: Maximum number of iterations 1000 reached. Increase it to improve convergence.
  warnings.warn(
2025-10-25 16:30:59,635 - nmf_localizer.core.usm_trainer - INFO - NMF completed: 1000 iterations, final loss: 0.077685
2025-10-25 16:30:59,635 - nmf_localizer.core.usm_trainer - INFO - W non-zero elements: 7860/17300 (45.4%)
2025-10-25 16:30:59,635 - nmf_localizer.core.usm_trainer - INFO - W statistics: min=0.000000, max=0.625765, mean=0.003222
2025-10-25 16:30:59,635 - nmf_localizer.core.usm_trainer - INFO - Speaker 90: W shape torch.Size([346, 50]), loss 0.077685
2025-10-25 16:30:59,635 - nmf_localizer.core.usm_trainer - INFO - Training speaker model: input shape torch.Size([346, 286])
2025-10-25 16:30:59,635 - nmf_localizer.core.usm_trainer - INFO - NMF fitting: V shape torch.Size([346, 286]), n_components 50
2025-10-25 16:30:59,636 - nmf_localizer.core.usm_trainer - INFO - Input data statistics: mean=7.76e-04, std=1.10e-03, max=1.80e-02
/opt/anaconda3/lib/python3.12/site-packages/sklearn/decomposition/_nmf.py:1742: ConvergenceWarning: Maximum number of iterations 1000 reached. Increase it to improve convergence.
  warnings.warn(
2025-10-25 16:31:03,313 - nmf_localizer.core.usm_trainer - INFO - NMF completed: 1000 iterations, final loss: 0.072588
2025-10-25 16:31:03,313 - nmf_localizer.core.usm_trainer - INFO - W non-zero elements: 7773/17300 (44.9%)
2025-10-25 16:31:03,313 - nmf_localizer.core.usm_trainer - INFO - W statistics: min=0.000000, max=0.686383, mean=0.003134
2025-10-25 16:31:03,313 - nmf_localizer.core.usm_trainer - INFO - Speaker 91: W shape torch.Size([346, 50]), loss 0.072588
2025-10-25 16:31:03,313 - nmf_localizer.core.usm_trainer - INFO - Training speaker model: input shape torch.Size([346, 286])
2025-10-25 16:31:03,313 - nmf_localizer.core.usm_trainer - INFO - NMF fitting: V shape torch.Size([346, 286]), n_components 50
2025-10-25 16:31:03,313 - nmf_localizer.core.usm_trainer - INFO - Input data statistics: mean=8.24e-04, std=1.17e-03, max=1.84e-02
/opt/anaconda3/lib/python3.12/site-packages/sklearn/decomposition/_nmf.py:1742: ConvergenceWarning: Maximum number of iterations 1000 reached. Increase it to improve convergence.
  warnings.warn(
2025-10-25 16:31:06,289 - nmf_localizer.core.usm_trainer - INFO - NMF completed: 1000 iterations, final loss: 0.077186
2025-10-25 16:31:06,289 - nmf_localizer.core.usm_trainer - INFO - W non-zero elements: 7736/17300 (44.7%)
2025-10-25 16:31:06,289 - nmf_localizer.core.usm_trainer - INFO - W statistics: min=0.000000, max=0.650260, mean=0.003072
2025-10-25 16:31:06,289 - nmf_localizer.core.usm_trainer - INFO - Speaker 92: W shape torch.Size([346, 50]), loss 0.077186
2025-10-25 16:31:06,289 - nmf_localizer.core.usm_trainer - INFO - Training speaker model: input shape torch.Size([346, 286])
2025-10-25 16:31:06,289 - nmf_localizer.core.usm_trainer - INFO - NMF fitting: V shape torch.Size([346, 286]), n_components 50
2025-10-25 16:31:06,289 - nmf_localizer.core.usm_trainer - INFO - Input data statistics: mean=7.42e-04, std=1.08e-03, max=1.64e-02
/opt/anaconda3/lib/python3.12/site-packages/sklearn/decomposition/_nmf.py:1742: ConvergenceWarning: Maximum number of iterations 1000 reached. Increase it to improve convergence.
  warnings.warn(
2025-10-25 16:31:09,912 - nmf_localizer.core.usm_trainer - INFO - NMF completed: 1000 iterations, final loss: 0.067814
2025-10-25 16:31:09,912 - nmf_localizer.core.usm_trainer - INFO - W non-zero elements: 7894/17300 (45.6%)
2025-10-25 16:31:09,912 - nmf_localizer.core.usm_trainer - INFO - W statistics: min=0.000000, max=0.608692, mean=0.002738
2025-10-25 16:31:09,912 - nmf_localizer.core.usm_trainer - INFO - Speaker 93: W shape torch.Size([346, 50]), loss 0.067814
2025-10-25 16:31:09,912 - nmf_localizer.core.usm_trainer - INFO - Training speaker model: input shape torch.Size([346, 286])
2025-10-25 16:31:09,912 - nmf_localizer.core.usm_trainer - INFO - NMF fitting: V shape torch.Size([346, 286]), n_components 50
2025-10-25 16:31:09,913 - nmf_localizer.core.usm_trainer - INFO - Input data statistics: mean=6.79e-04, std=9.89e-04, max=1.51e-02
/opt/anaconda3/lib/python3.12/site-packages/sklearn/decomposition/_nmf.py:1742: ConvergenceWarning: Maximum number of iterations 1000 reached. Increase it to improve convergence.
  warnings.warn(
2025-10-25 16:31:13,234 - nmf_localizer.core.usm_trainer - INFO - NMF completed: 1000 iterations, final loss: 0.061971
2025-10-25 16:31:13,234 - nmf_localizer.core.usm_trainer - INFO - W non-zero elements: 7846/17300 (45.4%)
2025-10-25 16:31:13,234 - nmf_localizer.core.usm_trainer - INFO - W statistics: min=0.000000, max=0.622360, mean=0.002739
2025-10-25 16:31:13,234 - nmf_localizer.core.usm_trainer - INFO - Speaker 94: W shape torch.Size([346, 50]), loss 0.061971
2025-10-25 16:31:13,234 - nmf_localizer.core.usm_trainer - INFO - Training speaker model: input shape torch.Size([346, 286])
2025-10-25 16:31:13,234 - nmf_localizer.core.usm_trainer - INFO - NMF fitting: V shape torch.Size([346, 286]), n_components 50
2025-10-25 16:31:13,235 - nmf_localizer.core.usm_trainer - INFO - Input data statistics: mean=6.32e-04, std=9.19e-04, max=1.37e-02
/opt/anaconda3/lib/python3.12/site-packages/sklearn/decomposition/_nmf.py:1742: ConvergenceWarning: Maximum number of iterations 1000 reached. Increase it to improve convergence.
  warnings.warn(
2025-10-25 16:31:16,899 - nmf_localizer.core.usm_trainer - INFO - NMF completed: 1000 iterations, final loss: 0.057536
2025-10-25 16:31:16,899 - nmf_localizer.core.usm_trainer - INFO - W non-zero elements: 7801/17300 (45.1%)
2025-10-25 16:31:16,899 - nmf_localizer.core.usm_trainer - INFO - W statistics: min=0.000000, max=0.560929, mean=0.002718
2025-10-25 16:31:16,900 - nmf_localizer.core.usm_trainer - INFO - Speaker 95: W shape torch.Size([346, 50]), loss 0.057536
2025-10-25 16:31:16,900 - nmf_localizer.core.usm_trainer - INFO - Training speaker model: input shape torch.Size([346, 286])
2025-10-25 16:31:16,900 - nmf_localizer.core.usm_trainer - INFO - NMF fitting: V shape torch.Size([346, 286]), n_components 50
2025-10-25 16:31:16,900 - nmf_localizer.core.usm_trainer - INFO - Input data statistics: mean=8.89e-04, std=1.31e-03, max=1.83e-02
/opt/anaconda3/lib/python3.12/site-packages/sklearn/decomposition/_nmf.py:1742: ConvergenceWarning: Maximum number of iterations 1000 reached. Increase it to improve convergence.
  warnings.warn(
2025-10-25 16:31:19,902 - nmf_localizer.core.usm_trainer - INFO - NMF completed: 1000 iterations, final loss: 0.076850
2025-10-25 16:31:19,902 - nmf_localizer.core.usm_trainer - INFO - W non-zero elements: 7703/17300 (44.5%)
2025-10-25 16:31:19,902 - nmf_localizer.core.usm_trainer - INFO - W statistics: min=0.000000, max=0.602952, mean=0.003107
2025-10-25 16:31:19,902 - nmf_localizer.core.usm_trainer - INFO - Speaker 96: W shape torch.Size([346, 50]), loss 0.076850
2025-10-25 16:31:19,902 - nmf_localizer.core.usm_trainer - INFO - Training speaker model: input shape torch.Size([346, 286])
2025-10-25 16:31:19,902 - nmf_localizer.core.usm_trainer - INFO - NMF fitting: V shape torch.Size([346, 286]), n_components 50
2025-10-25 16:31:19,903 - nmf_localizer.core.usm_trainer - INFO - Input data statistics: mean=7.94e-04, std=1.17e-03, max=1.63e-02
/opt/anaconda3/lib/python3.12/site-packages/sklearn/decomposition/_nmf.py:1742: ConvergenceWarning: Maximum number of iterations 1000 reached. Increase it to improve convergence.
  warnings.warn(
2025-10-25 16:31:23,534 - nmf_localizer.core.usm_trainer - INFO - NMF completed: 1000 iterations, final loss: 0.068566
2025-10-25 16:31:23,534 - nmf_localizer.core.usm_trainer - INFO - W non-zero elements: 7571/17300 (43.8%)
2025-10-25 16:31:23,534 - nmf_localizer.core.usm_trainer - INFO - W statistics: min=0.000000, max=0.741532, mean=0.003080
2025-10-25 16:31:23,534 - nmf_localizer.core.usm_trainer - INFO - Speaker 97: W shape torch.Size([346, 50]), loss 0.068566
2025-10-25 16:31:23,534 - nmf_localizer.core.usm_trainer - INFO - Training speaker model: input shape torch.Size([346, 286])
2025-10-25 16:31:23,534 - nmf_localizer.core.usm_trainer - INFO - NMF fitting: V shape torch.Size([346, 286]), n_components 50
2025-10-25 16:31:23,534 - nmf_localizer.core.usm_trainer - INFO - Input data statistics: mean=8.31e-04, std=1.23e-03, max=1.69e-02
/opt/anaconda3/lib/python3.12/site-packages/sklearn/decomposition/_nmf.py:1742: ConvergenceWarning: Maximum number of iterations 1000 reached. Increase it to improve convergence.
  warnings.warn(
2025-10-25 16:31:27,066 - nmf_localizer.core.usm_trainer - INFO - NMF completed: 1000 iterations, final loss: 0.071937
2025-10-25 16:31:27,067 - nmf_localizer.core.usm_trainer - INFO - W non-zero elements: 7489/17300 (43.3%)
2025-10-25 16:31:27,067 - nmf_localizer.core.usm_trainer - INFO - W statistics: min=0.000000, max=0.739750, mean=0.002960
2025-10-25 16:31:27,067 - nmf_localizer.core.usm_trainer - INFO - Speaker 98: W shape torch.Size([346, 50]), loss 0.071937
2025-10-25 16:31:27,067 - nmf_localizer.core.usm_trainer - INFO - Training speaker model: input shape torch.Size([346, 286])
2025-10-25 16:31:27,067 - nmf_localizer.core.usm_trainer - INFO - NMF fitting: V shape torch.Size([346, 286]), n_components 50
2025-10-25 16:31:27,067 - nmf_localizer.core.usm_trainer - INFO - Input data statistics: mean=7.73e-04, std=1.28e-03, max=1.67e-02
/opt/anaconda3/lib/python3.12/site-packages/sklearn/decomposition/_nmf.py:1742: ConvergenceWarning: Maximum number of iterations 1000 reached. Increase it to improve convergence.
  warnings.warn(
2025-10-25 16:31:30,458 - nmf_localizer.core.usm_trainer - INFO - NMF completed: 1000 iterations, final loss: 0.062545
2025-10-25 16:31:30,458 - nmf_localizer.core.usm_trainer - INFO - W non-zero elements: 7286/17300 (42.1%)
2025-10-25 16:31:30,458 - nmf_localizer.core.usm_trainer - INFO - W statistics: min=0.000000, max=0.685560, mean=0.002795
2025-10-25 16:31:30,458 - nmf_localizer.core.usm_trainer - INFO - Speaker 99: W shape torch.Size([346, 50]), loss 0.062545
2025-10-25 16:31:30,458 - nmf_localizer.core.usm_trainer - INFO - Training speaker model: input shape torch.Size([346, 286])
2025-10-25 16:31:30,458 - nmf_localizer.core.usm_trainer - INFO - NMF fitting: V shape torch.Size([346, 286]), n_components 50
2025-10-25 16:31:30,458 - nmf_localizer.core.usm_trainer - INFO - Input data statistics: mean=6.91e-04, std=1.14e-03, max=1.52e-02
/opt/anaconda3/lib/python3.12/site-packages/sklearn/decomposition/_nmf.py:1742: ConvergenceWarning: Maximum number of iterations 1000 reached. Increase it to improve convergence.
  warnings.warn(
2025-10-25 16:31:33,581 - nmf_localizer.core.usm_trainer - INFO - NMF completed: 1000 iterations, final loss: 0.055900
2025-10-25 16:31:33,581 - nmf_localizer.core.usm_trainer - INFO - W non-zero elements: 7322/17300 (42.3%)
2025-10-25 16:31:33,581 - nmf_localizer.core.usm_trainer - INFO - W statistics: min=0.000000, max=0.796738, mean=0.002553
2025-10-25 16:31:33,581 - nmf_localizer.core.usm_trainer - INFO - Speaker 100: W shape torch.Size([346, 50]), loss 0.055900
2025-10-25 16:31:33,581 - nmf_localizer.core.usm_trainer - INFO - Training speaker model: input shape torch.Size([346, 286])
2025-10-25 16:31:33,581 - nmf_localizer.core.usm_trainer - INFO - NMF fitting: V shape torch.Size([346, 286]), n_components 50
2025-10-25 16:31:33,581 - nmf_localizer.core.usm_trainer - INFO - Input data statistics: mean=8.16e-04, std=1.35e-03, max=1.81e-02
/opt/anaconda3/lib/python3.12/site-packages/sklearn/decomposition/_nmf.py:1742: ConvergenceWarning: Maximum number of iterations 1000 reached. Increase it to improve convergence.
  warnings.warn(
2025-10-25 16:31:37,541 - nmf_localizer.core.usm_trainer - INFO - NMF completed: 1000 iterations, final loss: 0.065965
2025-10-25 16:31:37,541 - nmf_localizer.core.usm_trainer - INFO - W non-zero elements: 7327/17300 (42.4%)
2025-10-25 16:31:37,541 - nmf_localizer.core.usm_trainer - INFO - W statistics: min=0.000000, max=0.904628, mean=0.002731
2025-10-25 16:31:37,541 - nmf_localizer.core.usm_trainer - INFO - Speaker 101: W shape torch.Size([346, 50]), loss 0.065965
2025-10-25 16:31:37,541 - nmf_localizer.core.usm_trainer - INFO - Training speaker model: input shape torch.Size([346, 286])
2025-10-25 16:31:37,541 - nmf_localizer.core.usm_trainer - INFO - NMF fitting: V shape torch.Size([346, 286]), n_components 50
2025-10-25 16:31:37,541 - nmf_localizer.core.usm_trainer - INFO - Input data statistics: mean=8.60e-04, std=1.48e-03, max=1.82e-02
/opt/anaconda3/lib/python3.12/site-packages/sklearn/decomposition/_nmf.py:1742: ConvergenceWarning: Maximum number of iterations 1000 reached. Increase it to improve convergence.
  warnings.warn(
2025-10-25 16:31:41,224 - nmf_localizer.core.usm_trainer - INFO - NMF completed: 1000 iterations, final loss: 0.063270
2025-10-25 16:31:41,224 - nmf_localizer.core.usm_trainer - INFO - W non-zero elements: 7195/17300 (41.6%)
2025-10-25 16:31:41,224 - nmf_localizer.core.usm_trainer - INFO - W statistics: min=0.000000, max=0.799537, mean=0.003232
2025-10-25 16:31:41,224 - nmf_localizer.core.usm_trainer - INFO - Speaker 102: W shape torch.Size([346, 50]), loss 0.063270
2025-10-25 16:31:41,224 - nmf_localizer.core.usm_trainer - INFO - Training speaker model: input shape torch.Size([346, 286])
2025-10-25 16:31:41,224 - nmf_localizer.core.usm_trainer - INFO - NMF fitting: V shape torch.Size([346, 286]), n_components 50
2025-10-25 16:31:41,224 - nmf_localizer.core.usm_trainer - INFO - Input data statistics: mean=7.80e-04, std=1.34e-03, max=1.61e-02
/opt/anaconda3/lib/python3.12/site-packages/sklearn/decomposition/_nmf.py:1742: ConvergenceWarning: Maximum number of iterations 1000 reached. Increase it to improve convergence.
  warnings.warn(
2025-10-25 16:31:44,651 - nmf_localizer.core.usm_trainer - INFO - NMF completed: 1000 iterations, final loss: 0.057272
2025-10-25 16:31:44,652 - nmf_localizer.core.usm_trainer - INFO - W non-zero elements: 7256/17300 (41.9%)
2025-10-25 16:31:44,652 - nmf_localizer.core.usm_trainer - INFO - W statistics: min=0.000000, max=0.905417, mean=0.002681
2025-10-25 16:31:44,652 - nmf_localizer.core.usm_trainer - INFO - Speaker 103: W shape torch.Size([346, 50]), loss 0.057272
2025-10-25 16:31:44,652 - nmf_localizer.core.usm_trainer - INFO - Training speaker model: input shape torch.Size([346, 286])
2025-10-25 16:31:44,652 - nmf_localizer.core.usm_trainer - INFO - NMF fitting: V shape torch.Size([346, 286]), n_components 50
2025-10-25 16:31:44,652 - nmf_localizer.core.usm_trainer - INFO - Input data statistics: mean=7.26e-04, std=1.25e-03, max=1.52e-02
/opt/anaconda3/lib/python3.12/site-packages/sklearn/decomposition/_nmf.py:1742: ConvergenceWarning: Maximum number of iterations 1000 reached. Increase it to improve convergence.
  warnings.warn(
2025-10-25 16:31:47,786 - nmf_localizer.core.usm_trainer - INFO - NMF completed: 1000 iterations, final loss: 0.053359
2025-10-25 16:31:47,786 - nmf_localizer.core.usm_trainer - INFO - W non-zero elements: 7159/17300 (41.4%)
2025-10-25 16:31:47,786 - nmf_localizer.core.usm_trainer - INFO - W statistics: min=0.000000, max=0.921020, mean=0.002722
2025-10-25 16:31:47,786 - nmf_localizer.core.usm_trainer - INFO - Speaker 104: W shape torch.Size([346, 50]), loss 0.053359
2025-10-25 16:31:47,786 - nmf_localizer.core.usm_trainer - INFO - Training speaker model: input shape torch.Size([346, 286])
2025-10-25 16:31:47,786 - nmf_localizer.core.usm_trainer - INFO - NMF fitting: V shape torch.Size([346, 286]), n_components 50
2025-10-25 16:31:47,786 - nmf_localizer.core.usm_trainer - INFO - Input data statistics: mean=8.17e-04, std=1.50e-03, max=2.12e-02
/opt/anaconda3/lib/python3.12/site-packages/sklearn/decomposition/_nmf.py:1742: ConvergenceWarning: Maximum number of iterations 1000 reached. Increase it to improve convergence.
  warnings.warn(
2025-10-25 16:31:51,387 - nmf_localizer.core.usm_trainer - INFO - NMF completed: 1000 iterations, final loss: 0.060318
2025-10-25 16:31:51,387 - nmf_localizer.core.usm_trainer - INFO - W non-zero elements: 7079/17300 (40.9%)
2025-10-25 16:31:51,387 - nmf_localizer.core.usm_trainer - INFO - W statistics: min=0.000000, max=0.892808, mean=0.003110
2025-10-25 16:31:51,387 - nmf_localizer.core.usm_trainer - INFO - Speaker 105: W shape torch.Size([346, 50]), loss 0.060318
2025-10-25 16:31:51,387 - nmf_localizer.core.usm_trainer - INFO - Training speaker model: input shape torch.Size([346, 286])
2025-10-25 16:31:51,387 - nmf_localizer.core.usm_trainer - INFO - NMF fitting: V shape torch.Size([346, 286]), n_components 50
2025-10-25 16:31:51,388 - nmf_localizer.core.usm_trainer - INFO - Input data statistics: mean=9.00e-04, std=1.65e-03, max=2.39e-02
/opt/anaconda3/lib/python3.12/site-packages/sklearn/decomposition/_nmf.py:1742: ConvergenceWarning: Maximum number of iterations 1000 reached. Increase it to improve convergence.
  warnings.warn(
2025-10-25 16:31:55,003 - nmf_localizer.core.usm_trainer - INFO - NMF completed: 1000 iterations, final loss: 0.066448
2025-10-25 16:31:55,003 - nmf_localizer.core.usm_trainer - INFO - W non-zero elements: 7185/17300 (41.5%)
2025-10-25 16:31:55,003 - nmf_localizer.core.usm_trainer - INFO - W statistics: min=0.000000, max=1.040919, mean=0.002857
2025-10-25 16:31:55,003 - nmf_localizer.core.usm_trainer - INFO - Speaker 106: W shape torch.Size([346, 50]), loss 0.066448
2025-10-25 16:31:55,003 - nmf_localizer.core.usm_trainer - INFO - Training speaker model: input shape torch.Size([346, 286])
2025-10-25 16:31:55,003 - nmf_localizer.core.usm_trainer - INFO - NMF fitting: V shape torch.Size([346, 286]), n_components 50
2025-10-25 16:31:55,003 - nmf_localizer.core.usm_trainer - INFO - Input data statistics: mean=8.71e-04, std=1.60e-03, max=2.25e-02
/opt/anaconda3/lib/python3.12/site-packages/sklearn/decomposition/_nmf.py:1742: ConvergenceWarning: Maximum number of iterations 1000 reached. Increase it to improve convergence.
  warnings.warn(
2025-10-25 16:31:58,628 - nmf_localizer.core.usm_trainer - INFO - NMF completed: 1000 iterations, final loss: 0.064156
2025-10-25 16:31:58,628 - nmf_localizer.core.usm_trainer - INFO - W non-zero elements: 7076/17300 (40.9%)
2025-10-25 16:31:58,628 - nmf_localizer.core.usm_trainer - INFO - W statistics: min=0.000000, max=0.750185, mean=0.002801
2025-10-25 16:31:58,628 - nmf_localizer.core.usm_trainer - INFO - Speaker 107: W shape torch.Size([346, 50]), loss 0.064156
2025-10-25 16:31:58,628 - nmf_localizer.core.usm_trainer - INFO - Training speaker model: input shape torch.Size([346, 286])
2025-10-25 16:31:58,628 - nmf_localizer.core.usm_trainer - INFO - NMF fitting: V shape torch.Size([346, 286]), n_components 50
2025-10-25 16:31:58,628 - nmf_localizer.core.usm_trainer - INFO - Input data statistics: mean=9.63e-04, std=1.65e-03, max=1.91e-02
/opt/anaconda3/lib/python3.12/site-packages/sklearn/decomposition/_nmf.py:1742: ConvergenceWarning: Maximum number of iterations 1000 reached. Increase it to improve convergence.
  warnings.warn(
2025-10-25 16:32:02,623 - nmf_localizer.core.usm_trainer - INFO - NMF completed: 1000 iterations, final loss: 0.077102
2025-10-25 16:32:02,624 - nmf_localizer.core.usm_trainer - INFO - W non-zero elements: 7240/17300 (41.8%)
2025-10-25 16:32:02,624 - nmf_localizer.core.usm_trainer - INFO - W statistics: min=0.000000, max=0.866285, mean=0.003297
2025-10-25 16:32:02,624 - nmf_localizer.core.usm_trainer - INFO - Speaker 108: W shape torch.Size([346, 50]), loss 0.077102
2025-10-25 16:32:02,624 - nmf_localizer.core.usm_trainer - INFO - Training speaker model: input shape torch.Size([346, 286])
2025-10-25 16:32:02,624 - nmf_localizer.core.usm_trainer - INFO - NMF fitting: V shape torch.Size([346, 286]), n_components 50
2025-10-25 16:32:02,624 - nmf_localizer.core.usm_trainer - INFO - Input data statistics: mean=9.11e-04, std=1.56e-03, max=1.81e-02
/opt/anaconda3/lib/python3.12/site-packages/sklearn/decomposition/_nmf.py:1742: ConvergenceWarning: Maximum number of iterations 1000 reached. Increase it to improve convergence.
  warnings.warn(
2025-10-25 16:32:06,149 - nmf_localizer.core.usm_trainer - INFO - NMF completed: 1000 iterations, final loss: 0.072855
2025-10-25 16:32:06,149 - nmf_localizer.core.usm_trainer - INFO - W non-zero elements: 7053/17300 (40.8%)
2025-10-25 16:32:06,150 - nmf_localizer.core.usm_trainer - INFO - W statistics: min=0.000000, max=0.810010, mean=0.003242
2025-10-25 16:32:06,150 - nmf_localizer.core.usm_trainer - INFO - Speaker 109: W shape torch.Size([346, 50]), loss 0.072855
2025-10-25 16:32:06,150 - nmf_localizer.core.usm_trainer - INFO - Training speaker model: input shape torch.Size([346, 286])
2025-10-25 16:32:06,150 - nmf_localizer.core.usm_trainer - INFO - NMF fitting: V shape torch.Size([346, 286]), n_components 50
2025-10-25 16:32:06,150 - nmf_localizer.core.usm_trainer - INFO - Input data statistics: mean=9.97e-04, std=1.71e-03, max=1.97e-02
/opt/anaconda3/lib/python3.12/site-packages/sklearn/decomposition/_nmf.py:1742: ConvergenceWarning: Maximum number of iterations 1000 reached. Increase it to improve convergence.
  warnings.warn(
2025-10-25 16:32:09,465 - nmf_localizer.core.usm_trainer - INFO - NMF completed: 1000 iterations, final loss: 0.079683
2025-10-25 16:32:09,465 - nmf_localizer.core.usm_trainer - INFO - W non-zero elements: 7187/17300 (41.5%)
2025-10-25 16:32:09,465 - nmf_localizer.core.usm_trainer - INFO - W statistics: min=0.000000, max=1.228055, mean=0.003491
2025-10-25 16:32:09,465 - nmf_localizer.core.usm_trainer - INFO - Speaker 110: W shape torch.Size([346, 50]), loss 0.079683
2025-10-25 16:32:09,468 - nmf_localizer.core.usm_trainer - INFO - USM training complete: 346 frequencies x 5550 atoms
2025-10-25 16:32:09,469 - __main__ - INFO - ================================================================================
2025-10-25 16:32:09,469 - __main__ - INFO - TRAINING COMPLETE
2025-10-25 16:32:09,469 - __main__ - INFO - ================================================================================
2025-10-25 16:32:09,469 - __main__ - INFO - Training time: 387.3s
2025-10-25 16:32:09,469 - __main__ - INFO - W shape: torch.Size([346, 5550])
2025-10-25 16:32:09,471 - __main__ - INFO - W statistics: min=0.000000, max=1.228055, mean=0.002983
2025-10-25 16:32:09,471 - __main__ - INFO - Saving USM to: /Users/sbplab/LDV-data-processed/usm_box_ldv.pth
2025-10-25 16:32:09,533 - __main__ - INFO - ✓ USM saved successfully (7511.9 KB)
2025-10-25 16:32:09,534 - __main__ - INFO - 
================================================================================
2025-10-25 16:32:09,534 - __main__ - INFO - SUCCESS
2025-10-25 16:32:09,534 - __main__ - INFO - ================================================================================
2025-10-25 16:32:09,534 - __main__ - INFO - USM dictionary: torch.Size([346, 5550])
2025-10-25 16:32:09,534 - __main__ - INFO - Output file: /Users/sbplab/LDV-data-processed/usm_box_ldv.pth
2025-10-25 16:32:09,534 - __main__ - INFO - Training time: 387.3s
2025-10-25 16:32:09,534 - __main__ - INFO - Files processed: 111
