2025-11-14 18:43:24,087 - __main__ - INFO - USM training data: /Users/sbplab/LDV-data-processed/speech260_original_16k_no_edge_sync_vad_normalized
2025-11-14 18:43:24,087 - __main__ - INFO - Test data: /Users/sbplab/LDV-data-processed/speech260_box_16k_no_edge_sync_vad_normalized
2025-11-14 18:43:24,087 - nmf_localizer.pipeline.full_pipeline - INFO - NMF Localization Pipeline initialized
2025-11-14 18:43:24,087 - nmf_localizer.pipeline.full_pipeline - INFO - Device: mps
2025-11-14 18:43:24,087 - nmf_localizer.pipeline.full_pipeline - INFO - Beta: 2.0
2025-11-14 18:43:24,087 - __main__ - INFO - === CROSS-DOMAIN CONFIGURATION ===
2025-11-14 18:43:24,087 - __main__ - INFO - USM training data: /Users/sbplab/LDV-data-processed/speech260_original_16k_no_edge_sync_vad_normalized
2025-11-14 18:43:24,087 - __main__ - INFO - Test data: /Users/sbplab/LDV-data-processed/speech260_box_16k_no_edge_sync_vad_normalized
2025-11-14 18:43:24,087 - nmf_localizer.pipeline.full_pipeline - INFO - ============================================================
2025-11-14 18:43:24,087 - nmf_localizer.pipeline.full_pipeline - INFO - STARTING FULL NMF LOCALIZATION EXPERIMENT
2025-11-14 18:43:24,087 - nmf_localizer.pipeline.full_pipeline - INFO - ============================================================
2025-11-14 18:43:24,087 - nmf_localizer.pipeline.full_pipeline - INFO - Data root: unused_when_tf_path_is_set
2025-11-14 18:43:24,087 - nmf_localizer.pipeline.full_pipeline - INFO - Output directory: doa_speech260_config_c_16k_smoke_mps_20251114_184322
2025-11-14 18:43:24,087 - nmf_localizer.pipeline.full_pipeline - INFO - Configuration: {'sample_rate': 16000, 'n_fft': 2048, 'hop_length': 512, 'win_length': 2048, 'window': 'hann', 'freq_min': 300.0, 'freq_max': 3000.0, 'beta': 2.0, 'lambda_group': 5.0, 'gamma_sparse': 0.1, 'max_iter': 100, 'tolerance': 0.0001, 'epsilon': 1e-08, 'transfer_epsilon': 1e-05, 'reconstruction_epsilon': 1e-05, 'gradient_clip_max': 1000.0, 'n_atoms_per_speaker': 50, 'usm_sparsity_weight': 0.1, 'usm_max_iter': 200, 'n_files_per_angle': 50, 'n_speakers': 10, 'n_files_per_speaker': 20, 'use_90deg_only': True, 'speech_data_root': None, 'tolerance_degrees': 10.0, 'n_test_examples': 200, 'device': 'mps'}
2025-11-14 18:43:24,087 - nmf_localizer.pipeline.full_pipeline - INFO - 
--- STAGE 1: DATA PREPARATION ---
2025-11-14 18:43:24,087 - nmf_localizer.pipeline.full_pipeline - INFO - Using pre-computed transfer functions from: /Users/sbplab/LDV-data-processed/h_matrix_box_ldv_correct.pth
2025-11-14 18:43:24,087 - nmf_localizer.pipeline.full_pipeline - INFO - Processing speech data from: /Users/sbplab/LDV-data-processed/speech260_original_16k_no_edge_sync_vad_normalized
2025-11-14 18:43:24,087 - nmf_localizer.core.data_processor - INFO - Using only 90-degree data (angle_90) for USM training
2025-11-14 18:43:24,087 - nmf_localizer.core.data_processor - INFO - === Speech Data Preparation ===
2025-11-14 18:43:24,088 - nmf_localizer.core.data_processor - INFO - Using only 90-degree data (angle_90) for USM training
2025-11-14 18:43:24,089 - nmf_localizer.core.data_processor - INFO - Loading 100 files from angle_90
2025-11-14 18:43:24,089 - nmf_localizer.core.data_processor - INFO - First file shape in angle_90: (45227,)
2025-11-14 18:43:24,096 - nmf_localizer.core.data_processor - INFO - Loading 100 files from angle_90
2025-11-14 18:43:24,097 - nmf_localizer.core.data_processor - INFO - First real spectrogram shape (band-limited): (346, 90)
2025-11-14 18:43:24,097 - nmf_localizer.core.data_processor - INFO - Time frames: 90, duration: 2.85s
2025-11-14 18:43:24,201 - nmf_localizer.core.data_processor - INFO - 90° Speaker concatenated shape: (346, 8786)
2025-11-14 18:43:24,201 - nmf_localizer.core.data_processor - INFO - Loading REAL audio test data from: /Users/sbplab/LDV-data-processed/speech260_box_16k_no_edge_sync_vad_normalized
2025-11-14 18:43:24,202 - nmf_localizer.core.data_processor - INFO - Found 37 angle directories
2025-11-14 18:43:24,400 - nmf_localizer.core.data_processor - INFO - Successfully loaded 185 REAL test examples
2025-11-14 18:43:24,401 - nmf_localizer.core.data_processor - INFO - Example dimensions: torch.Size([346, 88])
2025-11-14 18:43:24,401 - nmf_localizer.core.data_processor - INFO - Angle range: 0 - 180
2025-11-14 18:43:24,401 - nmf_localizer.pipeline.full_pipeline - INFO - 
--- STAGE 2: USM TRAINING ---
2025-11-14 18:43:24,401 - nmf_localizer.pipeline.full_pipeline - INFO - === USM Training ===
2025-11-14 18:43:24,401 - nmf_localizer.pipeline.full_pipeline - INFO - Speakers: 1
2025-11-14 18:43:24,401 - nmf_localizer.pipeline.full_pipeline - INFO - Beta divergence: 2.0
2025-11-14 18:43:24,445 - nmf_localizer.core.usm_trainer - INFO - Training USM with 1 speakers...
2025-11-14 18:43:24,445 - nmf_localizer.core.usm_trainer - INFO - Frequency dimension: 346
2025-11-14 18:43:24,445 - nmf_localizer.core.usm_trainer - INFO - Atoms per speaker: 50
2025-11-14 18:43:24,445 - nmf_localizer.core.usm_trainer - INFO - Training speaker model: input shape torch.Size([346, 8786])
2025-11-14 18:43:24,445 - nmf_localizer.core.usm_trainer - INFO - NMF fitting: V shape torch.Size([346, 8786]), n_components 50
2025-11-14 18:43:24,450 - nmf_localizer.core.usm_trainer - INFO - Input data statistics: mean=7.91e-04, std=2.54e-03, max=1.01e-01
2025-11-14 18:43:24,651 - numexpr.utils - INFO - Note: NumExpr detected 24 cores but "NUMEXPR_MAX_THREADS" not set, so enforcing safe limit of 8.
2025-11-14 18:43:24,651 - numexpr.utils - INFO - NumExpr defaulting to 8 threads.
2025-11-14 18:45:04,110 - nmf_localizer.core.usm_trainer - INFO - NMF completed: 847 iterations, final loss: 0.801880
2025-11-14 18:45:04,111 - nmf_localizer.core.usm_trainer - INFO - W non-zero elements: 5546/17300 (32.1%)
2025-11-14 18:45:04,190 - nmf_localizer.core.usm_trainer - INFO - W statistics: min=0.000000, max=1.312674, mean=0.008302
2025-11-14 18:45:04,190 - nmf_localizer.core.usm_trainer - INFO - Speaker 0: W shape torch.Size([346, 50]), loss 0.801880
2025-11-14 18:45:04,192 - nmf_localizer.core.usm_trainer - INFO - USM training complete: 346 frequencies x 50 atoms
2025-11-14 18:45:04,192 - nmf_localizer.pipeline.full_pipeline - INFO - USM training complete in 99.8s
2025-11-14 18:45:04,192 - nmf_localizer.pipeline.full_pipeline - INFO - USM dictionary shape: torch.Size([346, 50])
2025-11-14 18:45:04,194 - nmf_localizer.core.usm_trainer - INFO - USM model saved to doa_speech260_config_c_16k_smoke_mps_20251114_184322/models/usm.pth
2025-11-14 18:45:04,194 - nmf_localizer.pipeline.full_pipeline - INFO - USM saved to: doa_speech260_config_c_16k_smoke_mps_20251114_184322/models/usm.pth
2025-11-14 18:45:04,194 - nmf_localizer.pipeline.full_pipeline - INFO - 
--- STAGE 3: TRANSFER FUNCTION PROCESSING ---
2025-11-14 18:45:04,194 - nmf_localizer.pipeline.full_pipeline - INFO - Loading transfer functions from: /Users/sbplab/LDV-data-processed/h_matrix_box_ldv_correct.pth
2025-11-14 18:45:04,194 - nmf_localizer.core.transfer_functions - INFO - Loading transfer functions from: /Users/sbplab/LDV-data-processed/h_matrix_box_ldv_correct.pth
2025-11-14 18:45:04,195 - nmf_localizer.core.transfer_functions - INFO - Loaded transfer functions: H shape torch.Size([346, 37])
2025-11-14 18:45:04,195 - nmf_localizer.core.transfer_functions - INFO - Angles: 37 angles
2025-11-14 18:45:04,195 - nmf_localizer.pipeline.full_pipeline - INFO - No frequency information available, using raw transfer functions
2025-11-14 18:45:04,195 - nmf_localizer.pipeline.full_pipeline - INFO - Transfer functions loaded: torch.Size([346, 37])
2025-11-14 18:45:04,195 - nmf_localizer.pipeline.full_pipeline - INFO - 
--- STAGE 4: LOCALIZER TRAINING ---
2025-11-14 18:45:04,195 - nmf_localizer.pipeline.full_pipeline - INFO - === Localizer Training ===
2025-11-14 18:45:04,195 - nmf_localizer.pipeline.full_pipeline - INFO - USM dictionary: torch.Size([346, 50])
2025-11-14 18:45:04,195 - nmf_localizer.pipeline.full_pipeline - INFO - Transfer functions: torch.Size([346, 37])
2025-11-14 18:45:04,195 - nmf_localizer.pipeline.full_pipeline - INFO - Angles: torch.Size([37])
2025-11-14 18:45:04,195 - nmf_localizer.core.localizer - INFO - Loaded source dictionary W: torch.Size([346, 50])
2025-11-14 18:45:04,195 - nmf_localizer.core.localizer - INFO - Updated n_freq=346, n_components=50
2025-11-14 18:45:04,198 - nmf_localizer.core.localizer - INFO - Loaded transfer functions H: torch.Size([346, 37])
2025-11-14 18:45:04,198 - nmf_localizer.core.localizer - INFO - Updated n_directions=37
2025-11-14 18:45:04,199 - nmf_localizer.core.localizer - INFO - Loaded actual angles: [0.0, 5.0, 10.0, 15.0, 20.0, 25.0, 30.0, 35.0, 40.0, 45.0, 50.0, 55.0, 60.0, 65.0, 70.0, 75.0, 80.0, 85.0, 90.0, 95.0, 100.0, 105.0, 110.0, 115.0, 120.0, 125.0, 130.0, 135.0, 140.0, 145.0, 150.0, 155.0, 160.0, 165.0, 170.0, 175.0, 180.0]
2025-11-14 18:45:04,199 - nmf_localizer.core.localizer - INFO - Constructing mixing matrix A with regularization
2025-11-14 18:45:04,199 - nmf_localizer.core.localizer - INFO - W shape: torch.Size([346, 50]), H shape: torch.Size([346, 37])
2025-11-14 18:45:04,233 - nmf_localizer.core.localizer - INFO - H_d_diag shape: torch.Size([346, 346])
2025-11-14 18:45:04,233 - nmf_localizer.core.localizer - INFO - A_d (block 0) shape: torch.Size([346, 50])
2025-11-14 18:45:04,266 - nmf_localizer.core.localizer - INFO - Final A matrix shape: torch.Size([346, 1850]) (expected: 346 x 1850)
2025-11-14 18:45:04,266 - nmf_localizer.pipeline.full_pipeline - INFO - Localizer training complete
2025-11-14 18:45:04,266 - nmf_localizer.pipeline.full_pipeline - INFO - Mixing matrix A: torch.Size([346, 1850])
2025-11-14 18:45:04,277 - nmf_localizer.core.localizer - INFO - NMF localizer saved to doa_speech260_config_c_16k_smoke_mps_20251114_184322/models/localizer.pth
2025-11-14 18:45:04,277 - nmf_localizer.pipeline.full_pipeline - INFO - Localizer saved to: doa_speech260_config_c_16k_smoke_mps_20251114_184322/models/localizer.pth
2025-11-14 18:45:04,277 - nmf_localizer.pipeline.full_pipeline - INFO - 
--- STAGE 5: EVALUATION ---
2025-11-14 18:45:04,277 - nmf_localizer.pipeline.full_pipeline - INFO - === Evaluation ===
2025-11-14 18:45:04,277 - nmf_localizer.pipeline.full_pipeline - INFO - Test examples: 185
2025-11-14 18:45:04,277 - nmf_localizer.pipeline.full_pipeline - INFO - Target sources: 1
2025-11-14 18:45:04,277 - nmf_localizer.core.evaluator - INFO - Evaluating localization performance on 185 examples
2025-11-14 18:45:04,277 - nmf_localizer.core.evaluator - INFO - Target sources: 1
Evaluating:   0%|          | 0/185 [00:00<?, ?it/s]2025-11-14 18:45:04,294 - nmf_localizer.core.localizer - INFO - Starting NMF factorization
2025-11-14 18:45:04,294 - nmf_localizer.core.localizer - INFO - Input Y shape: torch.Size([346, 88])
2025-11-14 18:45:04,294 - nmf_localizer.core.localizer - INFO - A shape: torch.Size([346, 1850])
2025-11-14 18:45:04,294 - nmf_localizer.core.localizer - INFO - Using competitive sparse initialization
2025-11-14 18:45:04,490 - nmf_localizer.core.localizer - INFO - X initialized: shape=torch.Size([1850, 88]), min=0.000000, max=0.000272, mean=0.000072
2025-11-14 18:45:04,665 - nmf_localizer.core.localizer - INFO - NMF converged at iteration 1
2025-11-14 18:45:04,665 - nmf_localizer.core.localizer - INFO - Factorization complete: 2 iterations, final loss: 0.099502
2025-11-14 18:45:04,665 - nmf_localizer.core.localizer - INFO - Computing group norms for localization
2025-11-14 18:45:04,671 - nmf_localizer.core.localizer - INFO - Localization result: [0.0] degrees
Evaluating:   1%|          | 1/185 [00:00<01:09,  2.64it/s]2025-11-14 18:45:04,672 - nmf_localizer.core.localizer - INFO - Starting NMF factorization
2025-11-14 18:45:04,672 - nmf_localizer.core.localizer - INFO - Input Y shape: torch.Size([346, 79])
2025-11-14 18:45:04,672 - nmf_localizer.core.localizer - INFO - A shape: torch.Size([346, 1850])
2025-11-14 18:45:04,672 - nmf_localizer.core.localizer - INFO - Using competitive sparse initialization
2025-11-14 18:45:04,797 - nmf_localizer.core.localizer - INFO - X initialized: shape=torch.Size([1850, 79]), min=0.000000, max=0.000254, mean=0.000079
2025-11-14 18:45:04,922 - nmf_localizer.core.localizer - INFO - NMF converged at iteration 1
2025-11-14 18:45:04,922 - nmf_localizer.core.localizer - INFO - Factorization complete: 2 iterations, final loss: 0.065572
2025-11-14 18:45:04,923 - nmf_localizer.core.localizer - INFO - Computing group norms for localization
2025-11-14 18:45:04,925 - nmf_localizer.core.localizer - INFO - Localization result: [0.0] degrees
Evaluating:   1%|          | 2/185 [00:00<00:55,  3.28it/s]2025-11-14 18:45:04,926 - nmf_localizer.core.localizer - INFO - Starting NMF factorization
2025-11-14 18:45:04,926 - nmf_localizer.core.localizer - INFO - Input Y shape: torch.Size([346, 85])
2025-11-14 18:45:04,926 - nmf_localizer.core.localizer - INFO - A shape: torch.Size([346, 1850])
2025-11-14 18:45:04,926 - nmf_localizer.core.localizer - INFO - Using competitive sparse initialization
2025-11-14 18:45:05,051 - nmf_localizer.core.localizer - INFO - X initialized: shape=torch.Size([1850, 85]), min=0.000000, max=0.000299, mean=0.000085
2025-11-14 18:45:05,128 - nmf_localizer.core.localizer - INFO - NMF converged at iteration 1
2025-11-14 18:45:05,128 - nmf_localizer.core.localizer - INFO - Factorization complete: 2 iterations, final loss: 0.082119
2025-11-14 18:45:05,128 - nmf_localizer.core.localizer - INFO - Computing group norms for localization
2025-11-14 18:45:05,130 - nmf_localizer.core.localizer - INFO - Localization result: [0.0] degrees
Evaluating:   2%|▏         | 3/185 [00:00<00:47,  3.85it/s]2025-11-14 18:45:05,131 - nmf_localizer.core.localizer - INFO - Starting NMF factorization
2025-11-14 18:45:05,131 - nmf_localizer.core.localizer - INFO - Input Y shape: torch.Size([346, 83])
2025-11-14 18:45:05,131 - nmf_localizer.core.localizer - INFO - A shape: torch.Size([346, 1850])
2025-11-14 18:45:05,131 - nmf_localizer.core.localizer - INFO - Using competitive sparse initialization
2025-11-14 18:45:05,260 - nmf_localizer.core.localizer - INFO - X initialized: shape=torch.Size([1850, 83]), min=0.000000, max=0.000345, mean=0.000112
2025-11-14 18:45:05,337 - nmf_localizer.core.localizer - INFO - NMF converged at iteration 1
2025-11-14 18:45:05,337 - nmf_localizer.core.localizer - INFO - Factorization complete: 2 iterations, final loss: 0.104647
2025-11-14 18:45:05,337 - nmf_localizer.core.localizer - INFO - Computing group norms for localization
2025-11-14 18:45:05,340 - nmf_localizer.core.localizer - INFO - Localization result: [0.0] degrees
Evaluating:   2%|▏         | 4/185 [00:01<00:43,  4.17it/s]2025-11-14 18:45:05,341 - nmf_localizer.core.localizer - INFO - Starting NMF factorization
2025-11-14 18:45:05,341 - nmf_localizer.core.localizer - INFO - Input Y shape: torch.Size([346, 89])
2025-11-14 18:45:05,341 - nmf_localizer.core.localizer - INFO - A shape: torch.Size([346, 1850])
2025-11-14 18:45:05,341 - nmf_localizer.core.localizer - INFO - Using competitive sparse initialization
2025-11-14 18:45:05,469 - nmf_localizer.core.localizer - INFO - X initialized: shape=torch.Size([1850, 89]), min=0.000000, max=0.000193, mean=0.000055
2025-11-14 18:45:05,541 - nmf_localizer.core.localizer - INFO - NMF converged at iteration 1
2025-11-14 18:45:05,541 - nmf_localizer.core.localizer - INFO - Factorization complete: 2 iterations, final loss: 0.071441
2025-11-14 18:45:05,541 - nmf_localizer.core.localizer - INFO - Computing group norms for localization
2025-11-14 18:45:05,544 - nmf_localizer.core.localizer - INFO - Localization result: [0.0] degrees
Evaluating:   3%|▎         | 5/185 [00:01<00:40,  4.41it/s]2025-11-14 18:45:05,545 - nmf_localizer.core.localizer - INFO - Starting NMF factorization
2025-11-14 18:45:05,545 - nmf_localizer.core.localizer - INFO - Input Y shape: torch.Size([346, 88])
2025-11-14 18:45:05,545 - nmf_localizer.core.localizer - INFO - A shape: torch.Size([346, 1850])
2025-11-14 18:45:05,545 - nmf_localizer.core.localizer - INFO - Using competitive sparse initialization
2025-11-14 18:45:05,548 - nmf_localizer.core.localizer - INFO - X initialized: shape=torch.Size([1850, 88]), min=0.000000, max=0.000313, mean=0.000083
2025-11-14 18:45:05,603 - nmf_localizer.core.localizer - INFO - NMF converged at iteration 1
2025-11-14 18:45:05,603 - nmf_localizer.core.localizer - INFO - Factorization complete: 2 iterations, final loss: 0.118858
2025-11-14 18:45:05,603 - nmf_localizer.core.localizer - INFO - Computing group norms for localization
2025-11-14 18:45:05,606 - nmf_localizer.core.localizer - INFO - Localization result: [0.0] degrees
2025-11-14 18:45:05,606 - nmf_localizer.core.localizer - INFO - Starting NMF factorization
2025-11-14 18:45:05,606 - nmf_localizer.core.localizer - INFO - Input Y shape: torch.Size([346, 79])
2025-11-14 18:45:05,606 - nmf_localizer.core.localizer - INFO - A shape: torch.Size([346, 1850])
2025-11-14 18:45:05,606 - nmf_localizer.core.localizer - INFO - Using competitive sparse initialization
2025-11-14 18:45:05,610 - nmf_localizer.core.localizer - INFO - X initialized: shape=torch.Size([1850, 79]), min=0.000000, max=0.000260, mean=0.000082
2025-11-14 18:45:05,664 - nmf_localizer.core.localizer - INFO - NMF converged at iteration 1
2025-11-14 18:45:05,664 - nmf_localizer.core.localizer - INFO - Factorization complete: 2 iterations, final loss: 0.079196
2025-11-14 18:45:05,664 - nmf_localizer.core.localizer - INFO - Computing group norms for localization
2025-11-14 18:45:05,666 - nmf_localizer.core.localizer - INFO - Localization result: [80.0] degrees
Evaluating:   4%|▍         | 7/185 [00:01<00:25,  7.00it/s]2025-11-14 18:45:05,667 - nmf_localizer.core.localizer - INFO - Starting NMF factorization
2025-11-14 18:45:05,667 - nmf_localizer.core.localizer - INFO - Input Y shape: torch.Size([346, 85])
2025-11-14 18:45:05,667 - nmf_localizer.core.localizer - INFO - A shape: torch.Size([346, 1850])
2025-11-14 18:45:05,667 - nmf_localizer.core.localizer - INFO - Using competitive sparse initialization
2025-11-14 18:45:05,671 - nmf_localizer.core.localizer - INFO - X initialized: shape=torch.Size([1850, 85]), min=0.000000, max=0.000398, mean=0.000118
2025-11-14 18:45:05,725 - nmf_localizer.core.localizer - INFO - NMF converged at iteration 1
2025-11-14 18:45:05,725 - nmf_localizer.core.localizer - INFO - Factorization complete: 2 iterations, final loss: 0.110252
2025-11-14 18:45:05,725 - nmf_localizer.core.localizer - INFO - Computing group norms for localization
2025-11-14 18:45:05,728 - nmf_localizer.core.localizer - INFO - Localization result: [110.0] degrees
2025-11-14 18:45:05,729 - nmf_localizer.core.localizer - INFO - Starting NMF factorization
2025-11-14 18:45:05,729 - nmf_localizer.core.localizer - INFO - Input Y shape: torch.Size([346, 83])
2025-11-14 18:45:05,729 - nmf_localizer.core.localizer - INFO - A shape: torch.Size([346, 1850])
2025-11-14 18:45:05,729 - nmf_localizer.core.localizer - INFO - Using competitive sparse initialization
2025-11-14 18:45:05,733 - nmf_localizer.core.localizer - INFO - X initialized: shape=torch.Size([1850, 83]), min=0.000000, max=0.000341, mean=0.000102
2025-11-14 18:45:05,785 - nmf_localizer.core.localizer - INFO - NMF converged at iteration 1
2025-11-14 18:45:05,785 - nmf_localizer.core.localizer - INFO - Factorization complete: 2 iterations, final loss: 0.126363
2025-11-14 18:45:05,785 - nmf_localizer.core.localizer - INFO - Computing group norms for localization
2025-11-14 18:45:05,788 - nmf_localizer.core.localizer - INFO - Localization result: [165.0] degrees
Evaluating:   5%|▍         | 9/185 [00:01<00:19,  9.23it/s]2025-11-14 18:45:05,789 - nmf_localizer.core.localizer - INFO - Starting NMF factorization
2025-11-14 18:45:05,789 - nmf_localizer.core.localizer - INFO - Input Y shape: torch.Size([346, 89])
2025-11-14 18:45:05,789 - nmf_localizer.core.localizer - INFO - A shape: torch.Size([346, 1850])
2025-11-14 18:45:05,789 - nmf_localizer.core.localizer - INFO - Using competitive sparse initialization
2025-11-14 18:45:05,793 - nmf_localizer.core.localizer - INFO - X initialized: shape=torch.Size([1850, 89]), min=0.000000, max=0.000293, mean=0.000077
2025-11-14 18:45:05,847 - nmf_localizer.core.localizer - INFO - NMF converged at iteration 1
2025-11-14 18:45:05,848 - nmf_localizer.core.localizer - INFO - Factorization complete: 2 iterations, final loss: 0.091476
2025-11-14 18:45:05,848 - nmf_localizer.core.localizer - INFO - Computing group norms for localization
2025-11-14 18:45:05,850 - nmf_localizer.core.localizer - INFO - Localization result: [0.0] degrees
2025-11-14 18:45:05,851 - nmf_localizer.core.localizer - INFO - Starting NMF factorization
2025-11-14 18:45:05,851 - nmf_localizer.core.localizer - INFO - Input Y shape: torch.Size([346, 88])
2025-11-14 18:45:05,851 - nmf_localizer.core.localizer - INFO - A shape: torch.Size([346, 1850])
2025-11-14 18:45:05,851 - nmf_localizer.core.localizer - INFO - Using competitive sparse initialization
2025-11-14 18:45:05,855 - nmf_localizer.core.localizer - INFO - X initialized: shape=torch.Size([1850, 88]), min=0.000000, max=0.000270, mean=0.000078
2025-11-14 18:45:05,909 - nmf_localizer.core.localizer - INFO - NMF converged at iteration 1
2025-11-14 18:45:05,909 - nmf_localizer.core.localizer - INFO - Factorization complete: 2 iterations, final loss: 0.067962
2025-11-14 18:45:05,909 - nmf_localizer.core.localizer - INFO - Computing group norms for localization
2025-11-14 18:45:05,912 - nmf_localizer.core.localizer - INFO - Localization result: [0.0] degrees
Evaluating:   6%|▌         | 11/185 [00:01<00:15, 11.01it/s]2025-11-14 18:45:05,912 - nmf_localizer.core.localizer - INFO - Starting NMF factorization
2025-11-14 18:45:05,912 - nmf_localizer.core.localizer - INFO - Input Y shape: torch.Size([346, 79])
2025-11-14 18:45:05,912 - nmf_localizer.core.localizer - INFO - A shape: torch.Size([346, 1850])
2025-11-14 18:45:05,912 - nmf_localizer.core.localizer - INFO - Using competitive sparse initialization
2025-11-14 18:45:05,916 - nmf_localizer.core.localizer - INFO - X initialized: shape=torch.Size([1850, 79]), min=0.000000, max=0.000252, mean=0.000085
2025-11-14 18:45:05,968 - nmf_localizer.core.localizer - INFO - NMF converged at iteration 1
2025-11-14 18:45:05,968 - nmf_localizer.core.localizer - INFO - Factorization complete: 2 iterations, final loss: 0.063952
2025-11-14 18:45:05,968 - nmf_localizer.core.localizer - INFO - Computing group norms for localization
2025-11-14 18:45:05,971 - nmf_localizer.core.localizer - INFO - Localization result: [0.0] degrees
2025-11-14 18:45:05,971 - nmf_localizer.core.localizer - INFO - Starting NMF factorization
2025-11-14 18:45:05,971 - nmf_localizer.core.localizer - INFO - Input Y shape: torch.Size([346, 85])
2025-11-14 18:45:05,971 - nmf_localizer.core.localizer - INFO - A shape: torch.Size([346, 1850])
2025-11-14 18:45:05,971 - nmf_localizer.core.localizer - INFO - Using competitive sparse initialization
2025-11-14 18:45:05,975 - nmf_localizer.core.localizer - INFO - X initialized: shape=torch.Size([1850, 85]), min=0.000000, max=0.000332, mean=0.000096
2025-11-14 18:45:06,030 - nmf_localizer.core.localizer - INFO - NMF converged at iteration 1
2025-11-14 18:45:06,030 - nmf_localizer.core.localizer - INFO - Factorization complete: 2 iterations, final loss: 0.076009
2025-11-14 18:45:06,030 - nmf_localizer.core.localizer - INFO - Computing group norms for localization
2025-11-14 18:45:06,033 - nmf_localizer.core.localizer - INFO - Localization result: [0.0] degrees
Evaluating:   7%|▋         | 13/185 [00:01<00:13, 12.45it/s]2025-11-14 18:45:06,033 - nmf_localizer.core.localizer - INFO - Starting NMF factorization
2025-11-14 18:45:06,033 - nmf_localizer.core.localizer - INFO - Input Y shape: torch.Size([346, 83])
2025-11-14 18:45:06,033 - nmf_localizer.core.localizer - INFO - A shape: torch.Size([346, 1850])
2025-11-14 18:45:06,033 - nmf_localizer.core.localizer - INFO - Using competitive sparse initialization
2025-11-14 18:45:06,037 - nmf_localizer.core.localizer - INFO - X initialized: shape=torch.Size([1850, 83]), min=0.000000, max=0.000333, mean=0.000091
2025-11-14 18:45:06,092 - nmf_localizer.core.localizer - INFO - NMF converged at iteration 1
2025-11-14 18:45:06,093 - nmf_localizer.core.localizer - INFO - Factorization complete: 2 iterations, final loss: 0.092461
2025-11-14 18:45:06,093 - nmf_localizer.core.localizer - INFO - Computing group norms for localization
2025-11-14 18:45:06,095 - nmf_localizer.core.localizer - INFO - Localization result: [0.0] degrees
2025-11-14 18:45:06,096 - nmf_localizer.core.localizer - INFO - Starting NMF factorization
2025-11-14 18:45:06,096 - nmf_localizer.core.localizer - INFO - Input Y shape: torch.Size([346, 89])
2025-11-14 18:45:06,096 - nmf_localizer.core.localizer - INFO - A shape: torch.Size([346, 1850])
2025-11-14 18:45:06,096 - nmf_localizer.core.localizer - INFO - Using competitive sparse initialization
2025-11-14 18:45:06,099 - nmf_localizer.core.localizer - INFO - X initialized: shape=torch.Size([1850, 89]), min=0.000000, max=0.000278, mean=0.000085
2025-11-14 18:45:06,153 - nmf_localizer.core.localizer - INFO - NMF converged at iteration 1
2025-11-14 18:45:06,153 - nmf_localizer.core.localizer - INFO - Factorization complete: 2 iterations, final loss: 0.081438
2025-11-14 18:45:06,153 - nmf_localizer.core.localizer - INFO - Computing group norms for localization
2025-11-14 18:45:06,156 - nmf_localizer.core.localizer - INFO - Localization result: [85.0] degrees
Evaluating:   8%|▊         | 15/185 [00:01<00:12, 13.50it/s]2025-11-14 18:45:06,157 - nmf_localizer.core.localizer - INFO - Starting NMF factorization
2025-11-14 18:45:06,157 - nmf_localizer.core.localizer - INFO - Input Y shape: torch.Size([346, 88])
2025-11-14 18:45:06,157 - nmf_localizer.core.localizer - INFO - A shape: torch.Size([346, 1850])
2025-11-14 18:45:06,157 - nmf_localizer.core.localizer - INFO - Using competitive sparse initialization
2025-11-14 18:45:06,160 - nmf_localizer.core.localizer - INFO - X initialized: shape=torch.Size([1850, 88]), min=0.000000, max=0.000216, mean=0.000070
2025-11-14 18:45:06,213 - nmf_localizer.core.localizer - INFO - NMF converged at iteration 1
2025-11-14 18:45:06,213 - nmf_localizer.core.localizer - INFO - Factorization complete: 2 iterations, final loss: 0.048610
2025-11-14 18:45:06,213 - nmf_localizer.core.localizer - INFO - Computing group norms for localization
2025-11-14 18:45:06,216 - nmf_localizer.core.localizer - INFO - Localization result: [0.0] degrees
2025-11-14 18:45:06,216 - nmf_localizer.core.localizer - INFO - Starting NMF factorization
2025-11-14 18:45:06,216 - nmf_localizer.core.localizer - INFO - Input Y shape: torch.Size([346, 79])
2025-11-14 18:45:06,216 - nmf_localizer.core.localizer - INFO - A shape: torch.Size([346, 1850])
2025-11-14 18:45:06,216 - nmf_localizer.core.localizer - INFO - Using competitive sparse initialization
2025-11-14 18:45:06,220 - nmf_localizer.core.localizer - INFO - X initialized: shape=torch.Size([1850, 79]), min=0.000000, max=0.000230, mean=0.000072
2025-11-14 18:45:06,273 - nmf_localizer.core.localizer - INFO - NMF converged at iteration 1
2025-11-14 18:45:06,273 - nmf_localizer.core.localizer - INFO - Factorization complete: 2 iterations, final loss: 0.062632
2025-11-14 18:45:06,273 - nmf_localizer.core.localizer - INFO - Computing group norms for localization
2025-11-14 18:45:06,276 - nmf_localizer.core.localizer - INFO - Localization result: [0.0] degrees
Evaluating:   9%|▉         | 17/185 [00:01<00:11, 14.39it/s]2025-11-14 18:45:06,276 - nmf_localizer.core.localizer - INFO - Starting NMF factorization
2025-11-14 18:45:06,276 - nmf_localizer.core.localizer - INFO - Input Y shape: torch.Size([346, 85])
2025-11-14 18:45:06,276 - nmf_localizer.core.localizer - INFO - A shape: torch.Size([346, 1850])
2025-11-14 18:45:06,276 - nmf_localizer.core.localizer - INFO - Using competitive sparse initialization
2025-11-14 18:45:06,280 - nmf_localizer.core.localizer - INFO - X initialized: shape=torch.Size([1850, 85]), min=0.000000, max=0.000277, mean=0.000076
2025-11-14 18:45:06,334 - nmf_localizer.core.localizer - INFO - NMF converged at iteration 1
2025-11-14 18:45:06,334 - nmf_localizer.core.localizer - INFO - Factorization complete: 2 iterations, final loss: 0.057621
2025-11-14 18:45:06,334 - nmf_localizer.core.localizer - INFO - Computing group norms for localization
2025-11-14 18:45:06,336 - nmf_localizer.core.localizer - INFO - Localization result: [0.0] degrees
2025-11-14 18:45:06,337 - nmf_localizer.core.localizer - INFO - Starting NMF factorization
2025-11-14 18:45:06,337 - nmf_localizer.core.localizer - INFO - Input Y shape: torch.Size([346, 83])
2025-11-14 18:45:06,337 - nmf_localizer.core.localizer - INFO - A shape: torch.Size([346, 1850])
2025-11-14 18:45:06,337 - nmf_localizer.core.localizer - INFO - Using competitive sparse initialization
2025-11-14 18:45:06,341 - nmf_localizer.core.localizer - INFO - X initialized: shape=torch.Size([1850, 83]), min=0.000000, max=0.000342, mean=0.000106
2025-11-14 18:45:06,394 - nmf_localizer.core.localizer - INFO - NMF converged at iteration 1
2025-11-14 18:45:06,394 - nmf_localizer.core.localizer - INFO - Factorization complete: 2 iterations, final loss: 0.112562
2025-11-14 18:45:06,394 - nmf_localizer.core.localizer - INFO - Computing group norms for localization
2025-11-14 18:45:06,397 - nmf_localizer.core.localizer - INFO - Localization result: [0.0] degrees
Evaluating:  10%|█         | 19/185 [00:02<00:11, 14.99it/s]2025-11-14 18:45:06,398 - nmf_localizer.core.localizer - INFO - Starting NMF factorization
2025-11-14 18:45:06,398 - nmf_localizer.core.localizer - INFO - Input Y shape: torch.Size([346, 89])
2025-11-14 18:45:06,398 - nmf_localizer.core.localizer - INFO - A shape: torch.Size([346, 1850])
2025-11-14 18:45:06,398 - nmf_localizer.core.localizer - INFO - Using competitive sparse initialization
2025-11-14 18:45:06,401 - nmf_localizer.core.localizer - INFO - X initialized: shape=torch.Size([1850, 89]), min=0.000000, max=0.000236, mean=0.000077
2025-11-14 18:45:06,454 - nmf_localizer.core.localizer - INFO - NMF converged at iteration 1
2025-11-14 18:45:06,454 - nmf_localizer.core.localizer - INFO - Factorization complete: 2 iterations, final loss: 0.077151
2025-11-14 18:45:06,454 - nmf_localizer.core.localizer - INFO - Computing group norms for localization
2025-11-14 18:45:06,456 - nmf_localizer.core.localizer - INFO - Localization result: [0.0] degrees
2025-11-14 18:45:06,457 - nmf_localizer.core.localizer - INFO - Starting NMF factorization
2025-11-14 18:45:06,457 - nmf_localizer.core.localizer - INFO - Input Y shape: torch.Size([346, 88])
2025-11-14 18:45:06,457 - nmf_localizer.core.localizer - INFO - A shape: torch.Size([346, 1850])
2025-11-14 18:45:06,457 - nmf_localizer.core.localizer - INFO - Using competitive sparse initialization
2025-11-14 18:45:06,461 - nmf_localizer.core.localizer - INFO - X initialized: shape=torch.Size([1850, 88]), min=0.000000, max=0.000262, mean=0.000081
2025-11-14 18:45:06,512 - nmf_localizer.core.localizer - INFO - NMF converged at iteration 1
2025-11-14 18:45:06,512 - nmf_localizer.core.localizer - INFO - Factorization complete: 2 iterations, final loss: 0.079737
2025-11-14 18:45:06,512 - nmf_localizer.core.localizer - INFO - Computing group norms for localization
2025-11-14 18:45:06,515 - nmf_localizer.core.localizer - INFO - Localization result: [0.0] degrees
Evaluating:  11%|█▏        | 21/185 [00:02<00:10, 15.55it/s]2025-11-14 18:45:06,516 - nmf_localizer.core.localizer - INFO - Starting NMF factorization
2025-11-14 18:45:06,516 - nmf_localizer.core.localizer - INFO - Input Y shape: torch.Size([346, 79])
2025-11-14 18:45:06,516 - nmf_localizer.core.localizer - INFO - A shape: torch.Size([346, 1850])
2025-11-14 18:45:06,516 - nmf_localizer.core.localizer - INFO - Using competitive sparse initialization
2025-11-14 18:45:06,519 - nmf_localizer.core.localizer - INFO - X initialized: shape=torch.Size([1850, 79]), min=0.000000, max=0.000227, mean=0.000066
2025-11-14 18:45:06,573 - nmf_localizer.core.localizer - INFO - NMF converged at iteration 1
2025-11-14 18:45:06,573 - nmf_localizer.core.localizer - INFO - Factorization complete: 2 iterations, final loss: 0.059243
2025-11-14 18:45:06,573 - nmf_localizer.core.localizer - INFO - Computing group norms for localization
2025-11-14 18:45:06,576 - nmf_localizer.core.localizer - INFO - Localization result: [0.0] degrees
2025-11-14 18:45:06,577 - nmf_localizer.core.localizer - INFO - Starting NMF factorization
2025-11-14 18:45:06,577 - nmf_localizer.core.localizer - INFO - Input Y shape: torch.Size([346, 85])
2025-11-14 18:45:06,577 - nmf_localizer.core.localizer - INFO - A shape: torch.Size([346, 1850])
2025-11-14 18:45:06,577 - nmf_localizer.core.localizer - INFO - Using competitive sparse initialization
2025-11-14 18:45:06,580 - nmf_localizer.core.localizer - INFO - X initialized: shape=torch.Size([1850, 85]), min=0.000000, max=0.000309, mean=0.000095
2025-11-14 18:45:06,634 - nmf_localizer.core.localizer - INFO - NMF converged at iteration 1
2025-11-14 18:45:06,634 - nmf_localizer.core.localizer - INFO - Factorization complete: 2 iterations, final loss: 0.077124
2025-11-14 18:45:06,634 - nmf_localizer.core.localizer - INFO - Computing group norms for localization
2025-11-14 18:45:06,636 - nmf_localizer.core.localizer - INFO - Localization result: [0.0] degrees
Evaluating:  12%|█▏        | 23/185 [00:02<00:10, 15.83it/s]2025-11-14 18:45:06,637 - nmf_localizer.core.localizer - INFO - Starting NMF factorization
2025-11-14 18:45:06,637 - nmf_localizer.core.localizer - INFO - Input Y shape: torch.Size([346, 83])
2025-11-14 18:45:06,637 - nmf_localizer.core.localizer - INFO - A shape: torch.Size([346, 1850])
2025-11-14 18:45:06,637 - nmf_localizer.core.localizer - INFO - Using competitive sparse initialization
2025-11-14 18:45:06,640 - nmf_localizer.core.localizer - INFO - X initialized: shape=torch.Size([1850, 83]), min=0.000000, max=0.000338, mean=0.000103
2025-11-14 18:45:06,695 - nmf_localizer.core.localizer - INFO - NMF converged at iteration 1
2025-11-14 18:45:06,695 - nmf_localizer.core.localizer - INFO - Factorization complete: 2 iterations, final loss: 0.114420
2025-11-14 18:45:06,695 - nmf_localizer.core.localizer - INFO - Computing group norms for localization
2025-11-14 18:45:06,698 - nmf_localizer.core.localizer - INFO - Localization result: [0.0] degrees
2025-11-14 18:45:06,698 - nmf_localizer.core.localizer - INFO - Starting NMF factorization
2025-11-14 18:45:06,698 - nmf_localizer.core.localizer - INFO - Input Y shape: torch.Size([346, 89])
2025-11-14 18:45:06,698 - nmf_localizer.core.localizer - INFO - A shape: torch.Size([346, 1850])
2025-11-14 18:45:06,698 - nmf_localizer.core.localizer - INFO - Using competitive sparse initialization
2025-11-14 18:45:06,702 - nmf_localizer.core.localizer - INFO - X initialized: shape=torch.Size([1850, 89]), min=0.000000, max=0.000233, mean=0.000073
2025-11-14 18:45:06,753 - nmf_localizer.core.localizer - INFO - NMF converged at iteration 1
2025-11-14 18:45:06,753 - nmf_localizer.core.localizer - INFO - Factorization complete: 2 iterations, final loss: 0.065442
2025-11-14 18:45:06,753 - nmf_localizer.core.localizer - INFO - Computing group norms for localization
2025-11-14 18:45:06,756 - nmf_localizer.core.localizer - INFO - Localization result: [0.0] degrees
Evaluating:  14%|█▎        | 25/185 [00:02<00:09, 16.08it/s]2025-11-14 18:45:06,757 - nmf_localizer.core.localizer - INFO - Starting NMF factorization
2025-11-14 18:45:06,757 - nmf_localizer.core.localizer - INFO - Input Y shape: torch.Size([346, 88])
2025-11-14 18:45:06,757 - nmf_localizer.core.localizer - INFO - A shape: torch.Size([346, 1850])
2025-11-14 18:45:06,757 - nmf_localizer.core.localizer - INFO - Using competitive sparse initialization
2025-11-14 18:45:06,760 - nmf_localizer.core.localizer - INFO - X initialized: shape=torch.Size([1850, 88]), min=0.000000, max=0.000204, mean=0.000065
2025-11-14 18:45:06,813 - nmf_localizer.core.localizer - INFO - NMF converged at iteration 1
2025-11-14 18:45:06,813 - nmf_localizer.core.localizer - INFO - Factorization complete: 2 iterations, final loss: 0.046497
2025-11-14 18:45:06,813 - nmf_localizer.core.localizer - INFO - Computing group norms for localization
2025-11-14 18:45:06,815 - nmf_localizer.core.localizer - INFO - Localization result: [0.0] degrees
2025-11-14 18:45:06,816 - nmf_localizer.core.localizer - INFO - Starting NMF factorization
2025-11-14 18:45:06,816 - nmf_localizer.core.localizer - INFO - Input Y shape: torch.Size([346, 79])
2025-11-14 18:45:06,816 - nmf_localizer.core.localizer - INFO - A shape: torch.Size([346, 1850])
2025-11-14 18:45:06,816 - nmf_localizer.core.localizer - INFO - Using competitive sparse initialization
2025-11-14 18:45:06,820 - nmf_localizer.core.localizer - INFO - X initialized: shape=torch.Size([1850, 79]), min=0.000000, max=0.000222, mean=0.000066
2025-11-14 18:45:06,875 - nmf_localizer.core.localizer - INFO - NMF converged at iteration 1
2025-11-14 18:45:06,875 - nmf_localizer.core.localizer - INFO - Factorization complete: 2 iterations, final loss: 0.061313
2025-11-14 18:45:06,875 - nmf_localizer.core.localizer - INFO - Computing group norms for localization
2025-11-14 18:45:06,878 - nmf_localizer.core.localizer - INFO - Localization result: [80.0] degrees
Evaluating:  15%|█▍        | 27/185 [00:02<00:09, 16.18it/s]2025-11-14 18:45:06,878 - nmf_localizer.core.localizer - INFO - Starting NMF factorization
2025-11-14 18:45:06,879 - nmf_localizer.core.localizer - INFO - Input Y shape: torch.Size([346, 85])
2025-11-14 18:45:06,879 - nmf_localizer.core.localizer - INFO - A shape: torch.Size([346, 1850])
2025-11-14 18:45:06,879 - nmf_localizer.core.localizer - INFO - Using competitive sparse initialization
2025-11-14 18:45:06,882 - nmf_localizer.core.localizer - INFO - X initialized: shape=torch.Size([1850, 85]), min=0.000000, max=0.000262, mean=0.000086
2025-11-14 18:45:06,936 - nmf_localizer.core.localizer - INFO - NMF converged at iteration 1
2025-11-14 18:45:06,936 - nmf_localizer.core.localizer - INFO - Factorization complete: 2 iterations, final loss: 0.057515
2025-11-14 18:45:06,936 - nmf_localizer.core.localizer - INFO - Computing group norms for localization
2025-11-14 18:45:06,938 - nmf_localizer.core.localizer - INFO - Localization result: [0.0] degrees
2025-11-14 18:45:06,939 - nmf_localizer.core.localizer - INFO - Starting NMF factorization
2025-11-14 18:45:06,939 - nmf_localizer.core.localizer - INFO - Input Y shape: torch.Size([346, 83])
2025-11-14 18:45:06,939 - nmf_localizer.core.localizer - INFO - A shape: torch.Size([346, 1850])
2025-11-14 18:45:06,939 - nmf_localizer.core.localizer - INFO - Using competitive sparse initialization
2025-11-14 18:45:06,943 - nmf_localizer.core.localizer - INFO - X initialized: shape=torch.Size([1850, 83]), min=0.000000, max=0.000357, mean=0.000108
2025-11-14 18:45:06,997 - nmf_localizer.core.localizer - INFO - NMF converged at iteration 1
2025-11-14 18:45:06,997 - nmf_localizer.core.localizer - INFO - Factorization complete: 2 iterations, final loss: 0.155395
2025-11-14 18:45:06,997 - nmf_localizer.core.localizer - INFO - Computing group norms for localization
2025-11-14 18:45:06,999 - nmf_localizer.core.localizer - INFO - Localization result: [100.0] degrees
Evaluating:  16%|█▌        | 29/185 [00:02<00:09, 16.27it/s]2025-11-14 18:45:07,000 - nmf_localizer.core.localizer - INFO - Starting NMF factorization
2025-11-14 18:45:07,000 - nmf_localizer.core.localizer - INFO - Input Y shape: torch.Size([346, 89])
2025-11-14 18:45:07,000 - nmf_localizer.core.localizer - INFO - A shape: torch.Size([346, 1850])
2025-11-14 18:45:07,000 - nmf_localizer.core.localizer - INFO - Using competitive sparse initialization
2025-11-14 18:45:07,004 - nmf_localizer.core.localizer - INFO - X initialized: shape=torch.Size([1850, 89]), min=0.000000, max=0.000205, mean=0.000064
2025-11-14 18:45:07,053 - nmf_localizer.core.localizer - INFO - NMF converged at iteration 1
2025-11-14 18:45:07,053 - nmf_localizer.core.localizer - INFO - Factorization complete: 2 iterations, final loss: 0.067859
2025-11-14 18:45:07,053 - nmf_localizer.core.localizer - INFO - Computing group norms for localization
2025-11-14 18:45:07,056 - nmf_localizer.core.localizer - INFO - Localization result: [0.0] degrees
2025-11-14 18:45:07,056 - nmf_localizer.core.localizer - INFO - Starting NMF factorization
2025-11-14 18:45:07,056 - nmf_localizer.core.localizer - INFO - Input Y shape: torch.Size([346, 88])
2025-11-14 18:45:07,056 - nmf_localizer.core.localizer - INFO - A shape: torch.Size([346, 1850])
2025-11-14 18:45:07,056 - nmf_localizer.core.localizer - INFO - Using competitive sparse initialization
2025-11-14 18:45:07,060 - nmf_localizer.core.localizer - INFO - X initialized: shape=torch.Size([1850, 88]), min=0.000000, max=0.000219, mean=0.000070
2025-11-14 18:45:07,112 - nmf_localizer.core.localizer - INFO - NMF converged at iteration 1
2025-11-14 18:45:07,112 - nmf_localizer.core.localizer - INFO - Factorization complete: 2 iterations, final loss: 0.049004
2025-11-14 18:45:07,112 - nmf_localizer.core.localizer - INFO - Computing group norms for localization
2025-11-14 18:45:07,115 - nmf_localizer.core.localizer - INFO - Localization result: [0.0] degrees
Evaluating:  17%|█▋        | 31/185 [00:02<00:09, 16.56it/s]2025-11-14 18:45:07,116 - nmf_localizer.core.localizer - INFO - Starting NMF factorization
2025-11-14 18:45:07,116 - nmf_localizer.core.localizer - INFO - Input Y shape: torch.Size([346, 79])
2025-11-14 18:45:07,116 - nmf_localizer.core.localizer - INFO - A shape: torch.Size([346, 1850])
2025-11-14 18:45:07,116 - nmf_localizer.core.localizer - INFO - Using competitive sparse initialization
2025-11-14 18:45:07,119 - nmf_localizer.core.localizer - INFO - X initialized: shape=torch.Size([1850, 79]), min=0.000000, max=0.000226, mean=0.000064
2025-11-14 18:45:07,172 - nmf_localizer.core.localizer - INFO - NMF converged at iteration 1
2025-11-14 18:45:07,172 - nmf_localizer.core.localizer - INFO - Factorization complete: 2 iterations, final loss: 0.059848
2025-11-14 18:45:07,172 - nmf_localizer.core.localizer - INFO - Computing group norms for localization
2025-11-14 18:45:07,175 - nmf_localizer.core.localizer - INFO - Localization result: [0.0] degrees
2025-11-14 18:45:07,175 - nmf_localizer.core.localizer - INFO - Starting NMF factorization
2025-11-14 18:45:07,175 - nmf_localizer.core.localizer - INFO - Input Y shape: torch.Size([346, 85])
2025-11-14 18:45:07,175 - nmf_localizer.core.localizer - INFO - A shape: torch.Size([346, 1850])
2025-11-14 18:45:07,175 - nmf_localizer.core.localizer - INFO - Using competitive sparse initialization
2025-11-14 18:45:07,179 - nmf_localizer.core.localizer - INFO - X initialized: shape=torch.Size([1850, 85]), min=0.000000, max=0.000280, mean=0.000095
2025-11-14 18:45:07,231 - nmf_localizer.core.localizer - INFO - NMF converged at iteration 1
2025-11-14 18:45:07,231 - nmf_localizer.core.localizer - INFO - Factorization complete: 2 iterations, final loss: 0.055651
2025-11-14 18:45:07,231 - nmf_localizer.core.localizer - INFO - Computing group norms for localization
2025-11-14 18:45:07,234 - nmf_localizer.core.localizer - INFO - Localization result: [80.0] degrees
Evaluating:  18%|█▊        | 33/185 [00:02<00:09, 16.63it/s]2025-11-14 18:45:07,235 - nmf_localizer.core.localizer - INFO - Starting NMF factorization
2025-11-14 18:45:07,235 - nmf_localizer.core.localizer - INFO - Input Y shape: torch.Size([346, 83])
2025-11-14 18:45:07,235 - nmf_localizer.core.localizer - INFO - A shape: torch.Size([346, 1850])
2025-11-14 18:45:07,235 - nmf_localizer.core.localizer - INFO - Using competitive sparse initialization
2025-11-14 18:45:07,239 - nmf_localizer.core.localizer - INFO - X initialized: shape=torch.Size([1850, 83]), min=0.000000, max=0.000353, mean=0.000111
2025-11-14 18:45:07,292 - nmf_localizer.core.localizer - INFO - NMF converged at iteration 1
2025-11-14 18:45:07,292 - nmf_localizer.core.localizer - INFO - Factorization complete: 2 iterations, final loss: 0.103415
2025-11-14 18:45:07,292 - nmf_localizer.core.localizer - INFO - Computing group norms for localization
2025-11-14 18:45:07,295 - nmf_localizer.core.localizer - INFO - Localization result: [80.0] degrees
2025-11-14 18:45:07,295 - nmf_localizer.core.localizer - INFO - Starting NMF factorization
2025-11-14 18:45:07,296 - nmf_localizer.core.localizer - INFO - Input Y shape: torch.Size([346, 89])
2025-11-14 18:45:07,296 - nmf_localizer.core.localizer - INFO - A shape: torch.Size([346, 1850])
2025-11-14 18:45:07,296 - nmf_localizer.core.localizer - INFO - Using competitive sparse initialization
2025-11-14 18:45:07,299 - nmf_localizer.core.localizer - INFO - X initialized: shape=torch.Size([1850, 89]), min=0.000000, max=0.000246, mean=0.000069
2025-11-14 18:45:07,354 - nmf_localizer.core.localizer - INFO - NMF converged at iteration 1
2025-11-14 18:45:07,354 - nmf_localizer.core.localizer - INFO - Factorization complete: 2 iterations, final loss: 0.076665
2025-11-14 18:45:07,354 - nmf_localizer.core.localizer - INFO - Computing group norms for localization
2025-11-14 18:45:07,357 - nmf_localizer.core.localizer - INFO - Localization result: [0.0] degrees
Evaluating:  19%|█▉        | 35/185 [00:03<00:09, 16.54it/s]2025-11-14 18:45:07,357 - nmf_localizer.core.localizer - INFO - Starting NMF factorization
2025-11-14 18:45:07,357 - nmf_localizer.core.localizer - INFO - Input Y shape: torch.Size([346, 88])
2025-11-14 18:45:07,357 - nmf_localizer.core.localizer - INFO - A shape: torch.Size([346, 1850])
2025-11-14 18:45:07,357 - nmf_localizer.core.localizer - INFO - Using competitive sparse initialization
2025-11-14 18:45:07,361 - nmf_localizer.core.localizer - INFO - X initialized: shape=torch.Size([1850, 88]), min=0.000000, max=0.000208, mean=0.000059
2025-11-14 18:45:07,412 - nmf_localizer.core.localizer - INFO - NMF converged at iteration 1
2025-11-14 18:45:07,412 - nmf_localizer.core.localizer - INFO - Factorization complete: 2 iterations, final loss: 0.046025
2025-11-14 18:45:07,412 - nmf_localizer.core.localizer - INFO - Computing group norms for localization
2025-11-14 18:45:07,415 - nmf_localizer.core.localizer - INFO - Localization result: [0.0] degrees
2025-11-14 18:45:07,415 - nmf_localizer.core.localizer - INFO - Starting NMF factorization
2025-11-14 18:45:07,415 - nmf_localizer.core.localizer - INFO - Input Y shape: torch.Size([346, 79])
2025-11-14 18:45:07,416 - nmf_localizer.core.localizer - INFO - A shape: torch.Size([346, 1850])
2025-11-14 18:45:07,416 - nmf_localizer.core.localizer - INFO - Using competitive sparse initialization
2025-11-14 18:45:07,419 - nmf_localizer.core.localizer - INFO - X initialized: shape=torch.Size([1850, 79]), min=0.000000, max=0.000240, mean=0.000072
2025-11-14 18:45:07,473 - nmf_localizer.core.localizer - INFO - NMF converged at iteration 1
2025-11-14 18:45:07,473 - nmf_localizer.core.localizer - INFO - Factorization complete: 2 iterations, final loss: 0.066839
2025-11-14 18:45:07,474 - nmf_localizer.core.localizer - INFO - Computing group norms for localization
2025-11-14 18:45:07,476 - nmf_localizer.core.localizer - INFO - Localization result: [105.0] degrees
Evaluating:  20%|██        | 37/185 [00:03<00:08, 16.60it/s]2025-11-14 18:45:07,477 - nmf_localizer.core.localizer - INFO - Starting NMF factorization
2025-11-14 18:45:07,477 - nmf_localizer.core.localizer - INFO - Input Y shape: torch.Size([346, 85])
2025-11-14 18:45:07,477 - nmf_localizer.core.localizer - INFO - A shape: torch.Size([346, 1850])
2025-11-14 18:45:07,477 - nmf_localizer.core.localizer - INFO - Using competitive sparse initialization
2025-11-14 18:45:07,480 - nmf_localizer.core.localizer - INFO - X initialized: shape=torch.Size([1850, 85]), min=0.000000, max=0.000295, mean=0.000082
2025-11-14 18:45:07,534 - nmf_localizer.core.localizer - INFO - NMF converged at iteration 1
2025-11-14 18:45:07,534 - nmf_localizer.core.localizer - INFO - Factorization complete: 2 iterations, final loss: 0.057451
2025-11-14 18:45:07,534 - nmf_localizer.core.localizer - INFO - Computing group norms for localization
2025-11-14 18:45:07,537 - nmf_localizer.core.localizer - INFO - Localization result: [0.0] degrees
2025-11-14 18:45:07,537 - nmf_localizer.core.localizer - INFO - Starting NMF factorization
2025-11-14 18:45:07,537 - nmf_localizer.core.localizer - INFO - Input Y shape: torch.Size([346, 83])
2025-11-14 18:45:07,537 - nmf_localizer.core.localizer - INFO - A shape: torch.Size([346, 1850])
2025-11-14 18:45:07,537 - nmf_localizer.core.localizer - INFO - Using competitive sparse initialization
2025-11-14 18:45:07,541 - nmf_localizer.core.localizer - INFO - X initialized: shape=torch.Size([1850, 83]), min=0.000000, max=0.000376, mean=0.000132
2025-11-14 18:45:07,594 - nmf_localizer.core.localizer - INFO - NMF converged at iteration 1
2025-11-14 18:45:07,594 - nmf_localizer.core.localizer - INFO - Factorization complete: 2 iterations, final loss: 0.121480
2025-11-14 18:45:07,594 - nmf_localizer.core.localizer - INFO - Computing group norms for localization
2025-11-14 18:45:07,596 - nmf_localizer.core.localizer - INFO - Localization result: [85.0] degrees
Evaluating:  21%|██        | 39/185 [00:03<00:08, 16.60it/s]2025-11-14 18:45:07,597 - nmf_localizer.core.localizer - INFO - Starting NMF factorization
2025-11-14 18:45:07,597 - nmf_localizer.core.localizer - INFO - Input Y shape: torch.Size([346, 89])
2025-11-14 18:45:07,597 - nmf_localizer.core.localizer - INFO - A shape: torch.Size([346, 1850])
2025-11-14 18:45:07,597 - nmf_localizer.core.localizer - INFO - Using competitive sparse initialization
2025-11-14 18:45:07,601 - nmf_localizer.core.localizer - INFO - X initialized: shape=torch.Size([1850, 89]), min=0.000000, max=0.000249, mean=0.000070
2025-11-14 18:45:07,654 - nmf_localizer.core.localizer - INFO - NMF converged at iteration 1
2025-11-14 18:45:07,654 - nmf_localizer.core.localizer - INFO - Factorization complete: 2 iterations, final loss: 0.078869
2025-11-14 18:45:07,654 - nmf_localizer.core.localizer - INFO - Computing group norms for localization
2025-11-14 18:45:07,657 - nmf_localizer.core.localizer - INFO - Localization result: [0.0] degrees
2025-11-14 18:45:07,658 - nmf_localizer.core.localizer - INFO - Starting NMF factorization
2025-11-14 18:45:07,658 - nmf_localizer.core.localizer - INFO - Input Y shape: torch.Size([346, 88])
2025-11-14 18:45:07,658 - nmf_localizer.core.localizer - INFO - A shape: torch.Size([346, 1850])
2025-11-14 18:45:07,658 - nmf_localizer.core.localizer - INFO - Using competitive sparse initialization
2025-11-14 18:45:07,661 - nmf_localizer.core.localizer - INFO - X initialized: shape=torch.Size([1850, 88]), min=0.000000, max=0.000200, mean=0.000068
2025-11-14 18:45:07,711 - nmf_localizer.core.localizer - INFO - NMF converged at iteration 1
2025-11-14 18:45:07,711 - nmf_localizer.core.localizer - INFO - Factorization complete: 2 iterations, final loss: 0.042425
2025-11-14 18:45:07,711 - nmf_localizer.core.localizer - INFO - Computing group norms for localization
2025-11-14 18:45:07,714 - nmf_localizer.core.localizer - INFO - Localization result: [0.0] degrees
Evaluating:  22%|██▏       | 41/185 [00:03<00:08, 16.74it/s]2025-11-14 18:45:07,714 - nmf_localizer.core.localizer - INFO - Starting NMF factorization
2025-11-14 18:45:07,714 - nmf_localizer.core.localizer - INFO - Input Y shape: torch.Size([346, 79])
2025-11-14 18:45:07,714 - nmf_localizer.core.localizer - INFO - A shape: torch.Size([346, 1850])
2025-11-14 18:45:07,714 - nmf_localizer.core.localizer - INFO - Using competitive sparse initialization
2025-11-14 18:45:07,718 - nmf_localizer.core.localizer - INFO - X initialized: shape=torch.Size([1850, 79]), min=0.000000, max=0.000269, mean=0.000082
2025-11-14 18:45:07,770 - nmf_localizer.core.localizer - INFO - NMF converged at iteration 1
2025-11-14 18:45:07,770 - nmf_localizer.core.localizer - INFO - Factorization complete: 2 iterations, final loss: 0.079269
2025-11-14 18:45:07,770 - nmf_localizer.core.localizer - INFO - Computing group norms for localization
2025-11-14 18:45:07,773 - nmf_localizer.core.localizer - INFO - Localization result: [0.0] degrees
2025-11-14 18:45:07,774 - nmf_localizer.core.localizer - INFO - Starting NMF factorization
2025-11-14 18:45:07,774 - nmf_localizer.core.localizer - INFO - Input Y shape: torch.Size([346, 85])
2025-11-14 18:45:07,774 - nmf_localizer.core.localizer - INFO - A shape: torch.Size([346, 1850])
2025-11-14 18:45:07,774 - nmf_localizer.core.localizer - INFO - Using competitive sparse initialization
2025-11-14 18:45:07,777 - nmf_localizer.core.localizer - INFO - X initialized: shape=torch.Size([1850, 85]), min=0.000000, max=0.000298, mean=0.000085
2025-11-14 18:45:07,831 - nmf_localizer.core.localizer - INFO - NMF converged at iteration 1
2025-11-14 18:45:07,831 - nmf_localizer.core.localizer - INFO - Factorization complete: 2 iterations, final loss: 0.056578
2025-11-14 18:45:07,831 - nmf_localizer.core.localizer - INFO - Computing group norms for localization
2025-11-14 18:45:07,834 - nmf_localizer.core.localizer - INFO - Localization result: [0.0] degrees
Evaluating:  23%|██▎       | 43/185 [00:03<00:08, 16.71it/s]2025-11-14 18:45:07,834 - nmf_localizer.core.localizer - INFO - Starting NMF factorization
2025-11-14 18:45:07,834 - nmf_localizer.core.localizer - INFO - Input Y shape: torch.Size([346, 83])
2025-11-14 18:45:07,834 - nmf_localizer.core.localizer - INFO - A shape: torch.Size([346, 1850])
2025-11-14 18:45:07,834 - nmf_localizer.core.localizer - INFO - Using competitive sparse initialization
2025-11-14 18:45:07,838 - nmf_localizer.core.localizer - INFO - X initialized: shape=torch.Size([1850, 83]), min=0.000000, max=0.000391, mean=0.000119
2025-11-14 18:45:07,892 - nmf_localizer.core.localizer - INFO - NMF converged at iteration 1
2025-11-14 18:45:07,892 - nmf_localizer.core.localizer - INFO - Factorization complete: 2 iterations, final loss: 0.138715
2025-11-14 18:45:07,892 - nmf_localizer.core.localizer - INFO - Computing group norms for localization
2025-11-14 18:45:07,894 - nmf_localizer.core.localizer - INFO - Localization result: [105.0] degrees
2025-11-14 18:45:07,895 - nmf_localizer.core.localizer - INFO - Starting NMF factorization
2025-11-14 18:45:07,895 - nmf_localizer.core.localizer - INFO - Input Y shape: torch.Size([346, 89])
2025-11-14 18:45:07,895 - nmf_localizer.core.localizer - INFO - A shape: torch.Size([346, 1850])
2025-11-14 18:45:07,895 - nmf_localizer.core.localizer - INFO - Using competitive sparse initialization
2025-11-14 18:45:07,899 - nmf_localizer.core.localizer - INFO - X initialized: shape=torch.Size([1850, 89]), min=0.000000, max=0.000271, mean=0.000078
2025-11-14 18:45:07,953 - nmf_localizer.core.localizer - INFO - NMF converged at iteration 1
2025-11-14 18:45:07,953 - nmf_localizer.core.localizer - INFO - Factorization complete: 2 iterations, final loss: 0.080035
2025-11-14 18:45:07,954 - nmf_localizer.core.localizer - INFO - Computing group norms for localization
2025-11-14 18:45:07,956 - nmf_localizer.core.localizer - INFO - Localization result: [105.0] degrees
Evaluating:  24%|██▍       | 45/185 [00:03<00:08, 16.60it/s]2025-11-14 18:45:07,957 - nmf_localizer.core.localizer - INFO - Starting NMF factorization
2025-11-14 18:45:07,957 - nmf_localizer.core.localizer - INFO - Input Y shape: torch.Size([346, 88])
2025-11-14 18:45:07,957 - nmf_localizer.core.localizer - INFO - A shape: torch.Size([346, 1850])
2025-11-14 18:45:07,957 - nmf_localizer.core.localizer - INFO - Using competitive sparse initialization
2025-11-14 18:45:07,961 - nmf_localizer.core.localizer - INFO - X initialized: shape=torch.Size([1850, 88]), min=0.000000, max=0.000181, mean=0.000052
2025-11-14 18:45:08,008 - nmf_localizer.core.localizer - INFO - NMF converged at iteration 1
2025-11-14 18:45:08,008 - nmf_localizer.core.localizer - INFO - Factorization complete: 2 iterations, final loss: 0.033768
2025-11-14 18:45:08,008 - nmf_localizer.core.localizer - INFO - Computing group norms for localization
2025-11-14 18:45:08,011 - nmf_localizer.core.localizer - INFO - Localization result: [0.0] degrees
2025-11-14 18:45:08,012 - nmf_localizer.core.localizer - INFO - Starting NMF factorization
2025-11-14 18:45:08,012 - nmf_localizer.core.localizer - INFO - Input Y shape: torch.Size([346, 79])
2025-11-14 18:45:08,012 - nmf_localizer.core.localizer - INFO - A shape: torch.Size([346, 1850])
2025-11-14 18:45:08,012 - nmf_localizer.core.localizer - INFO - Using competitive sparse initialization
2025-11-14 18:45:08,015 - nmf_localizer.core.localizer - INFO - X initialized: shape=torch.Size([1850, 79]), min=0.000000, max=0.000307, mean=0.000098
2025-11-14 18:45:08,069 - nmf_localizer.core.localizer - INFO - NMF converged at iteration 1
2025-11-14 18:45:08,069 - nmf_localizer.core.localizer - INFO - Factorization complete: 2 iterations, final loss: 0.099510
2025-11-14 18:45:08,069 - nmf_localizer.core.localizer - INFO - Computing group norms for localization
2025-11-14 18:45:08,071 - nmf_localizer.core.localizer - INFO - Localization result: [100.0] degrees
Evaluating:  25%|██▌       | 47/185 [00:03<00:08, 16.82it/s]2025-11-14 18:45:08,072 - nmf_localizer.core.localizer - INFO - Starting NMF factorization
2025-11-14 18:45:08,072 - nmf_localizer.core.localizer - INFO - Input Y shape: torch.Size([346, 85])
2025-11-14 18:45:08,072 - nmf_localizer.core.localizer - INFO - A shape: torch.Size([346, 1850])
2025-11-14 18:45:08,072 - nmf_localizer.core.localizer - INFO - Using competitive sparse initialization
2025-11-14 18:45:08,076 - nmf_localizer.core.localizer - INFO - X initialized: shape=torch.Size([1850, 85]), min=0.000000, max=0.000335, mean=0.000098
2025-11-14 18:45:08,130 - nmf_localizer.core.localizer - INFO - NMF converged at iteration 1
2025-11-14 18:45:08,130 - nmf_localizer.core.localizer - INFO - Factorization complete: 2 iterations, final loss: 0.071235
2025-11-14 18:45:08,130 - nmf_localizer.core.localizer - INFO - Computing group norms for localization
2025-11-14 18:45:08,133 - nmf_localizer.core.localizer - INFO - Localization result: [0.0] degrees
2025-11-14 18:45:08,133 - nmf_localizer.core.localizer - INFO - Starting NMF factorization
2025-11-14 18:45:08,133 - nmf_localizer.core.localizer - INFO - Input Y shape: torch.Size([346, 83])
2025-11-14 18:45:08,133 - nmf_localizer.core.localizer - INFO - A shape: torch.Size([346, 1850])
2025-11-14 18:45:08,133 - nmf_localizer.core.localizer - INFO - Using competitive sparse initialization
2025-11-14 18:45:08,137 - nmf_localizer.core.localizer - INFO - X initialized: shape=torch.Size([1850, 83]), min=0.000000, max=0.000153, mean=0.000050
2025-11-14 18:45:08,183 - nmf_localizer.core.localizer - INFO - NMF converged at iteration 1
2025-11-14 18:45:08,183 - nmf_localizer.core.localizer - INFO - Factorization complete: 2 iterations, final loss: 0.017720
2025-11-14 18:45:08,184 - nmf_localizer.core.localizer - INFO - Computing group norms for localization
2025-11-14 18:45:08,186 - nmf_localizer.core.localizer - INFO - Localization result: [0.0] degrees
Evaluating:  26%|██▋       | 49/185 [00:03<00:07, 17.00it/s]2025-11-14 18:45:08,187 - nmf_localizer.core.localizer - INFO - Starting NMF factorization
2025-11-14 18:45:08,187 - nmf_localizer.core.localizer - INFO - Input Y shape: torch.Size([346, 89])
2025-11-14 18:45:08,187 - nmf_localizer.core.localizer - INFO - A shape: torch.Size([346, 1850])
2025-11-14 18:45:08,187 - nmf_localizer.core.localizer - INFO - Using competitive sparse initialization
2025-11-14 18:45:08,190 - nmf_localizer.core.localizer - INFO - X initialized: shape=torch.Size([1850, 89]), min=0.000000, max=0.000275, mean=0.000083
2025-11-14 18:45:08,243 - nmf_localizer.core.localizer - INFO - NMF converged at iteration 1
2025-11-14 18:45:08,243 - nmf_localizer.core.localizer - INFO - Factorization complete: 2 iterations, final loss: 0.074137
2025-11-14 18:45:08,243 - nmf_localizer.core.localizer - INFO - Computing group norms for localization
2025-11-14 18:45:08,246 - nmf_localizer.core.localizer - INFO - Localization result: [110.0] degrees
2025-11-14 18:45:08,246 - nmf_localizer.core.localizer - INFO - Starting NMF factorization
2025-11-14 18:45:08,246 - nmf_localizer.core.localizer - INFO - Input Y shape: torch.Size([346, 88])
2025-11-14 18:45:08,246 - nmf_localizer.core.localizer - INFO - A shape: torch.Size([346, 1850])
2025-11-14 18:45:08,246 - nmf_localizer.core.localizer - INFO - Using competitive sparse initialization
2025-11-14 18:45:08,250 - nmf_localizer.core.localizer - INFO - X initialized: shape=torch.Size([1850, 88]), min=0.000000, max=0.000195, mean=0.000053
2025-11-14 18:45:08,301 - nmf_localizer.core.localizer - INFO - NMF converged at iteration 1
2025-11-14 18:45:08,301 - nmf_localizer.core.localizer - INFO - Factorization complete: 2 iterations, final loss: 0.043568
2025-11-14 18:45:08,301 - nmf_localizer.core.localizer - INFO - Computing group norms for localization
2025-11-14 18:45:08,304 - nmf_localizer.core.localizer - INFO - Localization result: [0.0] degrees
Evaluating:  28%|██▊       | 51/185 [00:04<00:07, 16.99it/s]2025-11-14 18:45:08,305 - nmf_localizer.core.localizer - INFO - Starting NMF factorization
2025-11-14 18:45:08,305 - nmf_localizer.core.localizer - INFO - Input Y shape: torch.Size([346, 79])
2025-11-14 18:45:08,305 - nmf_localizer.core.localizer - INFO - A shape: torch.Size([346, 1850])
2025-11-14 18:45:08,305 - nmf_localizer.core.localizer - INFO - Using competitive sparse initialization
2025-11-14 18:45:08,309 - nmf_localizer.core.localizer - INFO - X initialized: shape=torch.Size([1850, 79]), min=0.000000, max=0.000241, mean=0.000060
2025-11-14 18:45:08,363 - nmf_localizer.core.localizer - INFO - NMF converged at iteration 1
2025-11-14 18:45:08,363 - nmf_localizer.core.localizer - INFO - Factorization complete: 2 iterations, final loss: 0.070330
2025-11-14 18:45:08,363 - nmf_localizer.core.localizer - INFO - Computing group norms for localization
2025-11-14 18:45:08,366 - nmf_localizer.core.localizer - INFO - Localization result: [0.0] degrees
2025-11-14 18:45:08,366 - nmf_localizer.core.localizer - INFO - Starting NMF factorization
2025-11-14 18:45:08,366 - nmf_localizer.core.localizer - INFO - Input Y shape: torch.Size([346, 85])
2025-11-14 18:45:08,366 - nmf_localizer.core.localizer - INFO - A shape: torch.Size([346, 1850])
2025-11-14 18:45:08,367 - nmf_localizer.core.localizer - INFO - Using competitive sparse initialization
2025-11-14 18:45:08,370 - nmf_localizer.core.localizer - INFO - X initialized: shape=torch.Size([1850, 85]), min=0.000000, max=0.000307, mean=0.000084
2025-11-14 18:45:08,425 - nmf_localizer.core.localizer - INFO - NMF converged at iteration 1
2025-11-14 18:45:08,425 - nmf_localizer.core.localizer - INFO - Factorization complete: 2 iterations, final loss: 0.068496
2025-11-14 18:45:08,425 - nmf_localizer.core.localizer - INFO - Computing group norms for localization
2025-11-14 18:45:08,427 - nmf_localizer.core.localizer - INFO - Localization result: [0.0] degrees
Evaluating:  29%|██▊       | 53/185 [00:04<00:07, 16.74it/s]2025-11-14 18:45:08,428 - nmf_localizer.core.localizer - INFO - Starting NMF factorization
2025-11-14 18:45:08,428 - nmf_localizer.core.localizer - INFO - Input Y shape: torch.Size([346, 83])
2025-11-14 18:45:08,428 - nmf_localizer.core.localizer - INFO - A shape: torch.Size([346, 1850])
2025-11-14 18:45:08,428 - nmf_localizer.core.localizer - INFO - Using competitive sparse initialization
2025-11-14 18:45:08,432 - nmf_localizer.core.localizer - INFO - X initialized: shape=torch.Size([1850, 83]), min=0.000000, max=0.000388, mean=0.000115
2025-11-14 18:45:08,486 - nmf_localizer.core.localizer - INFO - NMF converged at iteration 1
2025-11-14 18:45:08,486 - nmf_localizer.core.localizer - INFO - Factorization complete: 2 iterations, final loss: 0.182998
2025-11-14 18:45:08,486 - nmf_localizer.core.localizer - INFO - Computing group norms for localization
2025-11-14 18:45:08,489 - nmf_localizer.core.localizer - INFO - Localization result: [95.0] degrees
2025-11-14 18:45:08,490 - nmf_localizer.core.localizer - INFO - Starting NMF factorization
2025-11-14 18:45:08,490 - nmf_localizer.core.localizer - INFO - Input Y shape: torch.Size([346, 89])
2025-11-14 18:45:08,490 - nmf_localizer.core.localizer - INFO - A shape: torch.Size([346, 1850])
2025-11-14 18:45:08,490 - nmf_localizer.core.localizer - INFO - Using competitive sparse initialization
2025-11-14 18:45:08,493 - nmf_localizer.core.localizer - INFO - X initialized: shape=torch.Size([1850, 89]), min=0.000000, max=0.000262, mean=0.000090
2025-11-14 18:45:08,545 - nmf_localizer.core.localizer - INFO - NMF converged at iteration 1
2025-11-14 18:45:08,545 - nmf_localizer.core.localizer - INFO - Factorization complete: 2 iterations, final loss: 0.066721
2025-11-14 18:45:08,545 - nmf_localizer.core.localizer - INFO - Computing group norms for localization
2025-11-14 18:45:08,548 - nmf_localizer.core.localizer - INFO - Localization result: [0.0] degrees
Evaluating:  30%|██▉       | 55/185 [00:04<00:07, 16.72it/s]2025-11-14 18:45:08,548 - nmf_localizer.core.localizer - INFO - Starting NMF factorization
2025-11-14 18:45:08,548 - nmf_localizer.core.localizer - INFO - Input Y shape: torch.Size([346, 88])
2025-11-14 18:45:08,548 - nmf_localizer.core.localizer - INFO - A shape: torch.Size([346, 1850])
2025-11-14 18:45:08,548 - nmf_localizer.core.localizer - INFO - Using competitive sparse initialization
2025-11-14 18:45:08,552 - nmf_localizer.core.localizer - INFO - X initialized: shape=torch.Size([1850, 88]), min=0.000000, max=0.000232, mean=0.000064
2025-11-14 18:45:08,604 - nmf_localizer.core.localizer - INFO - NMF converged at iteration 1
2025-11-14 18:45:08,604 - nmf_localizer.core.localizer - INFO - Factorization complete: 2 iterations, final loss: 0.068249
2025-11-14 18:45:08,604 - nmf_localizer.core.localizer - INFO - Computing group norms for localization
2025-11-14 18:45:08,607 - nmf_localizer.core.localizer - INFO - Localization result: [0.0] degrees
2025-11-14 18:45:08,607 - nmf_localizer.core.localizer - INFO - Starting NMF factorization
2025-11-14 18:45:08,607 - nmf_localizer.core.localizer - INFO - Input Y shape: torch.Size([346, 79])
2025-11-14 18:45:08,607 - nmf_localizer.core.localizer - INFO - A shape: torch.Size([346, 1850])
2025-11-14 18:45:08,607 - nmf_localizer.core.localizer - INFO - Using competitive sparse initialization
2025-11-14 18:45:08,611 - nmf_localizer.core.localizer - INFO - X initialized: shape=torch.Size([1850, 79]), min=0.000000, max=0.000232, mean=0.000065
2025-11-14 18:45:08,664 - nmf_localizer.core.localizer - INFO - NMF converged at iteration 1
2025-11-14 18:45:08,664 - nmf_localizer.core.localizer - INFO - Factorization complete: 2 iterations, final loss: 0.070373
2025-11-14 18:45:08,664 - nmf_localizer.core.localizer - INFO - Computing group norms for localization
2025-11-14 18:45:08,667 - nmf_localizer.core.localizer - INFO - Localization result: [95.0] degrees
Evaluating:  31%|███       | 57/185 [00:04<00:07, 16.73it/s]2025-11-14 18:45:08,667 - nmf_localizer.core.localizer - INFO - Starting NMF factorization
2025-11-14 18:45:08,668 - nmf_localizer.core.localizer - INFO - Input Y shape: torch.Size([346, 85])
2025-11-14 18:45:08,668 - nmf_localizer.core.localizer - INFO - A shape: torch.Size([346, 1850])
2025-11-14 18:45:08,668 - nmf_localizer.core.localizer - INFO - Using competitive sparse initialization
2025-11-14 18:45:08,671 - nmf_localizer.core.localizer - INFO - X initialized: shape=torch.Size([1850, 85]), min=0.000000, max=0.000313, mean=0.000091
2025-11-14 18:45:08,725 - nmf_localizer.core.localizer - INFO - NMF converged at iteration 1
2025-11-14 18:45:08,725 - nmf_localizer.core.localizer - INFO - Factorization complete: 2 iterations, final loss: 0.060181
2025-11-14 18:45:08,725 - nmf_localizer.core.localizer - INFO - Computing group norms for localization
2025-11-14 18:45:08,728 - nmf_localizer.core.localizer - INFO - Localization result: [0.0] degrees
2025-11-14 18:45:08,728 - nmf_localizer.core.localizer - INFO - Starting NMF factorization
2025-11-14 18:45:08,728 - nmf_localizer.core.localizer - INFO - Input Y shape: torch.Size([346, 83])
2025-11-14 18:45:08,728 - nmf_localizer.core.localizer - INFO - A shape: torch.Size([346, 1850])
2025-11-14 18:45:08,728 - nmf_localizer.core.localizer - INFO - Using competitive sparse initialization
2025-11-14 18:45:08,732 - nmf_localizer.core.localizer - INFO - X initialized: shape=torch.Size([1850, 83]), min=0.000000, max=0.000376, mean=0.000123
2025-11-14 18:45:08,784 - nmf_localizer.core.localizer - INFO - NMF converged at iteration 1
2025-11-14 18:45:08,785 - nmf_localizer.core.localizer - INFO - Factorization complete: 2 iterations, final loss: 0.180268
2025-11-14 18:45:08,785 - nmf_localizer.core.localizer - INFO - Computing group norms for localization
2025-11-14 18:45:08,787 - nmf_localizer.core.localizer - INFO - Localization result: [180.0] degrees
Evaluating:  32%|███▏      | 59/185 [00:04<00:07, 16.70it/s]2025-11-14 18:45:08,788 - nmf_localizer.core.localizer - INFO - Starting NMF factorization
2025-11-14 18:45:08,788 - nmf_localizer.core.localizer - INFO - Input Y shape: torch.Size([346, 89])
2025-11-14 18:45:08,788 - nmf_localizer.core.localizer - INFO - A shape: torch.Size([346, 1850])
2025-11-14 18:45:08,788 - nmf_localizer.core.localizer - INFO - Using competitive sparse initialization
2025-11-14 18:45:08,791 - nmf_localizer.core.localizer - INFO - X initialized: shape=torch.Size([1850, 89]), min=0.000000, max=0.000265, mean=0.000085
2025-11-14 18:45:08,846 - nmf_localizer.core.localizer - INFO - NMF converged at iteration 1
2025-11-14 18:45:08,846 - nmf_localizer.core.localizer - INFO - Factorization complete: 2 iterations, final loss: 0.071588
2025-11-14 18:45:08,846 - nmf_localizer.core.localizer - INFO - Computing group norms for localization
2025-11-14 18:45:08,849 - nmf_localizer.core.localizer - INFO - Localization result: [0.0] degrees
2025-11-14 18:45:08,849 - nmf_localizer.core.localizer - INFO - Starting NMF factorization
2025-11-14 18:45:08,849 - nmf_localizer.core.localizer - INFO - Input Y shape: torch.Size([346, 88])
2025-11-14 18:45:08,849 - nmf_localizer.core.localizer - INFO - A shape: torch.Size([346, 1850])
2025-11-14 18:45:08,849 - nmf_localizer.core.localizer - INFO - Using competitive sparse initialization
2025-11-14 18:45:08,853 - nmf_localizer.core.localizer - INFO - X initialized: shape=torch.Size([1850, 88]), min=0.000000, max=0.000298, mean=0.000083
2025-11-14 18:45:08,908 - nmf_localizer.core.localizer - INFO - NMF converged at iteration 1
2025-11-14 18:45:08,908 - nmf_localizer.core.localizer - INFO - Factorization complete: 2 iterations, final loss: 0.099698
2025-11-14 18:45:08,908 - nmf_localizer.core.localizer - INFO - Computing group norms for localization
2025-11-14 18:45:08,911 - nmf_localizer.core.localizer - INFO - Localization result: [0.0] degrees
Evaluating:  33%|███▎      | 61/185 [00:04<00:07, 16.52it/s]2025-11-14 18:45:08,912 - nmf_localizer.core.localizer - INFO - Starting NMF factorization
2025-11-14 18:45:08,912 - nmf_localizer.core.localizer - INFO - Input Y shape: torch.Size([346, 79])
2025-11-14 18:45:08,912 - nmf_localizer.core.localizer - INFO - A shape: torch.Size([346, 1850])
2025-11-14 18:45:08,912 - nmf_localizer.core.localizer - INFO - Using competitive sparse initialization
2025-11-14 18:45:08,916 - nmf_localizer.core.localizer - INFO - X initialized: shape=torch.Size([1850, 79]), min=0.000000, max=0.000243, mean=0.000072
2025-11-14 18:45:08,970 - nmf_localizer.core.localizer - INFO - NMF converged at iteration 1
2025-11-14 18:45:08,970 - nmf_localizer.core.localizer - INFO - Factorization complete: 2 iterations, final loss: 0.077655
2025-11-14 18:45:08,970 - nmf_localizer.core.localizer - INFO - Computing group norms for localization
2025-11-14 18:45:08,972 - nmf_localizer.core.localizer - INFO - Localization result: [0.0] degrees
2025-11-14 18:45:08,973 - nmf_localizer.core.localizer - INFO - Starting NMF factorization
2025-11-14 18:45:08,973 - nmf_localizer.core.localizer - INFO - Input Y shape: torch.Size([346, 85])
2025-11-14 18:45:08,973 - nmf_localizer.core.localizer - INFO - A shape: torch.Size([346, 1850])
2025-11-14 18:45:08,973 - nmf_localizer.core.localizer - INFO - Using competitive sparse initialization
2025-11-14 18:45:08,977 - nmf_localizer.core.localizer - INFO - X initialized: shape=torch.Size([1850, 85]), min=0.000000, max=0.000349, mean=0.000113
2025-11-14 18:45:09,031 - nmf_localizer.core.localizer - INFO - NMF converged at iteration 1
2025-11-14 18:45:09,031 - nmf_localizer.core.localizer - INFO - Factorization complete: 2 iterations, final loss: 0.085583
2025-11-14 18:45:09,031 - nmf_localizer.core.localizer - INFO - Computing group norms for localization
2025-11-14 18:45:09,033 - nmf_localizer.core.localizer - INFO - Localization result: [0.0] degrees
Evaluating:  34%|███▍      | 63/185 [00:04<00:07, 16.48it/s]2025-11-14 18:45:09,034 - nmf_localizer.core.localizer - INFO - Starting NMF factorization
2025-11-14 18:45:09,034 - nmf_localizer.core.localizer - INFO - Input Y shape: torch.Size([346, 83])
2025-11-14 18:45:09,034 - nmf_localizer.core.localizer - INFO - A shape: torch.Size([346, 1850])
2025-11-14 18:45:09,034 - nmf_localizer.core.localizer - INFO - Using competitive sparse initialization
2025-11-14 18:45:09,038 - nmf_localizer.core.localizer - INFO - X initialized: shape=torch.Size([1850, 83]), min=0.000000, max=0.000407, mean=0.000130
2025-11-14 18:45:09,092 - nmf_localizer.core.localizer - INFO - NMF converged at iteration 1
2025-11-14 18:45:09,092 - nmf_localizer.core.localizer - INFO - Factorization complete: 2 iterations, final loss: 0.165097
2025-11-14 18:45:09,092 - nmf_localizer.core.localizer - INFO - Computing group norms for localization
2025-11-14 18:45:09,095 - nmf_localizer.core.localizer - INFO - Localization result: [160.0] degrees
2025-11-14 18:45:09,095 - nmf_localizer.core.localizer - INFO - Starting NMF factorization
2025-11-14 18:45:09,095 - nmf_localizer.core.localizer - INFO - Input Y shape: torch.Size([346, 89])
2025-11-14 18:45:09,095 - nmf_localizer.core.localizer - INFO - A shape: torch.Size([346, 1850])
2025-11-14 18:45:09,095 - nmf_localizer.core.localizer - INFO - Using competitive sparse initialization
2025-11-14 18:45:09,099 - nmf_localizer.core.localizer - INFO - X initialized: shape=torch.Size([1850, 89]), min=0.000000, max=0.000259, mean=0.000075
2025-11-14 18:45:09,153 - nmf_localizer.core.localizer - INFO - NMF converged at iteration 1
2025-11-14 18:45:09,153 - nmf_localizer.core.localizer - INFO - Factorization complete: 2 iterations, final loss: 0.070659
2025-11-14 18:45:09,153 - nmf_localizer.core.localizer - INFO - Computing group norms for localization
2025-11-14 18:45:09,156 - nmf_localizer.core.localizer - INFO - Localization result: [0.0] degrees
Evaluating:  35%|███▌      | 65/185 [00:04<00:07, 16.42it/s]2025-11-14 18:45:09,157 - nmf_localizer.core.localizer - INFO - Starting NMF factorization
2025-11-14 18:45:09,157 - nmf_localizer.core.localizer - INFO - Input Y shape: torch.Size([346, 88])
2025-11-14 18:45:09,157 - nmf_localizer.core.localizer - INFO - A shape: torch.Size([346, 1850])
2025-11-14 18:45:09,157 - nmf_localizer.core.localizer - INFO - Using competitive sparse initialization
2025-11-14 18:45:09,161 - nmf_localizer.core.localizer - INFO - X initialized: shape=torch.Size([1850, 88]), min=0.000000, max=0.000231, mean=0.000069
2025-11-14 18:45:09,214 - nmf_localizer.core.localizer - INFO - NMF converged at iteration 1
2025-11-14 18:45:09,214 - nmf_localizer.core.localizer - INFO - Factorization complete: 2 iterations, final loss: 0.083080
2025-11-14 18:45:09,214 - nmf_localizer.core.localizer - INFO - Computing group norms for localization
2025-11-14 18:45:09,217 - nmf_localizer.core.localizer - INFO - Localization result: [0.0] degrees
2025-11-14 18:45:09,217 - nmf_localizer.core.localizer - INFO - Starting NMF factorization
2025-11-14 18:45:09,217 - nmf_localizer.core.localizer - INFO - Input Y shape: torch.Size([346, 79])
2025-11-14 18:45:09,217 - nmf_localizer.core.localizer - INFO - A shape: torch.Size([346, 1850])
2025-11-14 18:45:09,217 - nmf_localizer.core.localizer - INFO - Using competitive sparse initialization
2025-11-14 18:45:09,221 - nmf_localizer.core.localizer - INFO - X initialized: shape=torch.Size([1850, 79]), min=0.000000, max=0.000193, mean=0.000055
2025-11-14 18:45:09,274 - nmf_localizer.core.localizer - INFO - NMF converged at iteration 1
2025-11-14 18:45:09,274 - nmf_localizer.core.localizer - INFO - Factorization complete: 2 iterations, final loss: 0.060095
2025-11-14 18:45:09,274 - nmf_localizer.core.localizer - INFO - Computing group norms for localization
2025-11-14 18:45:09,277 - nmf_localizer.core.localizer - INFO - Localization result: [0.0] degrees
Evaluating:  36%|███▌      | 67/185 [00:04<00:07, 16.46it/s]2025-11-14 18:45:09,278 - nmf_localizer.core.localizer - INFO - Starting NMF factorization
2025-11-14 18:45:09,278 - nmf_localizer.core.localizer - INFO - Input Y shape: torch.Size([346, 85])
2025-11-14 18:45:09,278 - nmf_localizer.core.localizer - INFO - A shape: torch.Size([346, 1850])
2025-11-14 18:45:09,278 - nmf_localizer.core.localizer - INFO - Using competitive sparse initialization
2025-11-14 18:45:09,281 - nmf_localizer.core.localizer - INFO - X initialized: shape=torch.Size([1850, 85]), min=0.000000, max=0.000318, mean=0.000097
2025-11-14 18:45:09,335 - nmf_localizer.core.localizer - INFO - NMF converged at iteration 1
2025-11-14 18:45:09,335 - nmf_localizer.core.localizer - INFO - Factorization complete: 2 iterations, final loss: 0.069741
2025-11-14 18:45:09,335 - nmf_localizer.core.localizer - INFO - Computing group norms for localization
2025-11-14 18:45:09,337 - nmf_localizer.core.localizer - INFO - Localization result: [0.0] degrees
2025-11-14 18:45:09,338 - nmf_localizer.core.localizer - INFO - Starting NMF factorization
2025-11-14 18:45:09,338 - nmf_localizer.core.localizer - INFO - Input Y shape: torch.Size([346, 83])
2025-11-14 18:45:09,338 - nmf_localizer.core.localizer - INFO - A shape: torch.Size([346, 1850])
2025-11-14 18:45:09,338 - nmf_localizer.core.localizer - INFO - Using competitive sparse initialization
2025-11-14 18:45:09,342 - nmf_localizer.core.localizer - INFO - X initialized: shape=torch.Size([1850, 83]), min=0.000000, max=0.000326, mean=0.000101
2025-11-14 18:45:09,395 - nmf_localizer.core.localizer - INFO - NMF converged at iteration 1
2025-11-14 18:45:09,395 - nmf_localizer.core.localizer - INFO - Factorization complete: 2 iterations, final loss: 0.151553
2025-11-14 18:45:09,395 - nmf_localizer.core.localizer - INFO - Computing group norms for localization
2025-11-14 18:45:09,398 - nmf_localizer.core.localizer - INFO - Localization result: [0.0] degrees
Evaluating:  37%|███▋      | 69/185 [00:05<00:07, 16.49it/s]2025-11-14 18:45:09,398 - nmf_localizer.core.localizer - INFO - Starting NMF factorization
2025-11-14 18:45:09,398 - nmf_localizer.core.localizer - INFO - Input Y shape: torch.Size([346, 89])
2025-11-14 18:45:09,398 - nmf_localizer.core.localizer - INFO - A shape: torch.Size([346, 1850])
2025-11-14 18:45:09,398 - nmf_localizer.core.localizer - INFO - Using competitive sparse initialization
2025-11-14 18:45:09,402 - nmf_localizer.core.localizer - INFO - X initialized: shape=torch.Size([1850, 89]), min=0.000000, max=0.000300, mean=0.000096
2025-11-14 18:45:09,458 - nmf_localizer.core.localizer - INFO - NMF converged at iteration 1
2025-11-14 18:45:09,458 - nmf_localizer.core.localizer - INFO - Factorization complete: 2 iterations, final loss: 0.087306
2025-11-14 18:45:09,458 - nmf_localizer.core.localizer - INFO - Computing group norms for localization
2025-11-14 18:45:09,461 - nmf_localizer.core.localizer - INFO - Localization result: [0.0] degrees
2025-11-14 18:45:09,461 - nmf_localizer.core.localizer - INFO - Starting NMF factorization
2025-11-14 18:45:09,461 - nmf_localizer.core.localizer - INFO - Input Y shape: torch.Size([346, 88])
2025-11-14 18:45:09,461 - nmf_localizer.core.localizer - INFO - A shape: torch.Size([346, 1850])
2025-11-14 18:45:09,461 - nmf_localizer.core.localizer - INFO - Using competitive sparse initialization
2025-11-14 18:45:09,465 - nmf_localizer.core.localizer - INFO - X initialized: shape=torch.Size([1850, 88]), min=0.000000, max=0.000237, mean=0.000070
2025-11-14 18:45:09,519 - nmf_localizer.core.localizer - INFO - NMF converged at iteration 1
2025-11-14 18:45:09,519 - nmf_localizer.core.localizer - INFO - Factorization complete: 2 iterations, final loss: 0.064378
2025-11-14 18:45:09,519 - nmf_localizer.core.localizer - INFO - Computing group norms for localization
2025-11-14 18:45:09,522 - nmf_localizer.core.localizer - INFO - Localization result: [0.0] degrees
Evaluating:  38%|███▊      | 71/185 [00:05<00:06, 16.38it/s]2025-11-14 18:45:09,522 - nmf_localizer.core.localizer - INFO - Starting NMF factorization
2025-11-14 18:45:09,522 - nmf_localizer.core.localizer - INFO - Input Y shape: torch.Size([346, 79])
2025-11-14 18:45:09,522 - nmf_localizer.core.localizer - INFO - A shape: torch.Size([346, 1850])
2025-11-14 18:45:09,522 - nmf_localizer.core.localizer - INFO - Using competitive sparse initialization
2025-11-14 18:45:09,526 - nmf_localizer.core.localizer - INFO - X initialized: shape=torch.Size([1850, 79]), min=0.000000, max=0.000207, mean=0.000057
2025-11-14 18:45:09,580 - nmf_localizer.core.localizer - INFO - NMF converged at iteration 1
2025-11-14 18:45:09,580 - nmf_localizer.core.localizer - INFO - Factorization complete: 2 iterations, final loss: 0.045773
2025-11-14 18:45:09,580 - nmf_localizer.core.localizer - INFO - Computing group norms for localization
2025-11-14 18:45:09,583 - nmf_localizer.core.localizer - INFO - Localization result: [0.0] degrees
2025-11-14 18:45:09,583 - nmf_localizer.core.localizer - INFO - Starting NMF factorization
2025-11-14 18:45:09,583 - nmf_localizer.core.localizer - INFO - Input Y shape: torch.Size([346, 85])
2025-11-14 18:45:09,583 - nmf_localizer.core.localizer - INFO - A shape: torch.Size([346, 1850])
2025-11-14 18:45:09,583 - nmf_localizer.core.localizer - INFO - Using competitive sparse initialization
2025-11-14 18:45:09,587 - nmf_localizer.core.localizer - INFO - X initialized: shape=torch.Size([1850, 85]), min=0.000000, max=0.000273, mean=0.000090
2025-11-14 18:45:09,642 - nmf_localizer.core.localizer - INFO - NMF converged at iteration 1
2025-11-14 18:45:09,642 - nmf_localizer.core.localizer - INFO - Factorization complete: 2 iterations, final loss: 0.060118
2025-11-14 18:45:09,642 - nmf_localizer.core.localizer - INFO - Computing group norms for localization
2025-11-14 18:45:09,645 - nmf_localizer.core.localizer - INFO - Localization result: [0.0] degrees
Evaluating:  39%|███▉      | 73/185 [00:05<00:06, 16.35it/s]2025-11-14 18:45:09,645 - nmf_localizer.core.localizer - INFO - Starting NMF factorization
2025-11-14 18:45:09,645 - nmf_localizer.core.localizer - INFO - Input Y shape: torch.Size([346, 83])
2025-11-14 18:45:09,645 - nmf_localizer.core.localizer - INFO - A shape: torch.Size([346, 1850])
2025-11-14 18:45:09,645 - nmf_localizer.core.localizer - INFO - Using competitive sparse initialization
2025-11-14 18:45:09,649 - nmf_localizer.core.localizer - INFO - X initialized: shape=torch.Size([1850, 83]), min=0.000000, max=0.000310, mean=0.000098
2025-11-14 18:45:09,703 - nmf_localizer.core.localizer - INFO - NMF converged at iteration 1
2025-11-14 18:45:09,703 - nmf_localizer.core.localizer - INFO - Factorization complete: 2 iterations, final loss: 0.090616
2025-11-14 18:45:09,703 - nmf_localizer.core.localizer - INFO - Computing group norms for localization
2025-11-14 18:45:09,706 - nmf_localizer.core.localizer - INFO - Localization result: [0.0] degrees
2025-11-14 18:45:09,707 - nmf_localizer.core.localizer - INFO - Starting NMF factorization
2025-11-14 18:45:09,707 - nmf_localizer.core.localizer - INFO - Input Y shape: torch.Size([346, 89])
2025-11-14 18:45:09,707 - nmf_localizer.core.localizer - INFO - A shape: torch.Size([346, 1850])
2025-11-14 18:45:09,707 - nmf_localizer.core.localizer - INFO - Using competitive sparse initialization
2025-11-14 18:45:09,710 - nmf_localizer.core.localizer - INFO - X initialized: shape=torch.Size([1850, 89]), min=0.000000, max=0.000201, mean=0.000057
2025-11-14 18:45:09,759 - nmf_localizer.core.localizer - INFO - NMF converged at iteration 1
2025-11-14 18:45:09,759 - nmf_localizer.core.localizer - INFO - Factorization complete: 2 iterations, final loss: 0.049406
2025-11-14 18:45:09,759 - nmf_localizer.core.localizer - INFO - Computing group norms for localization
2025-11-14 18:45:09,762 - nmf_localizer.core.localizer - INFO - Localization result: [0.0] degrees
Evaluating:  41%|████      | 75/185 [00:05<00:06, 16.56it/s]2025-11-14 18:45:09,762 - nmf_localizer.core.localizer - INFO - Starting NMF factorization
2025-11-14 18:45:09,762 - nmf_localizer.core.localizer - INFO - Input Y shape: torch.Size([346, 88])
2025-11-14 18:45:09,762 - nmf_localizer.core.localizer - INFO - A shape: torch.Size([346, 1850])
2025-11-14 18:45:09,762 - nmf_localizer.core.localizer - INFO - Using competitive sparse initialization
2025-11-14 18:45:09,766 - nmf_localizer.core.localizer - INFO - X initialized: shape=torch.Size([1850, 88]), min=0.000000, max=0.000222, mean=0.000067
2025-11-14 18:45:09,819 - nmf_localizer.core.localizer - INFO - NMF converged at iteration 1
2025-11-14 18:45:09,819 - nmf_localizer.core.localizer - INFO - Factorization complete: 2 iterations, final loss: 0.051919
2025-11-14 18:45:09,819 - nmf_localizer.core.localizer - INFO - Computing group norms for localization
2025-11-14 18:45:09,821 - nmf_localizer.core.localizer - INFO - Localization result: [0.0] degrees
2025-11-14 18:45:09,822 - nmf_localizer.core.localizer - INFO - Starting NMF factorization
2025-11-14 18:45:09,822 - nmf_localizer.core.localizer - INFO - Input Y shape: torch.Size([346, 79])
2025-11-14 18:45:09,822 - nmf_localizer.core.localizer - INFO - A shape: torch.Size([346, 1850])
2025-11-14 18:45:09,822 - nmf_localizer.core.localizer - INFO - Using competitive sparse initialization
2025-11-14 18:45:09,826 - nmf_localizer.core.localizer - INFO - X initialized: shape=torch.Size([1850, 79]), min=0.000000, max=0.000218, mean=0.000059
2025-11-14 18:45:09,881 - nmf_localizer.core.localizer - INFO - NMF converged at iteration 1
2025-11-14 18:45:09,881 - nmf_localizer.core.localizer - INFO - Factorization complete: 2 iterations, final loss: 0.049677
2025-11-14 18:45:09,881 - nmf_localizer.core.localizer - INFO - Computing group norms for localization
2025-11-14 18:45:09,883 - nmf_localizer.core.localizer - INFO - Localization result: [0.0] degrees
Evaluating:  42%|████▏     | 77/185 [00:05<00:06, 16.52it/s]2025-11-14 18:45:09,884 - nmf_localizer.core.localizer - INFO - Starting NMF factorization
2025-11-14 18:45:09,884 - nmf_localizer.core.localizer - INFO - Input Y shape: torch.Size([346, 85])
2025-11-14 18:45:09,884 - nmf_localizer.core.localizer - INFO - A shape: torch.Size([346, 1850])
2025-11-14 18:45:09,884 - nmf_localizer.core.localizer - INFO - Using competitive sparse initialization
2025-11-14 18:45:09,888 - nmf_localizer.core.localizer - INFO - X initialized: shape=torch.Size([1850, 85]), min=0.000000, max=0.000258, mean=0.000076
2025-11-14 18:45:09,944 - nmf_localizer.core.localizer - INFO - NMF converged at iteration 1
2025-11-14 18:45:09,944 - nmf_localizer.core.localizer - INFO - Factorization complete: 2 iterations, final loss: 0.056769
2025-11-14 18:45:09,944 - nmf_localizer.core.localizer - INFO - Computing group norms for localization
2025-11-14 18:45:09,947 - nmf_localizer.core.localizer - INFO - Localization result: [0.0] degrees
2025-11-14 18:45:09,947 - nmf_localizer.core.localizer - INFO - Starting NMF factorization
2025-11-14 18:45:09,947 - nmf_localizer.core.localizer - INFO - Input Y shape: torch.Size([346, 83])
2025-11-14 18:45:09,947 - nmf_localizer.core.localizer - INFO - A shape: torch.Size([346, 1850])
2025-11-14 18:45:09,947 - nmf_localizer.core.localizer - INFO - Using competitive sparse initialization
2025-11-14 18:45:09,951 - nmf_localizer.core.localizer - INFO - X initialized: shape=torch.Size([1850, 83]), min=0.000000, max=0.000315, mean=0.000082
2025-11-14 18:45:10,007 - nmf_localizer.core.localizer - INFO - NMF converged at iteration 1
2025-11-14 18:45:10,007 - nmf_localizer.core.localizer - INFO - Factorization complete: 2 iterations, final loss: 0.093096
2025-11-14 18:45:10,007 - nmf_localizer.core.localizer - INFO - Computing group norms for localization
2025-11-14 18:45:10,009 - nmf_localizer.core.localizer - INFO - Localization result: [0.0] degrees
Evaluating:  43%|████▎     | 79/185 [00:05<00:06, 16.33it/s]2025-11-14 18:45:10,010 - nmf_localizer.core.localizer - INFO - Starting NMF factorization
2025-11-14 18:45:10,010 - nmf_localizer.core.localizer - INFO - Input Y shape: torch.Size([346, 89])
2025-11-14 18:45:10,010 - nmf_localizer.core.localizer - INFO - A shape: torch.Size([346, 1850])
2025-11-14 18:45:10,010 - nmf_localizer.core.localizer - INFO - Using competitive sparse initialization
2025-11-14 18:45:10,014 - nmf_localizer.core.localizer - INFO - X initialized: shape=torch.Size([1850, 89]), min=0.000000, max=0.000201, mean=0.000060
2025-11-14 18:45:10,068 - nmf_localizer.core.localizer - INFO - NMF converged at iteration 1
2025-11-14 18:45:10,068 - nmf_localizer.core.localizer - INFO - Factorization complete: 2 iterations, final loss: 0.063098
2025-11-14 18:45:10,068 - nmf_localizer.core.localizer - INFO - Computing group norms for localization
2025-11-14 18:45:10,071 - nmf_localizer.core.localizer - INFO - Localization result: [0.0] degrees
2025-11-14 18:45:10,071 - nmf_localizer.core.localizer - INFO - Starting NMF factorization
2025-11-14 18:45:10,071 - nmf_localizer.core.localizer - INFO - Input Y shape: torch.Size([346, 88])
2025-11-14 18:45:10,071 - nmf_localizer.core.localizer - INFO - A shape: torch.Size([346, 1850])
2025-11-14 18:45:10,071 - nmf_localizer.core.localizer - INFO - Using competitive sparse initialization
2025-11-14 18:45:10,075 - nmf_localizer.core.localizer - INFO - X initialized: shape=torch.Size([1850, 88]), min=0.000000, max=0.000200, mean=0.000056
2025-11-14 18:45:10,128 - nmf_localizer.core.localizer - INFO - NMF converged at iteration 1
2025-11-14 18:45:10,128 - nmf_localizer.core.localizer - INFO - Factorization complete: 2 iterations, final loss: 0.046087
2025-11-14 18:45:10,128 - nmf_localizer.core.localizer - INFO - Computing group norms for localization
2025-11-14 18:45:10,131 - nmf_localizer.core.localizer - INFO - Localization result: [0.0] degrees
Evaluating:  44%|████▍     | 81/185 [00:05<00:06, 16.37it/s]2025-11-14 18:45:10,131 - nmf_localizer.core.localizer - INFO - Starting NMF factorization
2025-11-14 18:45:10,131 - nmf_localizer.core.localizer - INFO - Input Y shape: torch.Size([346, 79])
2025-11-14 18:45:10,131 - nmf_localizer.core.localizer - INFO - A shape: torch.Size([346, 1850])
2025-11-14 18:45:10,131 - nmf_localizer.core.localizer - INFO - Using competitive sparse initialization
2025-11-14 18:45:10,135 - nmf_localizer.core.localizer - INFO - X initialized: shape=torch.Size([1850, 79]), min=0.000000, max=0.000223, mean=0.000066
2025-11-14 18:45:10,189 - nmf_localizer.core.localizer - INFO - NMF converged at iteration 1
2025-11-14 18:45:10,189 - nmf_localizer.core.localizer - INFO - Factorization complete: 2 iterations, final loss: 0.061323
2025-11-14 18:45:10,189 - nmf_localizer.core.localizer - INFO - Computing group norms for localization
2025-11-14 18:45:10,191 - nmf_localizer.core.localizer - INFO - Localization result: [0.0] degrees
2025-11-14 18:45:10,192 - nmf_localizer.core.localizer - INFO - Starting NMF factorization
2025-11-14 18:45:10,192 - nmf_localizer.core.localizer - INFO - Input Y shape: torch.Size([346, 85])
2025-11-14 18:45:10,192 - nmf_localizer.core.localizer - INFO - A shape: torch.Size([346, 1850])
2025-11-14 18:45:10,192 - nmf_localizer.core.localizer - INFO - Using competitive sparse initialization
2025-11-14 18:45:10,196 - nmf_localizer.core.localizer - INFO - X initialized: shape=torch.Size([1850, 85]), min=0.000000, max=0.000253, mean=0.000077
2025-11-14 18:45:10,250 - nmf_localizer.core.localizer - INFO - NMF converged at iteration 1
2025-11-14 18:45:10,250 - nmf_localizer.core.localizer - INFO - Factorization complete: 2 iterations, final loss: 0.056061
2025-11-14 18:45:10,250 - nmf_localizer.core.localizer - INFO - Computing group norms for localization
2025-11-14 18:45:10,253 - nmf_localizer.core.localizer - INFO - Localization result: [0.0] degrees
Evaluating:  45%|████▍     | 83/185 [00:05<00:06, 16.36it/s]2025-11-14 18:45:10,254 - nmf_localizer.core.localizer - INFO - Starting NMF factorization
2025-11-14 18:45:10,254 - nmf_localizer.core.localizer - INFO - Input Y shape: torch.Size([346, 83])
2025-11-14 18:45:10,254 - nmf_localizer.core.localizer - INFO - A shape: torch.Size([346, 1850])
2025-11-14 18:45:10,254 - nmf_localizer.core.localizer - INFO - Using competitive sparse initialization
2025-11-14 18:45:10,257 - nmf_localizer.core.localizer - INFO - X initialized: shape=torch.Size([1850, 83]), min=0.000000, max=0.000327, mean=0.000091
2025-11-14 18:45:10,311 - nmf_localizer.core.localizer - INFO - NMF converged at iteration 1
2025-11-14 18:45:10,311 - nmf_localizer.core.localizer - INFO - Factorization complete: 2 iterations, final loss: 0.116678
2025-11-14 18:45:10,311 - nmf_localizer.core.localizer - INFO - Computing group norms for localization
2025-11-14 18:45:10,314 - nmf_localizer.core.localizer - INFO - Localization result: [0.0] degrees
2025-11-14 18:45:10,315 - nmf_localizer.core.localizer - INFO - Starting NMF factorization
2025-11-14 18:45:10,315 - nmf_localizer.core.localizer - INFO - Input Y shape: torch.Size([346, 89])
2025-11-14 18:45:10,315 - nmf_localizer.core.localizer - INFO - A shape: torch.Size([346, 1850])
2025-11-14 18:45:10,315 - nmf_localizer.core.localizer - INFO - Using competitive sparse initialization
2025-11-14 18:45:10,318 - nmf_localizer.core.localizer - INFO - X initialized: shape=torch.Size([1850, 89]), min=0.000000, max=0.000200, mean=0.000051
2025-11-14 18:45:10,372 - nmf_localizer.core.localizer - INFO - NMF converged at iteration 1
2025-11-14 18:45:10,372 - nmf_localizer.core.localizer - INFO - Factorization complete: 2 iterations, final loss: 0.065030
2025-11-14 18:45:10,372 - nmf_localizer.core.localizer - INFO - Computing group norms for localization
2025-11-14 18:45:10,375 - nmf_localizer.core.localizer - INFO - Localization result: [0.0] degrees
Evaluating:  46%|████▌     | 85/185 [00:06<00:06, 16.37it/s]2025-11-14 18:45:10,376 - nmf_localizer.core.localizer - INFO - Starting NMF factorization
2025-11-14 18:45:10,376 - nmf_localizer.core.localizer - INFO - Input Y shape: torch.Size([346, 88])
2025-11-14 18:45:10,376 - nmf_localizer.core.localizer - INFO - A shape: torch.Size([346, 1850])
2025-11-14 18:45:10,376 - nmf_localizer.core.localizer - INFO - Using competitive sparse initialization
2025-11-14 18:45:10,379 - nmf_localizer.core.localizer - INFO - X initialized: shape=torch.Size([1850, 88]), min=0.000000, max=0.000215, mean=0.000063
2025-11-14 18:45:10,433 - nmf_localizer.core.localizer - INFO - NMF converged at iteration 1
2025-11-14 18:45:10,433 - nmf_localizer.core.localizer - INFO - Factorization complete: 2 iterations, final loss: 0.049985
2025-11-14 18:45:10,433 - nmf_localizer.core.localizer - INFO - Computing group norms for localization
2025-11-14 18:45:10,436 - nmf_localizer.core.localizer - INFO - Localization result: [0.0] degrees
2025-11-14 18:45:10,436 - nmf_localizer.core.localizer - INFO - Starting NMF factorization
2025-11-14 18:45:10,436 - nmf_localizer.core.localizer - INFO - Input Y shape: torch.Size([346, 79])
2025-11-14 18:45:10,436 - nmf_localizer.core.localizer - INFO - A shape: torch.Size([346, 1850])
2025-11-14 18:45:10,436 - nmf_localizer.core.localizer - INFO - Using competitive sparse initialization
2025-11-14 18:45:10,440 - nmf_localizer.core.localizer - INFO - X initialized: shape=torch.Size([1850, 79]), min=0.000000, max=0.000257, mean=0.000076
2025-11-14 18:45:10,495 - nmf_localizer.core.localizer - INFO - NMF converged at iteration 1
2025-11-14 18:45:10,495 - nmf_localizer.core.localizer - INFO - Factorization complete: 2 iterations, final loss: 0.069289
2025-11-14 18:45:10,495 - nmf_localizer.core.localizer - INFO - Computing group norms for localization
2025-11-14 18:45:10,498 - nmf_localizer.core.localizer - INFO - Localization result: [100.0] degrees
Evaluating:  47%|████▋     | 87/185 [00:06<00:05, 16.34it/s]2025-11-14 18:45:10,499 - nmf_localizer.core.localizer - INFO - Starting NMF factorization
2025-11-14 18:45:10,499 - nmf_localizer.core.localizer - INFO - Input Y shape: torch.Size([346, 85])
2025-11-14 18:45:10,499 - nmf_localizer.core.localizer - INFO - A shape: torch.Size([346, 1850])
2025-11-14 18:45:10,499 - nmf_localizer.core.localizer - INFO - Using competitive sparse initialization
2025-11-14 18:45:10,503 - nmf_localizer.core.localizer - INFO - X initialized: shape=torch.Size([1850, 85]), min=0.000000, max=0.000265, mean=0.000075
2025-11-14 18:45:10,558 - nmf_localizer.core.localizer - INFO - NMF converged at iteration 1
2025-11-14 18:45:10,558 - nmf_localizer.core.localizer - INFO - Factorization complete: 2 iterations, final loss: 0.056755
2025-11-14 18:45:10,558 - nmf_localizer.core.localizer - INFO - Computing group norms for localization
2025-11-14 18:45:10,560 - nmf_localizer.core.localizer - INFO - Localization result: [0.0] degrees
2025-11-14 18:45:10,561 - nmf_localizer.core.localizer - INFO - Starting NMF factorization
2025-11-14 18:45:10,561 - nmf_localizer.core.localizer - INFO - Input Y shape: torch.Size([346, 83])
2025-11-14 18:45:10,561 - nmf_localizer.core.localizer - INFO - A shape: torch.Size([346, 1850])
2025-11-14 18:45:10,561 - nmf_localizer.core.localizer - INFO - Using competitive sparse initialization
2025-11-14 18:45:10,565 - nmf_localizer.core.localizer - INFO - X initialized: shape=torch.Size([1850, 83]), min=0.000000, max=0.000381, mean=0.000120
2025-11-14 18:45:10,618 - nmf_localizer.core.localizer - INFO - NMF converged at iteration 1
2025-11-14 18:45:10,618 - nmf_localizer.core.localizer - INFO - Factorization complete: 2 iterations, final loss: 0.143561
2025-11-14 18:45:10,618 - nmf_localizer.core.localizer - INFO - Computing group norms for localization
2025-11-14 18:45:10,621 - nmf_localizer.core.localizer - INFO - Localization result: [95.0] degrees
Evaluating:  48%|████▊     | 89/185 [00:06<00:05, 16.33it/s]2025-11-14 18:45:10,621 - nmf_localizer.core.localizer - INFO - Starting NMF factorization
2025-11-14 18:45:10,621 - nmf_localizer.core.localizer - INFO - Input Y shape: torch.Size([346, 89])
2025-11-14 18:45:10,621 - nmf_localizer.core.localizer - INFO - A shape: torch.Size([346, 1850])
2025-11-14 18:45:10,621 - nmf_localizer.core.localizer - INFO - Using competitive sparse initialization
2025-11-14 18:45:10,625 - nmf_localizer.core.localizer - INFO - X initialized: shape=torch.Size([1850, 89]), min=0.000000, max=0.000221, mean=0.000067
2025-11-14 18:45:10,680 - nmf_localizer.core.localizer - INFO - NMF converged at iteration 1
2025-11-14 18:45:10,680 - nmf_localizer.core.localizer - INFO - Factorization complete: 2 iterations, final loss: 0.064874
2025-11-14 18:45:10,680 - nmf_localizer.core.localizer - INFO - Computing group norms for localization
2025-11-14 18:45:10,682 - nmf_localizer.core.localizer - INFO - Localization result: [0.0] degrees
2025-11-14 18:45:10,683 - nmf_localizer.core.localizer - INFO - Starting NMF factorization
2025-11-14 18:45:10,683 - nmf_localizer.core.localizer - INFO - Input Y shape: torch.Size([346, 88])
2025-11-14 18:45:10,683 - nmf_localizer.core.localizer - INFO - A shape: torch.Size([346, 1850])
2025-11-14 18:45:10,683 - nmf_localizer.core.localizer - INFO - Using competitive sparse initialization
2025-11-14 18:45:10,686 - nmf_localizer.core.localizer - INFO - X initialized: shape=torch.Size([1850, 88]), min=0.000000, max=0.000206, mean=0.000060
2025-11-14 18:45:10,740 - nmf_localizer.core.localizer - INFO - NMF converged at iteration 1
2025-11-14 18:45:10,740 - nmf_localizer.core.localizer - INFO - Factorization complete: 2 iterations, final loss: 0.052391
2025-11-14 18:45:10,740 - nmf_localizer.core.localizer - INFO - Computing group norms for localization
2025-11-14 18:45:10,743 - nmf_localizer.core.localizer - INFO - Localization result: [0.0] degrees
Evaluating:  49%|████▉     | 91/185 [00:06<00:05, 16.35it/s]2025-11-14 18:45:10,743 - nmf_localizer.core.localizer - INFO - Starting NMF factorization
2025-11-14 18:45:10,743 - nmf_localizer.core.localizer - INFO - Input Y shape: torch.Size([346, 79])
2025-11-14 18:45:10,743 - nmf_localizer.core.localizer - INFO - A shape: torch.Size([346, 1850])
2025-11-14 18:45:10,743 - nmf_localizer.core.localizer - INFO - Using competitive sparse initialization
2025-11-14 18:45:10,747 - nmf_localizer.core.localizer - INFO - X initialized: shape=torch.Size([1850, 79]), min=0.000000, max=0.000257, mean=0.000077
2025-11-14 18:45:10,801 - nmf_localizer.core.localizer - INFO - NMF converged at iteration 1
2025-11-14 18:45:10,801 - nmf_localizer.core.localizer - INFO - Factorization complete: 2 iterations, final loss: 0.081149
2025-11-14 18:45:10,801 - nmf_localizer.core.localizer - INFO - Computing group norms for localization
2025-11-14 18:45:10,804 - nmf_localizer.core.localizer - INFO - Localization result: [105.0] degrees
2025-11-14 18:45:10,804 - nmf_localizer.core.localizer - INFO - Starting NMF factorization
2025-11-14 18:45:10,804 - nmf_localizer.core.localizer - INFO - Input Y shape: torch.Size([346, 85])
2025-11-14 18:45:10,804 - nmf_localizer.core.localizer - INFO - A shape: torch.Size([346, 1850])
2025-11-14 18:45:10,804 - nmf_localizer.core.localizer - INFO - Using competitive sparse initialization
2025-11-14 18:45:10,808 - nmf_localizer.core.localizer - INFO - X initialized: shape=torch.Size([1850, 85]), min=0.000000, max=0.000276, mean=0.000083
2025-11-14 18:45:10,862 - nmf_localizer.core.localizer - INFO - NMF converged at iteration 1
2025-11-14 18:45:10,862 - nmf_localizer.core.localizer - INFO - Factorization complete: 2 iterations, final loss: 0.061453
2025-11-14 18:45:10,862 - nmf_localizer.core.localizer - INFO - Computing group norms for localization
2025-11-14 18:45:10,864 - nmf_localizer.core.localizer - INFO - Localization result: [0.0] degrees
Evaluating:  50%|█████     | 93/185 [00:06<00:05, 16.37it/s]2025-11-14 18:45:10,865 - nmf_localizer.core.localizer - INFO - Starting NMF factorization
2025-11-14 18:45:10,865 - nmf_localizer.core.localizer - INFO - Input Y shape: torch.Size([346, 83])
2025-11-14 18:45:10,865 - nmf_localizer.core.localizer - INFO - A shape: torch.Size([346, 1850])
2025-11-14 18:45:10,865 - nmf_localizer.core.localizer - INFO - Using competitive sparse initialization
2025-11-14 18:45:10,869 - nmf_localizer.core.localizer - INFO - X initialized: shape=torch.Size([1850, 83]), min=0.000000, max=0.000339, mean=0.000099
2025-11-14 18:45:10,923 - nmf_localizer.core.localizer - INFO - NMF converged at iteration 1
2025-11-14 18:45:10,923 - nmf_localizer.core.localizer - INFO - Factorization complete: 2 iterations, final loss: 0.133522
2025-11-14 18:45:10,923 - nmf_localizer.core.localizer - INFO - Computing group norms for localization
2025-11-14 18:45:10,926 - nmf_localizer.core.localizer - INFO - Localization result: [160.0] degrees
2025-11-14 18:45:10,927 - nmf_localizer.core.localizer - INFO - Starting NMF factorization
2025-11-14 18:45:10,927 - nmf_localizer.core.localizer - INFO - Input Y shape: torch.Size([346, 89])
2025-11-14 18:45:10,927 - nmf_localizer.core.localizer - INFO - A shape: torch.Size([346, 1850])
2025-11-14 18:45:10,927 - nmf_localizer.core.localizer - INFO - Using competitive sparse initialization
2025-11-14 18:45:10,931 - nmf_localizer.core.localizer - INFO - X initialized: shape=torch.Size([1850, 89]), min=0.000000, max=0.000223, mean=0.000068
2025-11-14 18:45:10,986 - nmf_localizer.core.localizer - INFO - NMF converged at iteration 1
2025-11-14 18:45:10,986 - nmf_localizer.core.localizer - INFO - Factorization complete: 2 iterations, final loss: 0.067507
2025-11-14 18:45:10,986 - nmf_localizer.core.localizer - INFO - Computing group norms for localization
2025-11-14 18:45:10,988 - nmf_localizer.core.localizer - INFO - Localization result: [0.0] degrees
Evaluating:  51%|█████▏    | 95/185 [00:06<00:05, 16.31it/s]2025-11-14 18:45:10,989 - nmf_localizer.core.localizer - INFO - Starting NMF factorization
2025-11-14 18:45:10,989 - nmf_localizer.core.localizer - INFO - Input Y shape: torch.Size([346, 88])
2025-11-14 18:45:10,989 - nmf_localizer.core.localizer - INFO - A shape: torch.Size([346, 1850])
2025-11-14 18:45:10,989 - nmf_localizer.core.localizer - INFO - Using competitive sparse initialization
2025-11-14 18:45:10,993 - nmf_localizer.core.localizer - INFO - X initialized: shape=torch.Size([1850, 88]), min=0.000000, max=0.000251, mean=0.000079
2025-11-14 18:45:11,046 - nmf_localizer.core.localizer - INFO - NMF converged at iteration 1
2025-11-14 18:45:11,046 - nmf_localizer.core.localizer - INFO - Factorization complete: 2 iterations, final loss: 0.075998
2025-11-14 18:45:11,046 - nmf_localizer.core.localizer - INFO - Computing group norms for localization
2025-11-14 18:45:11,048 - nmf_localizer.core.localizer - INFO - Localization result: [0.0] degrees
2025-11-14 18:45:11,049 - nmf_localizer.core.localizer - INFO - Starting NMF factorization
2025-11-14 18:45:11,049 - nmf_localizer.core.localizer - INFO - Input Y shape: torch.Size([346, 79])
2025-11-14 18:45:11,049 - nmf_localizer.core.localizer - INFO - A shape: torch.Size([346, 1850])
2025-11-14 18:45:11,049 - nmf_localizer.core.localizer - INFO - Using competitive sparse initialization
2025-11-14 18:45:11,053 - nmf_localizer.core.localizer - INFO - X initialized: shape=torch.Size([1850, 79]), min=0.000000, max=0.000227, mean=0.000071
2025-11-14 18:45:11,106 - nmf_localizer.core.localizer - INFO - NMF converged at iteration 1
2025-11-14 18:45:11,106 - nmf_localizer.core.localizer - INFO - Factorization complete: 2 iterations, final loss: 0.074279
2025-11-14 18:45:11,106 - nmf_localizer.core.localizer - INFO - Computing group norms for localization
2025-11-14 18:45:11,109 - nmf_localizer.core.localizer - INFO - Localization result: [95.0] degrees
Evaluating:  52%|█████▏    | 97/185 [00:06<00:05, 16.39it/s]2025-11-14 18:45:11,110 - nmf_localizer.core.localizer - INFO - Starting NMF factorization
2025-11-14 18:45:11,110 - nmf_localizer.core.localizer - INFO - Input Y shape: torch.Size([346, 85])
2025-11-14 18:45:11,110 - nmf_localizer.core.localizer - INFO - A shape: torch.Size([346, 1850])
2025-11-14 18:45:11,110 - nmf_localizer.core.localizer - INFO - Using competitive sparse initialization
2025-11-14 18:45:11,113 - nmf_localizer.core.localizer - INFO - X initialized: shape=torch.Size([1850, 85]), min=0.000000, max=0.000320, mean=0.000097
2025-11-14 18:45:11,166 - nmf_localizer.core.localizer - INFO - NMF converged at iteration 1
2025-11-14 18:45:11,166 - nmf_localizer.core.localizer - INFO - Factorization complete: 2 iterations, final loss: 0.079335
2025-11-14 18:45:11,166 - nmf_localizer.core.localizer - INFO - Computing group norms for localization
2025-11-14 18:45:11,169 - nmf_localizer.core.localizer - INFO - Localization result: [0.0] degrees
2025-11-14 18:45:11,169 - nmf_localizer.core.localizer - INFO - Starting NMF factorization
2025-11-14 18:45:11,169 - nmf_localizer.core.localizer - INFO - Input Y shape: torch.Size([346, 83])
2025-11-14 18:45:11,169 - nmf_localizer.core.localizer - INFO - A shape: torch.Size([346, 1850])
2025-11-14 18:45:11,170 - nmf_localizer.core.localizer - INFO - Using competitive sparse initialization
2025-11-14 18:45:11,173 - nmf_localizer.core.localizer - INFO - X initialized: shape=torch.Size([1850, 83]), min=0.000000, max=0.000400, mean=0.000116
2025-11-14 18:45:11,228 - nmf_localizer.core.localizer - INFO - NMF converged at iteration 1
2025-11-14 18:45:11,228 - nmf_localizer.core.localizer - INFO - Factorization complete: 2 iterations, final loss: 0.186362
2025-11-14 18:45:11,228 - nmf_localizer.core.localizer - INFO - Computing group norms for localization
2025-11-14 18:45:11,231 - nmf_localizer.core.localizer - INFO - Localization result: [105.0] degrees
Evaluating:  54%|█████▎    | 99/185 [00:06<00:05, 16.40it/s]2025-11-14 18:45:11,231 - nmf_localizer.core.localizer - INFO - Starting NMF factorization
2025-11-14 18:45:11,231 - nmf_localizer.core.localizer - INFO - Input Y shape: torch.Size([346, 89])
2025-11-14 18:45:11,231 - nmf_localizer.core.localizer - INFO - A shape: torch.Size([346, 1850])
2025-11-14 18:45:11,231 - nmf_localizer.core.localizer - INFO - Using competitive sparse initialization
2025-11-14 18:45:11,235 - nmf_localizer.core.localizer - INFO - X initialized: shape=torch.Size([1850, 89]), min=0.000000, max=0.000251, mean=0.000080
2025-11-14 18:45:11,289 - nmf_localizer.core.localizer - INFO - NMF converged at iteration 1
2025-11-14 18:45:11,289 - nmf_localizer.core.localizer - INFO - Factorization complete: 2 iterations, final loss: 0.081107
2025-11-14 18:45:11,289 - nmf_localizer.core.localizer - INFO - Computing group norms for localization
2025-11-14 18:45:11,292 - nmf_localizer.core.localizer - INFO - Localization result: [0.0] degrees
2025-11-14 18:45:11,292 - nmf_localizer.core.localizer - INFO - Starting NMF factorization
2025-11-14 18:45:11,292 - nmf_localizer.core.localizer - INFO - Input Y shape: torch.Size([346, 88])
2025-11-14 18:45:11,292 - nmf_localizer.core.localizer - INFO - A shape: torch.Size([346, 1850])
2025-11-14 18:45:11,292 - nmf_localizer.core.localizer - INFO - Using competitive sparse initialization
2025-11-14 18:45:11,296 - nmf_localizer.core.localizer - INFO - X initialized: shape=torch.Size([1850, 88]), min=0.000000, max=0.000259, mean=0.000067
2025-11-14 18:45:11,350 - nmf_localizer.core.localizer - INFO - NMF converged at iteration 1
2025-11-14 18:45:11,350 - nmf_localizer.core.localizer - INFO - Factorization complete: 2 iterations, final loss: 0.067248
2025-11-14 18:45:11,350 - nmf_localizer.core.localizer - INFO - Computing group norms for localization
2025-11-14 18:45:11,353 - nmf_localizer.core.localizer - INFO - Localization result: [0.0] degrees
Evaluating:  55%|█████▍    | 101/185 [00:07<00:05, 16.38it/s]2025-11-14 18:45:11,354 - nmf_localizer.core.localizer - INFO - Starting NMF factorization
2025-11-14 18:45:11,354 - nmf_localizer.core.localizer - INFO - Input Y shape: torch.Size([346, 79])
2025-11-14 18:45:11,354 - nmf_localizer.core.localizer - INFO - A shape: torch.Size([346, 1850])
2025-11-14 18:45:11,354 - nmf_localizer.core.localizer - INFO - Using competitive sparse initialization
2025-11-14 18:45:11,357 - nmf_localizer.core.localizer - INFO - X initialized: shape=torch.Size([1850, 79]), min=0.000000, max=0.000236, mean=0.000061
2025-11-14 18:45:11,412 - nmf_localizer.core.localizer - INFO - NMF converged at iteration 1
2025-11-14 18:45:11,412 - nmf_localizer.core.localizer - INFO - Factorization complete: 2 iterations, final loss: 0.051801
2025-11-14 18:45:11,412 - nmf_localizer.core.localizer - INFO - Computing group norms for localization
2025-11-14 18:45:11,415 - nmf_localizer.core.localizer - INFO - Localization result: [0.0] degrees
2025-11-14 18:45:11,415 - nmf_localizer.core.localizer - INFO - Starting NMF factorization
2025-11-14 18:45:11,415 - nmf_localizer.core.localizer - INFO - Input Y shape: torch.Size([346, 85])
2025-11-14 18:45:11,416 - nmf_localizer.core.localizer - INFO - A shape: torch.Size([346, 1850])
2025-11-14 18:45:11,416 - nmf_localizer.core.localizer - INFO - Using competitive sparse initialization
2025-11-14 18:45:11,419 - nmf_localizer.core.localizer - INFO - X initialized: shape=torch.Size([1850, 85]), min=0.000000, max=0.000314, mean=0.000095
2025-11-14 18:45:11,475 - nmf_localizer.core.localizer - INFO - NMF converged at iteration 1
2025-11-14 18:45:11,475 - nmf_localizer.core.localizer - INFO - Factorization complete: 2 iterations, final loss: 0.062627
2025-11-14 18:45:11,475 - nmf_localizer.core.localizer - INFO - Computing group norms for localization
2025-11-14 18:45:11,478 - nmf_localizer.core.localizer - INFO - Localization result: [0.0] degrees
Evaluating:  56%|█████▌    | 103/185 [00:07<00:05, 16.27it/s]2025-11-14 18:45:11,479 - nmf_localizer.core.localizer - INFO - Starting NMF factorization
2025-11-14 18:45:11,479 - nmf_localizer.core.localizer - INFO - Input Y shape: torch.Size([346, 83])
2025-11-14 18:45:11,479 - nmf_localizer.core.localizer - INFO - A shape: torch.Size([346, 1850])
2025-11-14 18:45:11,479 - nmf_localizer.core.localizer - INFO - Using competitive sparse initialization
2025-11-14 18:45:11,482 - nmf_localizer.core.localizer - INFO - X initialized: shape=torch.Size([1850, 83]), min=0.000000, max=0.000399, mean=0.000114
2025-11-14 18:45:11,536 - nmf_localizer.core.localizer - INFO - NMF converged at iteration 1
2025-11-14 18:45:11,536 - nmf_localizer.core.localizer - INFO - Factorization complete: 2 iterations, final loss: 0.123505
2025-11-14 18:45:11,536 - nmf_localizer.core.localizer - INFO - Computing group norms for localization
2025-11-14 18:45:11,539 - nmf_localizer.core.localizer - INFO - Localization result: [90.0] degrees
2025-11-14 18:45:11,540 - nmf_localizer.core.localizer - INFO - Starting NMF factorization
2025-11-14 18:45:11,540 - nmf_localizer.core.localizer - INFO - Input Y shape: torch.Size([346, 89])
2025-11-14 18:45:11,540 - nmf_localizer.core.localizer - INFO - A shape: torch.Size([346, 1850])
2025-11-14 18:45:11,540 - nmf_localizer.core.localizer - INFO - Using competitive sparse initialization
2025-11-14 18:45:11,543 - nmf_localizer.core.localizer - INFO - X initialized: shape=torch.Size([1850, 89]), min=0.000000, max=0.000240, mean=0.000071
2025-11-14 18:45:11,596 - nmf_localizer.core.localizer - INFO - NMF converged at iteration 1
2025-11-14 18:45:11,596 - nmf_localizer.core.localizer - INFO - Factorization complete: 2 iterations, final loss: 0.065489
2025-11-14 18:45:11,596 - nmf_localizer.core.localizer - INFO - Computing group norms for localization
2025-11-14 18:45:11,599 - nmf_localizer.core.localizer - INFO - Localization result: [105.0] degrees
Evaluating:  57%|█████▋    | 105/185 [00:07<00:04, 16.34it/s]2025-11-14 18:45:11,600 - nmf_localizer.core.localizer - INFO - Starting NMF factorization
2025-11-14 18:45:11,600 - nmf_localizer.core.localizer - INFO - Input Y shape: torch.Size([346, 88])
2025-11-14 18:45:11,600 - nmf_localizer.core.localizer - INFO - A shape: torch.Size([346, 1850])
2025-11-14 18:45:11,600 - nmf_localizer.core.localizer - INFO - Using competitive sparse initialization
2025-11-14 18:45:11,603 - nmf_localizer.core.localizer - INFO - X initialized: shape=torch.Size([1850, 88]), min=0.000000, max=0.000287, mean=0.000087
2025-11-14 18:45:11,657 - nmf_localizer.core.localizer - INFO - NMF converged at iteration 1
2025-11-14 18:45:11,657 - nmf_localizer.core.localizer - INFO - Factorization complete: 2 iterations, final loss: 0.101568
2025-11-14 18:45:11,657 - nmf_localizer.core.localizer - INFO - Computing group norms for localization
2025-11-14 18:45:11,660 - nmf_localizer.core.localizer - INFO - Localization result: [0.0] degrees
2025-11-14 18:45:11,660 - nmf_localizer.core.localizer - INFO - Starting NMF factorization
2025-11-14 18:45:11,660 - nmf_localizer.core.localizer - INFO - Input Y shape: torch.Size([346, 79])
2025-11-14 18:45:11,660 - nmf_localizer.core.localizer - INFO - A shape: torch.Size([346, 1850])
2025-11-14 18:45:11,660 - nmf_localizer.core.localizer - INFO - Using competitive sparse initialization
2025-11-14 18:45:11,664 - nmf_localizer.core.localizer - INFO - X initialized: shape=torch.Size([1850, 79]), min=0.000000, max=0.000212, mean=0.000060
2025-11-14 18:45:11,719 - nmf_localizer.core.localizer - INFO - NMF converged at iteration 1
2025-11-14 18:45:11,719 - nmf_localizer.core.localizer - INFO - Factorization complete: 2 iterations, final loss: 0.067978
2025-11-14 18:45:11,719 - nmf_localizer.core.localizer - INFO - Computing group norms for localization
2025-11-14 18:45:11,722 - nmf_localizer.core.localizer - INFO - Localization result: [110.0] degrees
Evaluating:  58%|█████▊    | 107/185 [00:07<00:04, 16.33it/s]2025-11-14 18:45:11,722 - nmf_localizer.core.localizer - INFO - Starting NMF factorization
2025-11-14 18:45:11,722 - nmf_localizer.core.localizer - INFO - Input Y shape: torch.Size([346, 85])
2025-11-14 18:45:11,722 - nmf_localizer.core.localizer - INFO - A shape: torch.Size([346, 1850])
2025-11-14 18:45:11,722 - nmf_localizer.core.localizer - INFO - Using competitive sparse initialization
2025-11-14 18:45:11,726 - nmf_localizer.core.localizer - INFO - X initialized: shape=torch.Size([1850, 85]), min=0.000000, max=0.000370, mean=0.000127
2025-11-14 18:45:11,778 - nmf_localizer.core.localizer - INFO - NMF converged at iteration 1
2025-11-14 18:45:11,778 - nmf_localizer.core.localizer - INFO - Factorization complete: 2 iterations, final loss: 0.101961
2025-11-14 18:45:11,778 - nmf_localizer.core.localizer - INFO - Computing group norms for localization
2025-11-14 18:45:11,781 - nmf_localizer.core.localizer - INFO - Localization result: [110.0] degrees
2025-11-14 18:45:11,781 - nmf_localizer.core.localizer - INFO - Starting NMF factorization
2025-11-14 18:45:11,781 - nmf_localizer.core.localizer - INFO - Input Y shape: torch.Size([346, 83])
2025-11-14 18:45:11,781 - nmf_localizer.core.localizer - INFO - A shape: torch.Size([346, 1850])
2025-11-14 18:45:11,782 - nmf_localizer.core.localizer - INFO - Using competitive sparse initialization
2025-11-14 18:45:11,785 - nmf_localizer.core.localizer - INFO - X initialized: shape=torch.Size([1850, 83]), min=0.000000, max=0.000392, mean=0.000118
2025-11-14 18:45:11,841 - nmf_localizer.core.localizer - INFO - NMF converged at iteration 1
2025-11-14 18:45:11,841 - nmf_localizer.core.localizer - INFO - Factorization complete: 2 iterations, final loss: 0.184212
2025-11-14 18:45:11,841 - nmf_localizer.core.localizer - INFO - Computing group norms for localization
2025-11-14 18:45:11,843 - nmf_localizer.core.localizer - INFO - Localization result: [160.0] degrees
Evaluating:  59%|█████▉    | 109/185 [00:07<00:04, 16.35it/s]2025-11-14 18:45:11,844 - nmf_localizer.core.localizer - INFO - Starting NMF factorization
2025-11-14 18:45:11,844 - nmf_localizer.core.localizer - INFO - Input Y shape: torch.Size([346, 89])
2025-11-14 18:45:11,844 - nmf_localizer.core.localizer - INFO - A shape: torch.Size([346, 1850])
2025-11-14 18:45:11,844 - nmf_localizer.core.localizer - INFO - Using competitive sparse initialization
2025-11-14 18:45:11,848 - nmf_localizer.core.localizer - INFO - X initialized: shape=torch.Size([1850, 89]), min=0.000000, max=0.000334, mean=0.000099
2025-11-14 18:45:11,902 - nmf_localizer.core.localizer - INFO - NMF converged at iteration 1
2025-11-14 18:45:11,902 - nmf_localizer.core.localizer - INFO - Factorization complete: 2 iterations, final loss: 0.107603
2025-11-14 18:45:11,902 - nmf_localizer.core.localizer - INFO - Computing group norms for localization
2025-11-14 18:45:11,905 - nmf_localizer.core.localizer - INFO - Localization result: [105.0] degrees
2025-11-14 18:45:11,905 - nmf_localizer.core.localizer - INFO - Starting NMF factorization
2025-11-14 18:45:11,905 - nmf_localizer.core.localizer - INFO - Input Y shape: torch.Size([346, 88])
2025-11-14 18:45:11,905 - nmf_localizer.core.localizer - INFO - A shape: torch.Size([346, 1850])
2025-11-14 18:45:11,905 - nmf_localizer.core.localizer - INFO - Using competitive sparse initialization
2025-11-14 18:45:11,909 - nmf_localizer.core.localizer - INFO - X initialized: shape=torch.Size([1850, 88]), min=0.000000, max=0.000241, mean=0.000074
2025-11-14 18:45:11,961 - nmf_localizer.core.localizer - INFO - NMF converged at iteration 1
2025-11-14 18:45:11,961 - nmf_localizer.core.localizer - INFO - Factorization complete: 2 iterations, final loss: 0.074260
2025-11-14 18:45:11,961 - nmf_localizer.core.localizer - INFO - Computing group norms for localization
2025-11-14 18:45:11,964 - nmf_localizer.core.localizer - INFO - Localization result: [0.0] degrees
Evaluating:  60%|██████    | 111/185 [00:07<00:04, 16.43it/s]2025-11-14 18:45:11,965 - nmf_localizer.core.localizer - INFO - Starting NMF factorization
2025-11-14 18:45:11,965 - nmf_localizer.core.localizer - INFO - Input Y shape: torch.Size([346, 79])
2025-11-14 18:45:11,965 - nmf_localizer.core.localizer - INFO - A shape: torch.Size([346, 1850])
2025-11-14 18:45:11,965 - nmf_localizer.core.localizer - INFO - Using competitive sparse initialization
2025-11-14 18:45:11,968 - nmf_localizer.core.localizer - INFO - X initialized: shape=torch.Size([1850, 79]), min=0.000000, max=0.000294, mean=0.000098
2025-11-14 18:45:12,021 - nmf_localizer.core.localizer - INFO - NMF converged at iteration 1
2025-11-14 18:45:12,021 - nmf_localizer.core.localizer - INFO - Factorization complete: 2 iterations, final loss: 0.078442
2025-11-14 18:45:12,021 - nmf_localizer.core.localizer - INFO - Computing group norms for localization
2025-11-14 18:45:12,024 - nmf_localizer.core.localizer - INFO - Localization result: [0.0] degrees
2025-11-14 18:45:12,024 - nmf_localizer.core.localizer - INFO - Starting NMF factorization
2025-11-14 18:45:12,024 - nmf_localizer.core.localizer - INFO - Input Y shape: torch.Size([346, 85])
2025-11-14 18:45:12,024 - nmf_localizer.core.localizer - INFO - A shape: torch.Size([346, 1850])
2025-11-14 18:45:12,024 - nmf_localizer.core.localizer - INFO - Using competitive sparse initialization
2025-11-14 18:45:12,028 - nmf_localizer.core.localizer - INFO - X initialized: shape=torch.Size([1850, 85]), min=0.000000, max=0.000341, mean=0.000095
2025-11-14 18:45:12,084 - nmf_localizer.core.localizer - INFO - NMF converged at iteration 1
2025-11-14 18:45:12,084 - nmf_localizer.core.localizer - INFO - Factorization complete: 2 iterations, final loss: 0.084152
2025-11-14 18:45:12,084 - nmf_localizer.core.localizer - INFO - Computing group norms for localization
2025-11-14 18:45:12,086 - nmf_localizer.core.localizer - INFO - Localization result: [0.0] degrees
Evaluating:  61%|██████    | 113/185 [00:07<00:04, 16.40it/s]2025-11-14 18:45:12,087 - nmf_localizer.core.localizer - INFO - Starting NMF factorization
2025-11-14 18:45:12,087 - nmf_localizer.core.localizer - INFO - Input Y shape: torch.Size([346, 83])
2025-11-14 18:45:12,087 - nmf_localizer.core.localizer - INFO - A shape: torch.Size([346, 1850])
2025-11-14 18:45:12,087 - nmf_localizer.core.localizer - INFO - Using competitive sparse initialization
2025-11-14 18:45:12,091 - nmf_localizer.core.localizer - INFO - X initialized: shape=torch.Size([1850, 83]), min=0.000000, max=0.000367, mean=0.000107
2025-11-14 18:45:12,144 - nmf_localizer.core.localizer - INFO - NMF converged at iteration 1
2025-11-14 18:45:12,144 - nmf_localizer.core.localizer - INFO - Factorization complete: 2 iterations, final loss: 0.120591
2025-11-14 18:45:12,144 - nmf_localizer.core.localizer - INFO - Computing group norms for localization
2025-11-14 18:45:12,147 - nmf_localizer.core.localizer - INFO - Localization result: [0.0] degrees
2025-11-14 18:45:12,147 - nmf_localizer.core.localizer - INFO - Starting NMF factorization
2025-11-14 18:45:12,147 - nmf_localizer.core.localizer - INFO - Input Y shape: torch.Size([346, 89])
2025-11-14 18:45:12,147 - nmf_localizer.core.localizer - INFO - A shape: torch.Size([346, 1850])
2025-11-14 18:45:12,148 - nmf_localizer.core.localizer - INFO - Using competitive sparse initialization
2025-11-14 18:45:12,151 - nmf_localizer.core.localizer - INFO - X initialized: shape=torch.Size([1850, 89]), min=0.000000, max=0.000280, mean=0.000082
2025-11-14 18:45:12,205 - nmf_localizer.core.localizer - INFO - NMF converged at iteration 1
2025-11-14 18:45:12,205 - nmf_localizer.core.localizer - INFO - Factorization complete: 2 iterations, final loss: 0.095418
2025-11-14 18:45:12,205 - nmf_localizer.core.localizer - INFO - Computing group norms for localization
2025-11-14 18:45:12,208 - nmf_localizer.core.localizer - INFO - Localization result: [0.0] degrees
Evaluating:  62%|██████▏   | 115/185 [00:07<00:04, 16.43it/s]2025-11-14 18:45:12,208 - nmf_localizer.core.localizer - INFO - Starting NMF factorization
2025-11-14 18:45:12,208 - nmf_localizer.core.localizer - INFO - Input Y shape: torch.Size([346, 88])
2025-11-14 18:45:12,208 - nmf_localizer.core.localizer - INFO - A shape: torch.Size([346, 1850])
2025-11-14 18:45:12,208 - nmf_localizer.core.localizer - INFO - Using competitive sparse initialization
2025-11-14 18:45:12,212 - nmf_localizer.core.localizer - INFO - X initialized: shape=torch.Size([1850, 88]), min=0.000000, max=0.000264, mean=0.000078
2025-11-14 18:45:12,264 - nmf_localizer.core.localizer - INFO - NMF converged at iteration 1
2025-11-14 18:45:12,264 - nmf_localizer.core.localizer - INFO - Factorization complete: 2 iterations, final loss: 0.097247
2025-11-14 18:45:12,264 - nmf_localizer.core.localizer - INFO - Computing group norms for localization
2025-11-14 18:45:12,267 - nmf_localizer.core.localizer - INFO - Localization result: [0.0] degrees
2025-11-14 18:45:12,268 - nmf_localizer.core.localizer - INFO - Starting NMF factorization
2025-11-14 18:45:12,268 - nmf_localizer.core.localizer - INFO - Input Y shape: torch.Size([346, 79])
2025-11-14 18:45:12,268 - nmf_localizer.core.localizer - INFO - A shape: torch.Size([346, 1850])
2025-11-14 18:45:12,268 - nmf_localizer.core.localizer - INFO - Using competitive sparse initialization
2025-11-14 18:45:12,271 - nmf_localizer.core.localizer - INFO - X initialized: shape=torch.Size([1850, 79]), min=0.000000, max=0.000281, mean=0.000077
2025-11-14 18:45:12,327 - nmf_localizer.core.localizer - INFO - NMF converged at iteration 1
2025-11-14 18:45:12,327 - nmf_localizer.core.localizer - INFO - Factorization complete: 2 iterations, final loss: 0.104219
2025-11-14 18:45:12,327 - nmf_localizer.core.localizer - INFO - Computing group norms for localization
2025-11-14 18:45:12,329 - nmf_localizer.core.localizer - INFO - Localization result: [110.0] degrees
Evaluating:  63%|██████▎   | 117/185 [00:08<00:04, 16.43it/s]2025-11-14 18:45:12,330 - nmf_localizer.core.localizer - INFO - Starting NMF factorization
2025-11-14 18:45:12,330 - nmf_localizer.core.localizer - INFO - Input Y shape: torch.Size([346, 85])
2025-11-14 18:45:12,330 - nmf_localizer.core.localizer - INFO - A shape: torch.Size([346, 1850])
2025-11-14 18:45:12,330 - nmf_localizer.core.localizer - INFO - Using competitive sparse initialization
2025-11-14 18:45:12,334 - nmf_localizer.core.localizer - INFO - X initialized: shape=torch.Size([1850, 85]), min=0.000000, max=0.000363, mean=0.000100
2025-11-14 18:45:12,389 - nmf_localizer.core.localizer - INFO - NMF converged at iteration 1
2025-11-14 18:45:12,389 - nmf_localizer.core.localizer - INFO - Factorization complete: 2 iterations, final loss: 0.090757
2025-11-14 18:45:12,389 - nmf_localizer.core.localizer - INFO - Computing group norms for localization
2025-11-14 18:45:12,391 - nmf_localizer.core.localizer - INFO - Localization result: [105.0] degrees
2025-11-14 18:45:12,392 - nmf_localizer.core.localizer - INFO - Starting NMF factorization
2025-11-14 18:45:12,392 - nmf_localizer.core.localizer - INFO - Input Y shape: torch.Size([346, 83])
2025-11-14 18:45:12,392 - nmf_localizer.core.localizer - INFO - A shape: torch.Size([346, 1850])
2025-11-14 18:45:12,392 - nmf_localizer.core.localizer - INFO - Using competitive sparse initialization
2025-11-14 18:45:12,396 - nmf_localizer.core.localizer - INFO - X initialized: shape=torch.Size([1850, 83]), min=0.000000, max=0.000410, mean=0.000110
2025-11-14 18:45:12,451 - nmf_localizer.core.localizer - INFO - NMF converged at iteration 1
2025-11-14 18:45:12,451 - nmf_localizer.core.localizer - INFO - Factorization complete: 2 iterations, final loss: 0.189514
2025-11-14 18:45:12,451 - nmf_localizer.core.localizer - INFO - Computing group norms for localization
2025-11-14 18:45:12,453 - nmf_localizer.core.localizer - INFO - Localization result: [0.0] degrees
Evaluating:  64%|██████▍   | 119/185 [00:08<00:04, 16.33it/s]2025-11-14 18:45:12,454 - nmf_localizer.core.localizer - INFO - Starting NMF factorization
2025-11-14 18:45:12,454 - nmf_localizer.core.localizer - INFO - Input Y shape: torch.Size([346, 89])
2025-11-14 18:45:12,454 - nmf_localizer.core.localizer - INFO - A shape: torch.Size([346, 1850])
2025-11-14 18:45:12,454 - nmf_localizer.core.localizer - INFO - Using competitive sparse initialization
2025-11-14 18:45:12,458 - nmf_localizer.core.localizer - INFO - X initialized: shape=torch.Size([1850, 89]), min=0.000000, max=0.000332, mean=0.000097
2025-11-14 18:45:12,512 - nmf_localizer.core.localizer - INFO - NMF converged at iteration 1
2025-11-14 18:45:12,512 - nmf_localizer.core.localizer - INFO - Factorization complete: 2 iterations, final loss: 0.117580
2025-11-14 18:45:12,512 - nmf_localizer.core.localizer - INFO - Computing group norms for localization
2025-11-14 18:45:12,515 - nmf_localizer.core.localizer - INFO - Localization result: [100.0] degrees
2025-11-14 18:45:12,515 - nmf_localizer.core.localizer - INFO - Starting NMF factorization
2025-11-14 18:45:12,515 - nmf_localizer.core.localizer - INFO - Input Y shape: torch.Size([346, 88])
2025-11-14 18:45:12,515 - nmf_localizer.core.localizer - INFO - A shape: torch.Size([346, 1850])
2025-11-14 18:45:12,516 - nmf_localizer.core.localizer - INFO - Using competitive sparse initialization
2025-11-14 18:45:12,519 - nmf_localizer.core.localizer - INFO - X initialized: shape=torch.Size([1850, 88]), min=0.000000, max=0.000253, mean=0.000076
2025-11-14 18:45:12,572 - nmf_localizer.core.localizer - INFO - NMF converged at iteration 1
2025-11-14 18:45:12,572 - nmf_localizer.core.localizer - INFO - Factorization complete: 2 iterations, final loss: 0.093340
2025-11-14 18:45:12,572 - nmf_localizer.core.localizer - INFO - Computing group norms for localization
2025-11-14 18:45:12,575 - nmf_localizer.core.localizer - INFO - Localization result: [0.0] degrees
Evaluating:  65%|██████▌   | 121/185 [00:08<00:03, 16.37it/s]2025-11-14 18:45:12,576 - nmf_localizer.core.localizer - INFO - Starting NMF factorization
2025-11-14 18:45:12,576 - nmf_localizer.core.localizer - INFO - Input Y shape: torch.Size([346, 79])
2025-11-14 18:45:12,576 - nmf_localizer.core.localizer - INFO - A shape: torch.Size([346, 1850])
2025-11-14 18:45:12,576 - nmf_localizer.core.localizer - INFO - Using competitive sparse initialization
2025-11-14 18:45:12,579 - nmf_localizer.core.localizer - INFO - X initialized: shape=torch.Size([1850, 79]), min=0.000000, max=0.000269, mean=0.000079
2025-11-14 18:45:12,634 - nmf_localizer.core.localizer - INFO - NMF converged at iteration 1
2025-11-14 18:45:12,634 - nmf_localizer.core.localizer - INFO - Factorization complete: 2 iterations, final loss: 0.098200
2025-11-14 18:45:12,634 - nmf_localizer.core.localizer - INFO - Computing group norms for localization
2025-11-14 18:45:12,637 - nmf_localizer.core.localizer - INFO - Localization result: [95.0] degrees
2025-11-14 18:45:12,637 - nmf_localizer.core.localizer - INFO - Starting NMF factorization
2025-11-14 18:45:12,637 - nmf_localizer.core.localizer - INFO - Input Y shape: torch.Size([346, 85])
2025-11-14 18:45:12,637 - nmf_localizer.core.localizer - INFO - A shape: torch.Size([346, 1850])
2025-11-14 18:45:12,637 - nmf_localizer.core.localizer - INFO - Using competitive sparse initialization
2025-11-14 18:45:12,641 - nmf_localizer.core.localizer - INFO - X initialized: shape=torch.Size([1850, 85]), min=0.000000, max=0.000318, mean=0.000096
2025-11-14 18:45:12,695 - nmf_localizer.core.localizer - INFO - NMF converged at iteration 1
2025-11-14 18:45:12,695 - nmf_localizer.core.localizer - INFO - Factorization complete: 2 iterations, final loss: 0.078846
2025-11-14 18:45:12,695 - nmf_localizer.core.localizer - INFO - Computing group norms for localization
2025-11-14 18:45:12,698 - nmf_localizer.core.localizer - INFO - Localization result: [0.0] degrees
Evaluating:  66%|██████▋   | 123/185 [00:08<00:03, 16.35it/s]2025-11-14 18:45:12,698 - nmf_localizer.core.localizer - INFO - Starting NMF factorization
2025-11-14 18:45:12,698 - nmf_localizer.core.localizer - INFO - Input Y shape: torch.Size([346, 83])
2025-11-14 18:45:12,698 - nmf_localizer.core.localizer - INFO - A shape: torch.Size([346, 1850])
2025-11-14 18:45:12,698 - nmf_localizer.core.localizer - INFO - Using competitive sparse initialization
2025-11-14 18:45:12,702 - nmf_localizer.core.localizer - INFO - X initialized: shape=torch.Size([1850, 83]), min=0.000000, max=0.000395, mean=0.000119
2025-11-14 18:45:12,757 - nmf_localizer.core.localizer - INFO - NMF converged at iteration 1
2025-11-14 18:45:12,757 - nmf_localizer.core.localizer - INFO - Factorization complete: 2 iterations, final loss: 0.172867
2025-11-14 18:45:12,757 - nmf_localizer.core.localizer - INFO - Computing group norms for localization
2025-11-14 18:45:12,759 - nmf_localizer.core.localizer - INFO - Localization result: [80.0] degrees
2025-11-14 18:45:12,760 - nmf_localizer.core.localizer - INFO - Starting NMF factorization
2025-11-14 18:45:12,760 - nmf_localizer.core.localizer - INFO - Input Y shape: torch.Size([346, 89])
2025-11-14 18:45:12,760 - nmf_localizer.core.localizer - INFO - A shape: torch.Size([346, 1850])
2025-11-14 18:45:12,760 - nmf_localizer.core.localizer - INFO - Using competitive sparse initialization
2025-11-14 18:45:12,764 - nmf_localizer.core.localizer - INFO - X initialized: shape=torch.Size([1850, 89]), min=0.000000, max=0.000290, mean=0.000085
2025-11-14 18:45:12,818 - nmf_localizer.core.localizer - INFO - NMF converged at iteration 1
2025-11-14 18:45:12,818 - nmf_localizer.core.localizer - INFO - Factorization complete: 2 iterations, final loss: 0.097033
2025-11-14 18:45:12,818 - nmf_localizer.core.localizer - INFO - Computing group norms for localization
2025-11-14 18:45:12,821 - nmf_localizer.core.localizer - INFO - Localization result: [0.0] degrees
Evaluating:  68%|██████▊   | 125/185 [00:08<00:03, 16.31it/s]2025-11-14 18:45:12,822 - nmf_localizer.core.localizer - INFO - Starting NMF factorization
2025-11-14 18:45:12,822 - nmf_localizer.core.localizer - INFO - Input Y shape: torch.Size([346, 88])
2025-11-14 18:45:12,822 - nmf_localizer.core.localizer - INFO - A shape: torch.Size([346, 1850])
2025-11-14 18:45:12,822 - nmf_localizer.core.localizer - INFO - Using competitive sparse initialization
2025-11-14 18:45:12,826 - nmf_localizer.core.localizer - INFO - X initialized: shape=torch.Size([1850, 88]), min=0.000000, max=0.000277, mean=0.000091
2025-11-14 18:45:12,877 - nmf_localizer.core.localizer - INFO - NMF converged at iteration 1
2025-11-14 18:45:12,877 - nmf_localizer.core.localizer - INFO - Factorization complete: 2 iterations, final loss: 0.083066
2025-11-14 18:45:12,877 - nmf_localizer.core.localizer - INFO - Computing group norms for localization
2025-11-14 18:45:12,880 - nmf_localizer.core.localizer - INFO - Localization result: [0.0] degrees
2025-11-14 18:45:12,881 - nmf_localizer.core.localizer - INFO - Starting NMF factorization
2025-11-14 18:45:12,881 - nmf_localizer.core.localizer - INFO - Input Y shape: torch.Size([346, 79])
2025-11-14 18:45:12,881 - nmf_localizer.core.localizer - INFO - A shape: torch.Size([346, 1850])
2025-11-14 18:45:12,881 - nmf_localizer.core.localizer - INFO - Using competitive sparse initialization
2025-11-14 18:45:12,885 - nmf_localizer.core.localizer - INFO - X initialized: shape=torch.Size([1850, 79]), min=0.000000, max=0.000287, mean=0.000087
2025-11-14 18:45:12,938 - nmf_localizer.core.localizer - INFO - NMF converged at iteration 1
2025-11-14 18:45:12,938 - nmf_localizer.core.localizer - INFO - Factorization complete: 2 iterations, final loss: 0.070459
2025-11-14 18:45:12,938 - nmf_localizer.core.localizer - INFO - Computing group norms for localization
2025-11-14 18:45:12,941 - nmf_localizer.core.localizer - INFO - Localization result: [0.0] degrees
Evaluating:  69%|██████▊   | 127/185 [00:08<00:03, 16.41it/s]2025-11-14 18:45:12,942 - nmf_localizer.core.localizer - INFO - Starting NMF factorization
2025-11-14 18:45:12,942 - nmf_localizer.core.localizer - INFO - Input Y shape: torch.Size([346, 85])
2025-11-14 18:45:12,942 - nmf_localizer.core.localizer - INFO - A shape: torch.Size([346, 1850])
2025-11-14 18:45:12,942 - nmf_localizer.core.localizer - INFO - Using competitive sparse initialization
2025-11-14 18:45:12,946 - nmf_localizer.core.localizer - INFO - X initialized: shape=torch.Size([1850, 85]), min=0.000000, max=0.000338, mean=0.000098
2025-11-14 18:45:13,001 - nmf_localizer.core.localizer - INFO - NMF converged at iteration 1
2025-11-14 18:45:13,001 - nmf_localizer.core.localizer - INFO - Factorization complete: 2 iterations, final loss: 0.090017
2025-11-14 18:45:13,001 - nmf_localizer.core.localizer - INFO - Computing group norms for localization
2025-11-14 18:45:13,004 - nmf_localizer.core.localizer - INFO - Localization result: [0.0] degrees
2025-11-14 18:45:13,004 - nmf_localizer.core.localizer - INFO - Starting NMF factorization
2025-11-14 18:45:13,004 - nmf_localizer.core.localizer - INFO - Input Y shape: torch.Size([346, 83])
2025-11-14 18:45:13,004 - nmf_localizer.core.localizer - INFO - A shape: torch.Size([346, 1850])
2025-11-14 18:45:13,004 - nmf_localizer.core.localizer - INFO - Using competitive sparse initialization
2025-11-14 18:45:13,008 - nmf_localizer.core.localizer - INFO - X initialized: shape=torch.Size([1850, 83]), min=0.000000, max=0.000328, mean=0.000093
2025-11-14 18:45:13,063 - nmf_localizer.core.localizer - INFO - NMF converged at iteration 1
2025-11-14 18:45:13,063 - nmf_localizer.core.localizer - INFO - Factorization complete: 2 iterations, final loss: 0.097769
2025-11-14 18:45:13,063 - nmf_localizer.core.localizer - INFO - Computing group norms for localization
2025-11-14 18:45:13,066 - nmf_localizer.core.localizer - INFO - Localization result: [0.0] degrees
Evaluating:  70%|██████▉   | 129/185 [00:08<00:03, 16.30it/s]2025-11-14 18:45:13,066 - nmf_localizer.core.localizer - INFO - Starting NMF factorization
2025-11-14 18:45:13,066 - nmf_localizer.core.localizer - INFO - Input Y shape: torch.Size([346, 89])
2025-11-14 18:45:13,066 - nmf_localizer.core.localizer - INFO - A shape: torch.Size([346, 1850])
2025-11-14 18:45:13,066 - nmf_localizer.core.localizer - INFO - Using competitive sparse initialization
2025-11-14 18:45:13,070 - nmf_localizer.core.localizer - INFO - X initialized: shape=torch.Size([1850, 89]), min=0.000000, max=0.000241, mean=0.000069
2025-11-14 18:45:13,126 - nmf_localizer.core.localizer - INFO - NMF converged at iteration 1
2025-11-14 18:45:13,126 - nmf_localizer.core.localizer - INFO - Factorization complete: 2 iterations, final loss: 0.076408
2025-11-14 18:45:13,126 - nmf_localizer.core.localizer - INFO - Computing group norms for localization
2025-11-14 18:45:13,128 - nmf_localizer.core.localizer - INFO - Localization result: [0.0] degrees
2025-11-14 18:45:13,129 - nmf_localizer.core.localizer - INFO - Starting NMF factorization
2025-11-14 18:45:13,129 - nmf_localizer.core.localizer - INFO - Input Y shape: torch.Size([346, 88])
2025-11-14 18:45:13,129 - nmf_localizer.core.localizer - INFO - A shape: torch.Size([346, 1850])
2025-11-14 18:45:13,129 - nmf_localizer.core.localizer - INFO - Using competitive sparse initialization
2025-11-14 18:45:13,133 - nmf_localizer.core.localizer - INFO - X initialized: shape=torch.Size([1850, 88]), min=0.000000, max=0.000207, mean=0.000071
2025-11-14 18:45:13,184 - nmf_localizer.core.localizer - INFO - NMF converged at iteration 1
2025-11-14 18:45:13,184 - nmf_localizer.core.localizer - INFO - Factorization complete: 2 iterations, final loss: 0.065495
2025-11-14 18:45:13,184 - nmf_localizer.core.localizer - INFO - Computing group norms for localization
2025-11-14 18:45:13,187 - nmf_localizer.core.localizer - INFO - Localization result: [0.0] degrees
Evaluating:  71%|███████   | 131/185 [00:08<00:03, 16.36it/s]2025-11-14 18:45:13,188 - nmf_localizer.core.localizer - INFO - Starting NMF factorization
2025-11-14 18:45:13,188 - nmf_localizer.core.localizer - INFO - Input Y shape: torch.Size([346, 79])
2025-11-14 18:45:13,188 - nmf_localizer.core.localizer - INFO - A shape: torch.Size([346, 1850])
2025-11-14 18:45:13,188 - nmf_localizer.core.localizer - INFO - Using competitive sparse initialization
2025-11-14 18:45:13,191 - nmf_localizer.core.localizer - INFO - X initialized: shape=torch.Size([1850, 79]), min=0.000000, max=0.000208, mean=0.000058
2025-11-14 18:45:13,246 - nmf_localizer.core.localizer - INFO - NMF converged at iteration 1
2025-11-14 18:45:13,246 - nmf_localizer.core.localizer - INFO - Factorization complete: 2 iterations, final loss: 0.061559
2025-11-14 18:45:13,246 - nmf_localizer.core.localizer - INFO - Computing group norms for localization
2025-11-14 18:45:13,248 - nmf_localizer.core.localizer - INFO - Localization result: [0.0] degrees
2025-11-14 18:45:13,249 - nmf_localizer.core.localizer - INFO - Starting NMF factorization
2025-11-14 18:45:13,249 - nmf_localizer.core.localizer - INFO - Input Y shape: torch.Size([346, 85])
2025-11-14 18:45:13,249 - nmf_localizer.core.localizer - INFO - A shape: torch.Size([346, 1850])
2025-11-14 18:45:13,249 - nmf_localizer.core.localizer - INFO - Using competitive sparse initialization
2025-11-14 18:45:13,253 - nmf_localizer.core.localizer - INFO - X initialized: shape=torch.Size([1850, 85]), min=0.000000, max=0.000244, mean=0.000079
2025-11-14 18:45:13,305 - nmf_localizer.core.localizer - INFO - NMF converged at iteration 1
2025-11-14 18:45:13,305 - nmf_localizer.core.localizer - INFO - Factorization complete: 2 iterations, final loss: 0.070235
2025-11-14 18:45:13,305 - nmf_localizer.core.localizer - INFO - Computing group norms for localization
2025-11-14 18:45:13,308 - nmf_localizer.core.localizer - INFO - Localization result: [0.0] degrees
Evaluating:  72%|███████▏  | 133/185 [00:09<00:03, 16.41it/s]2025-11-14 18:45:13,309 - nmf_localizer.core.localizer - INFO - Starting NMF factorization
2025-11-14 18:45:13,309 - nmf_localizer.core.localizer - INFO - Input Y shape: torch.Size([346, 83])
2025-11-14 18:45:13,309 - nmf_localizer.core.localizer - INFO - A shape: torch.Size([346, 1850])
2025-11-14 18:45:13,309 - nmf_localizer.core.localizer - INFO - Using competitive sparse initialization
2025-11-14 18:45:13,312 - nmf_localizer.core.localizer - INFO - X initialized: shape=torch.Size([1850, 83]), min=0.000000, max=0.000285, mean=0.000088
2025-11-14 18:45:13,366 - nmf_localizer.core.localizer - INFO - NMF converged at iteration 1
2025-11-14 18:45:13,366 - nmf_localizer.core.localizer - INFO - Factorization complete: 2 iterations, final loss: 0.079343
2025-11-14 18:45:13,366 - nmf_localizer.core.localizer - INFO - Computing group norms for localization
2025-11-14 18:45:13,368 - nmf_localizer.core.localizer - INFO - Localization result: [0.0] degrees
2025-11-14 18:45:13,369 - nmf_localizer.core.localizer - INFO - Starting NMF factorization
2025-11-14 18:45:13,369 - nmf_localizer.core.localizer - INFO - Input Y shape: torch.Size([346, 89])
2025-11-14 18:45:13,369 - nmf_localizer.core.localizer - INFO - A shape: torch.Size([346, 1850])
2025-11-14 18:45:13,369 - nmf_localizer.core.localizer - INFO - Using competitive sparse initialization
2025-11-14 18:45:13,373 - nmf_localizer.core.localizer - INFO - X initialized: shape=torch.Size([1850, 89]), min=0.000000, max=0.000174, mean=0.000050
2025-11-14 18:45:13,419 - nmf_localizer.core.localizer - INFO - NMF converged at iteration 1
2025-11-14 18:45:13,419 - nmf_localizer.core.localizer - INFO - Factorization complete: 2 iterations, final loss: 0.060330
2025-11-14 18:45:13,420 - nmf_localizer.core.localizer - INFO - Computing group norms for localization
2025-11-14 18:45:13,422 - nmf_localizer.core.localizer - INFO - Localization result: [0.0] degrees
Evaluating:  73%|███████▎  | 135/185 [00:09<00:02, 16.72it/s]2025-11-14 18:45:13,423 - nmf_localizer.core.localizer - INFO - Starting NMF factorization
2025-11-14 18:45:13,423 - nmf_localizer.core.localizer - INFO - Input Y shape: torch.Size([346, 88])
2025-11-14 18:45:13,423 - nmf_localizer.core.localizer - INFO - A shape: torch.Size([346, 1850])
2025-11-14 18:45:13,423 - nmf_localizer.core.localizer - INFO - Using competitive sparse initialization
2025-11-14 18:45:13,427 - nmf_localizer.core.localizer - INFO - X initialized: shape=torch.Size([1850, 88]), min=0.000000, max=0.000236, mean=0.000071
2025-11-14 18:45:13,479 - nmf_localizer.core.localizer - INFO - NMF converged at iteration 1
2025-11-14 18:45:13,479 - nmf_localizer.core.localizer - INFO - Factorization complete: 2 iterations, final loss: 0.080579
2025-11-14 18:45:13,479 - nmf_localizer.core.localizer - INFO - Computing group norms for localization
2025-11-14 18:45:13,482 - nmf_localizer.core.localizer - INFO - Localization result: [0.0] degrees
2025-11-14 18:45:13,482 - nmf_localizer.core.localizer - INFO - Starting NMF factorization
2025-11-14 18:45:13,482 - nmf_localizer.core.localizer - INFO - Input Y shape: torch.Size([346, 79])
2025-11-14 18:45:13,482 - nmf_localizer.core.localizer - INFO - A shape: torch.Size([346, 1850])
2025-11-14 18:45:13,482 - nmf_localizer.core.localizer - INFO - Using competitive sparse initialization
2025-11-14 18:45:13,486 - nmf_localizer.core.localizer - INFO - X initialized: shape=torch.Size([1850, 79]), min=0.000000, max=0.000266, mean=0.000078
2025-11-14 18:45:13,540 - nmf_localizer.core.localizer - INFO - NMF converged at iteration 1
2025-11-14 18:45:13,540 - nmf_localizer.core.localizer - INFO - Factorization complete: 2 iterations, final loss: 0.086992
2025-11-14 18:45:13,540 - nmf_localizer.core.localizer - INFO - Computing group norms for localization
2025-11-14 18:45:13,543 - nmf_localizer.core.localizer - INFO - Localization result: [80.0] degrees
Evaluating:  74%|███████▍  | 137/185 [00:09<00:02, 16.69it/s]2025-11-14 18:45:13,543 - nmf_localizer.core.localizer - INFO - Starting NMF factorization
2025-11-14 18:45:13,543 - nmf_localizer.core.localizer - INFO - Input Y shape: torch.Size([346, 85])
2025-11-14 18:45:13,543 - nmf_localizer.core.localizer - INFO - A shape: torch.Size([346, 1850])
2025-11-14 18:45:13,543 - nmf_localizer.core.localizer - INFO - Using competitive sparse initialization
2025-11-14 18:45:13,547 - nmf_localizer.core.localizer - INFO - X initialized: shape=torch.Size([1850, 85]), min=0.000000, max=0.000303, mean=0.000087
2025-11-14 18:45:13,602 - nmf_localizer.core.localizer - INFO - NMF converged at iteration 1
2025-11-14 18:45:13,602 - nmf_localizer.core.localizer - INFO - Factorization complete: 2 iterations, final loss: 0.069103
2025-11-14 18:45:13,602 - nmf_localizer.core.localizer - INFO - Computing group norms for localization
2025-11-14 18:45:13,604 - nmf_localizer.core.localizer - INFO - Localization result: [0.0] degrees
2025-11-14 18:45:13,605 - nmf_localizer.core.localizer - INFO - Starting NMF factorization
2025-11-14 18:45:13,605 - nmf_localizer.core.localizer - INFO - Input Y shape: torch.Size([346, 83])
2025-11-14 18:45:13,605 - nmf_localizer.core.localizer - INFO - A shape: torch.Size([346, 1850])
2025-11-14 18:45:13,605 - nmf_localizer.core.localizer - INFO - Using competitive sparse initialization
2025-11-14 18:45:13,609 - nmf_localizer.core.localizer - INFO - X initialized: shape=torch.Size([1850, 83]), min=0.000000, max=0.000334, mean=0.000110
2025-11-14 18:45:13,661 - nmf_localizer.core.localizer - INFO - NMF converged at iteration 1
2025-11-14 18:45:13,661 - nmf_localizer.core.localizer - INFO - Factorization complete: 2 iterations, final loss: 0.103123
2025-11-14 18:45:13,661 - nmf_localizer.core.localizer - INFO - Computing group norms for localization
2025-11-14 18:45:13,664 - nmf_localizer.core.localizer - INFO - Localization result: [0.0] degrees
Evaluating:  75%|███████▌  | 139/185 [00:09<00:02, 16.63it/s]2025-11-14 18:45:13,664 - nmf_localizer.core.localizer - INFO - Starting NMF factorization
2025-11-14 18:45:13,665 - nmf_localizer.core.localizer - INFO - Input Y shape: torch.Size([346, 89])
2025-11-14 18:45:13,665 - nmf_localizer.core.localizer - INFO - A shape: torch.Size([346, 1850])
2025-11-14 18:45:13,665 - nmf_localizer.core.localizer - INFO - Using competitive sparse initialization
2025-11-14 18:45:13,668 - nmf_localizer.core.localizer - INFO - X initialized: shape=torch.Size([1850, 89]), min=0.000000, max=0.000267, mean=0.000072
2025-11-14 18:45:13,723 - nmf_localizer.core.localizer - INFO - NMF converged at iteration 1
2025-11-14 18:45:13,723 - nmf_localizer.core.localizer - INFO - Factorization complete: 2 iterations, final loss: 0.088291
2025-11-14 18:45:13,723 - nmf_localizer.core.localizer - INFO - Computing group norms for localization
2025-11-14 18:45:13,726 - nmf_localizer.core.localizer - INFO - Localization result: [0.0] degrees
2025-11-14 18:45:13,726 - nmf_localizer.core.localizer - INFO - Starting NMF factorization
2025-11-14 18:45:13,726 - nmf_localizer.core.localizer - INFO - Input Y shape: torch.Size([346, 88])
2025-11-14 18:45:13,726 - nmf_localizer.core.localizer - INFO - A shape: torch.Size([346, 1850])
2025-11-14 18:45:13,726 - nmf_localizer.core.localizer - INFO - Using competitive sparse initialization
2025-11-14 18:45:13,730 - nmf_localizer.core.localizer - INFO - X initialized: shape=torch.Size([1850, 88]), min=0.000000, max=0.000237, mean=0.000073
2025-11-14 18:45:13,784 - nmf_localizer.core.localizer - INFO - NMF converged at iteration 1
2025-11-14 18:45:13,784 - nmf_localizer.core.localizer - INFO - Factorization complete: 2 iterations, final loss: 0.081491
2025-11-14 18:45:13,784 - nmf_localizer.core.localizer - INFO - Computing group norms for localization
2025-11-14 18:45:13,787 - nmf_localizer.core.localizer - INFO - Localization result: [0.0] degrees
Evaluating:  76%|███████▌  | 141/185 [00:09<00:02, 16.52it/s]2025-11-14 18:45:13,788 - nmf_localizer.core.localizer - INFO - Starting NMF factorization
2025-11-14 18:45:13,788 - nmf_localizer.core.localizer - INFO - Input Y shape: torch.Size([346, 79])
2025-11-14 18:45:13,788 - nmf_localizer.core.localizer - INFO - A shape: torch.Size([346, 1850])
2025-11-14 18:45:13,788 - nmf_localizer.core.localizer - INFO - Using competitive sparse initialization
2025-11-14 18:45:13,791 - nmf_localizer.core.localizer - INFO - X initialized: shape=torch.Size([1850, 79]), min=0.000000, max=0.000277, mean=0.000085
2025-11-14 18:45:13,845 - nmf_localizer.core.localizer - INFO - NMF converged at iteration 1
2025-11-14 18:45:13,845 - nmf_localizer.core.localizer - INFO - Factorization complete: 2 iterations, final loss: 0.082965
2025-11-14 18:45:13,845 - nmf_localizer.core.localizer - INFO - Computing group norms for localization
2025-11-14 18:45:13,848 - nmf_localizer.core.localizer - INFO - Localization result: [0.0] degrees
2025-11-14 18:45:13,848 - nmf_localizer.core.localizer - INFO - Starting NMF factorization
2025-11-14 18:45:13,848 - nmf_localizer.core.localizer - INFO - Input Y shape: torch.Size([346, 85])
2025-11-14 18:45:13,848 - nmf_localizer.core.localizer - INFO - A shape: torch.Size([346, 1850])
2025-11-14 18:45:13,848 - nmf_localizer.core.localizer - INFO - Using competitive sparse initialization
2025-11-14 18:45:13,852 - nmf_localizer.core.localizer - INFO - X initialized: shape=torch.Size([1850, 85]), min=0.000000, max=0.000288, mean=0.000088
2025-11-14 18:45:13,908 - nmf_localizer.core.localizer - INFO - NMF converged at iteration 1
2025-11-14 18:45:13,908 - nmf_localizer.core.localizer - INFO - Factorization complete: 2 iterations, final loss: 0.064018
2025-11-14 18:45:13,908 - nmf_localizer.core.localizer - INFO - Computing group norms for localization
2025-11-14 18:45:13,911 - nmf_localizer.core.localizer - INFO - Localization result: [0.0] degrees
Evaluating:  77%|███████▋  | 143/185 [00:09<00:02, 16.41it/s]2025-11-14 18:45:13,911 - nmf_localizer.core.localizer - INFO - Starting NMF factorization
2025-11-14 18:45:13,911 - nmf_localizer.core.localizer - INFO - Input Y shape: torch.Size([346, 83])
2025-11-14 18:45:13,911 - nmf_localizer.core.localizer - INFO - A shape: torch.Size([346, 1850])
2025-11-14 18:45:13,911 - nmf_localizer.core.localizer - INFO - Using competitive sparse initialization
2025-11-14 18:45:13,915 - nmf_localizer.core.localizer - INFO - X initialized: shape=torch.Size([1850, 83]), min=0.000000, max=0.000405, mean=0.000121
2025-11-14 18:45:13,990 - nmf_localizer.core.localizer - INFO - NMF converged at iteration 2
2025-11-14 18:45:13,990 - nmf_localizer.core.localizer - INFO - Factorization complete: 3 iterations, final loss: 0.151984
2025-11-14 18:45:13,990 - nmf_localizer.core.localizer - INFO - Computing group norms for localization
2025-11-14 18:45:13,993 - nmf_localizer.core.localizer - INFO - Localization result: [0.0] degrees
2025-11-14 18:45:13,994 - nmf_localizer.core.localizer - INFO - Starting NMF factorization
2025-11-14 18:45:13,994 - nmf_localizer.core.localizer - INFO - Input Y shape: torch.Size([346, 89])
2025-11-14 18:45:13,994 - nmf_localizer.core.localizer - INFO - A shape: torch.Size([346, 1850])
2025-11-14 18:45:13,994 - nmf_localizer.core.localizer - INFO - Using competitive sparse initialization
2025-11-14 18:45:13,997 - nmf_localizer.core.localizer - INFO - X initialized: shape=torch.Size([1850, 89]), min=0.000000, max=0.000251, mean=0.000073
2025-11-14 18:45:14,052 - nmf_localizer.core.localizer - INFO - NMF converged at iteration 1
2025-11-14 18:45:14,052 - nmf_localizer.core.localizer - INFO - Factorization complete: 2 iterations, final loss: 0.078913
2025-11-14 18:45:14,052 - nmf_localizer.core.localizer - INFO - Computing group norms for localization
2025-11-14 18:45:14,054 - nmf_localizer.core.localizer - INFO - Localization result: [110.0] degrees
Evaluating:  78%|███████▊  | 145/185 [00:09<00:02, 15.58it/s]2025-11-14 18:45:14,055 - nmf_localizer.core.localizer - INFO - Starting NMF factorization
2025-11-14 18:45:14,055 - nmf_localizer.core.localizer - INFO - Input Y shape: torch.Size([346, 88])
2025-11-14 18:45:14,055 - nmf_localizer.core.localizer - INFO - A shape: torch.Size([346, 1850])
2025-11-14 18:45:14,055 - nmf_localizer.core.localizer - INFO - Using competitive sparse initialization
2025-11-14 18:45:14,059 - nmf_localizer.core.localizer - INFO - X initialized: shape=torch.Size([1850, 88]), min=0.000000, max=0.000279, mean=0.000081
2025-11-14 18:45:14,114 - nmf_localizer.core.localizer - INFO - NMF converged at iteration 1
2025-11-14 18:45:14,114 - nmf_localizer.core.localizer - INFO - Factorization complete: 2 iterations, final loss: 0.086521
2025-11-14 18:45:14,114 - nmf_localizer.core.localizer - INFO - Computing group norms for localization
2025-11-14 18:45:14,117 - nmf_localizer.core.localizer - INFO - Localization result: [0.0] degrees
2025-11-14 18:45:14,117 - nmf_localizer.core.localizer - INFO - Starting NMF factorization
2025-11-14 18:45:14,117 - nmf_localizer.core.localizer - INFO - Input Y shape: torch.Size([346, 79])
2025-11-14 18:45:14,117 - nmf_localizer.core.localizer - INFO - A shape: torch.Size([346, 1850])
2025-11-14 18:45:14,118 - nmf_localizer.core.localizer - INFO - Using competitive sparse initialization
2025-11-14 18:45:14,121 - nmf_localizer.core.localizer - INFO - X initialized: shape=torch.Size([1850, 79]), min=0.000000, max=0.000271, mean=0.000080
2025-11-14 18:45:14,176 - nmf_localizer.core.localizer - INFO - NMF converged at iteration 1
2025-11-14 18:45:14,176 - nmf_localizer.core.localizer - INFO - Factorization complete: 2 iterations, final loss: 0.079418
2025-11-14 18:45:14,176 - nmf_localizer.core.localizer - INFO - Computing group norms for localization
2025-11-14 18:45:14,179 - nmf_localizer.core.localizer - INFO - Localization result: [85.0] degrees
Evaluating:  79%|███████▉  | 147/185 [00:09<00:02, 15.72it/s]2025-11-14 18:45:14,179 - nmf_localizer.core.localizer - INFO - Starting NMF factorization
2025-11-14 18:45:14,179 - nmf_localizer.core.localizer - INFO - Input Y shape: torch.Size([346, 85])
2025-11-14 18:45:14,179 - nmf_localizer.core.localizer - INFO - A shape: torch.Size([346, 1850])
2025-11-14 18:45:14,179 - nmf_localizer.core.localizer - INFO - Using competitive sparse initialization
2025-11-14 18:45:14,183 - nmf_localizer.core.localizer - INFO - X initialized: shape=torch.Size([1850, 85]), min=0.000000, max=0.000334, mean=0.000108
2025-11-14 18:45:14,237 - nmf_localizer.core.localizer - INFO - NMF converged at iteration 1
2025-11-14 18:45:14,237 - nmf_localizer.core.localizer - INFO - Factorization complete: 2 iterations, final loss: 0.074439
2025-11-14 18:45:14,237 - nmf_localizer.core.localizer - INFO - Computing group norms for localization
2025-11-14 18:45:14,239 - nmf_localizer.core.localizer - INFO - Localization result: [0.0] degrees
2025-11-14 18:45:14,240 - nmf_localizer.core.localizer - INFO - Starting NMF factorization
2025-11-14 18:45:14,240 - nmf_localizer.core.localizer - INFO - Input Y shape: torch.Size([346, 83])
2025-11-14 18:45:14,240 - nmf_localizer.core.localizer - INFO - A shape: torch.Size([346, 1850])
2025-11-14 18:45:14,240 - nmf_localizer.core.localizer - INFO - Using competitive sparse initialization
2025-11-14 18:45:14,244 - nmf_localizer.core.localizer - INFO - X initialized: shape=torch.Size([1850, 83]), min=0.000000, max=0.000394, mean=0.000131
2025-11-14 18:45:14,317 - nmf_localizer.core.localizer - INFO - NMF converged at iteration 2
2025-11-14 18:45:14,317 - nmf_localizer.core.localizer - INFO - Factorization complete: 3 iterations, final loss: 0.133966
2025-11-14 18:45:14,317 - nmf_localizer.core.localizer - INFO - Computing group norms for localization
2025-11-14 18:45:14,320 - nmf_localizer.core.localizer - INFO - Localization result: [0.0] degrees
Evaluating:  81%|████████  | 149/185 [00:10<00:02, 15.22it/s]2025-11-14 18:45:14,321 - nmf_localizer.core.localizer - INFO - Starting NMF factorization
2025-11-14 18:45:14,321 - nmf_localizer.core.localizer - INFO - Input Y shape: torch.Size([346, 89])
2025-11-14 18:45:14,321 - nmf_localizer.core.localizer - INFO - A shape: torch.Size([346, 1850])
2025-11-14 18:45:14,321 - nmf_localizer.core.localizer - INFO - Using competitive sparse initialization
2025-11-14 18:45:14,324 - nmf_localizer.core.localizer - INFO - X initialized: shape=torch.Size([1850, 89]), min=0.000000, max=0.000277, mean=0.000085
2025-11-14 18:45:14,378 - nmf_localizer.core.localizer - INFO - NMF converged at iteration 1
2025-11-14 18:45:14,378 - nmf_localizer.core.localizer - INFO - Factorization complete: 2 iterations, final loss: 0.087538
2025-11-14 18:45:14,378 - nmf_localizer.core.localizer - INFO - Computing group norms for localization
2025-11-14 18:45:14,381 - nmf_localizer.core.localizer - INFO - Localization result: [105.0] degrees
2025-11-14 18:45:14,381 - nmf_localizer.core.localizer - INFO - Starting NMF factorization
2025-11-14 18:45:14,381 - nmf_localizer.core.localizer - INFO - Input Y shape: torch.Size([346, 88])
2025-11-14 18:45:14,381 - nmf_localizer.core.localizer - INFO - A shape: torch.Size([346, 1850])
2025-11-14 18:45:14,381 - nmf_localizer.core.localizer - INFO - Using competitive sparse initialization
2025-11-14 18:45:14,385 - nmf_localizer.core.localizer - INFO - X initialized: shape=torch.Size([1850, 88]), min=0.000000, max=0.000239, mean=0.000069
2025-11-14 18:45:14,438 - nmf_localizer.core.localizer - INFO - NMF converged at iteration 1
2025-11-14 18:45:14,438 - nmf_localizer.core.localizer - INFO - Factorization complete: 2 iterations, final loss: 0.059377
2025-11-14 18:45:14,438 - nmf_localizer.core.localizer - INFO - Computing group norms for localization
2025-11-14 18:45:14,441 - nmf_localizer.core.localizer - INFO - Localization result: [0.0] degrees
Evaluating:  82%|████████▏ | 151/185 [00:10<00:02, 15.59it/s]2025-11-14 18:45:14,442 - nmf_localizer.core.localizer - INFO - Starting NMF factorization
2025-11-14 18:45:14,442 - nmf_localizer.core.localizer - INFO - Input Y shape: torch.Size([346, 79])
2025-11-14 18:45:14,442 - nmf_localizer.core.localizer - INFO - A shape: torch.Size([346, 1850])
2025-11-14 18:45:14,442 - nmf_localizer.core.localizer - INFO - Using competitive sparse initialization
2025-11-14 18:45:14,445 - nmf_localizer.core.localizer - INFO - X initialized: shape=torch.Size([1850, 79]), min=0.000000, max=0.000265, mean=0.000077
2025-11-14 18:45:14,500 - nmf_localizer.core.localizer - INFO - NMF converged at iteration 1
2025-11-14 18:45:14,500 - nmf_localizer.core.localizer - INFO - Factorization complete: 2 iterations, final loss: 0.083148
2025-11-14 18:45:14,500 - nmf_localizer.core.localizer - INFO - Computing group norms for localization
2025-11-14 18:45:14,503 - nmf_localizer.core.localizer - INFO - Localization result: [0.0] degrees
2025-11-14 18:45:14,503 - nmf_localizer.core.localizer - INFO - Starting NMF factorization
2025-11-14 18:45:14,503 - nmf_localizer.core.localizer - INFO - Input Y shape: torch.Size([346, 85])
2025-11-14 18:45:14,503 - nmf_localizer.core.localizer - INFO - A shape: torch.Size([346, 1850])
2025-11-14 18:45:14,503 - nmf_localizer.core.localizer - INFO - Using competitive sparse initialization
2025-11-14 18:45:14,507 - nmf_localizer.core.localizer - INFO - X initialized: shape=torch.Size([1850, 85]), min=0.000000, max=0.000307, mean=0.000091
2025-11-14 18:45:14,561 - nmf_localizer.core.localizer - INFO - NMF converged at iteration 1
2025-11-14 18:45:14,561 - nmf_localizer.core.localizer - INFO - Factorization complete: 2 iterations, final loss: 0.061976
2025-11-14 18:45:14,562 - nmf_localizer.core.localizer - INFO - Computing group norms for localization
2025-11-14 18:45:14,564 - nmf_localizer.core.localizer - INFO - Localization result: [0.0] degrees
Evaluating:  83%|████████▎ | 153/185 [00:10<00:02, 15.78it/s]2025-11-14 18:45:14,565 - nmf_localizer.core.localizer - INFO - Starting NMF factorization
2025-11-14 18:45:14,565 - nmf_localizer.core.localizer - INFO - Input Y shape: torch.Size([346, 83])
2025-11-14 18:45:14,565 - nmf_localizer.core.localizer - INFO - A shape: torch.Size([346, 1850])
2025-11-14 18:45:14,565 - nmf_localizer.core.localizer - INFO - Using competitive sparse initialization
2025-11-14 18:45:14,568 - nmf_localizer.core.localizer - INFO - X initialized: shape=torch.Size([1850, 83]), min=0.000000, max=0.000360, mean=0.000113
2025-11-14 18:45:14,622 - nmf_localizer.core.localizer - INFO - NMF converged at iteration 1
2025-11-14 18:45:14,622 - nmf_localizer.core.localizer - INFO - Factorization complete: 2 iterations, final loss: 0.110934
2025-11-14 18:45:14,622 - nmf_localizer.core.localizer - INFO - Computing group norms for localization
2025-11-14 18:45:14,625 - nmf_localizer.core.localizer - INFO - Localization result: [0.0] degrees
2025-11-14 18:45:14,625 - nmf_localizer.core.localizer - INFO - Starting NMF factorization
2025-11-14 18:45:14,625 - nmf_localizer.core.localizer - INFO - Input Y shape: torch.Size([346, 89])
2025-11-14 18:45:14,625 - nmf_localizer.core.localizer - INFO - A shape: torch.Size([346, 1850])
2025-11-14 18:45:14,625 - nmf_localizer.core.localizer - INFO - Using competitive sparse initialization
2025-11-14 18:45:14,629 - nmf_localizer.core.localizer - INFO - X initialized: shape=torch.Size([1850, 89]), min=0.000000, max=0.000263, mean=0.000085
2025-11-14 18:45:14,682 - nmf_localizer.core.localizer - INFO - NMF converged at iteration 1
2025-11-14 18:45:14,682 - nmf_localizer.core.localizer - INFO - Factorization complete: 2 iterations, final loss: 0.075245
2025-11-14 18:45:14,682 - nmf_localizer.core.localizer - INFO - Computing group norms for localization
2025-11-14 18:45:14,685 - nmf_localizer.core.localizer - INFO - Localization result: [100.0] degrees
Evaluating:  84%|████████▍ | 155/185 [00:10<00:01, 16.01it/s]2025-11-14 18:45:14,685 - nmf_localizer.core.localizer - INFO - Starting NMF factorization
2025-11-14 18:45:14,686 - nmf_localizer.core.localizer - INFO - Input Y shape: torch.Size([346, 88])
2025-11-14 18:45:14,686 - nmf_localizer.core.localizer - INFO - A shape: torch.Size([346, 1850])
2025-11-14 18:45:14,686 - nmf_localizer.core.localizer - INFO - Using competitive sparse initialization
2025-11-14 18:45:14,689 - nmf_localizer.core.localizer - INFO - X initialized: shape=torch.Size([1850, 88]), min=0.000000, max=0.000218, mean=0.000062
2025-11-14 18:45:14,744 - nmf_localizer.core.localizer - INFO - NMF converged at iteration 1
2025-11-14 18:45:14,744 - nmf_localizer.core.localizer - INFO - Factorization complete: 2 iterations, final loss: 0.049924
2025-11-14 18:45:14,744 - nmf_localizer.core.localizer - INFO - Computing group norms for localization
2025-11-14 18:45:14,747 - nmf_localizer.core.localizer - INFO - Localization result: [0.0] degrees
2025-11-14 18:45:14,747 - nmf_localizer.core.localizer - INFO - Starting NMF factorization
2025-11-14 18:45:14,747 - nmf_localizer.core.localizer - INFO - Input Y shape: torch.Size([346, 79])
2025-11-14 18:45:14,747 - nmf_localizer.core.localizer - INFO - A shape: torch.Size([346, 1850])
2025-11-14 18:45:14,747 - nmf_localizer.core.localizer - INFO - Using competitive sparse initialization
2025-11-14 18:45:14,751 - nmf_localizer.core.localizer - INFO - X initialized: shape=torch.Size([1850, 79]), min=0.000000, max=0.000267, mean=0.000088
2025-11-14 18:45:14,804 - nmf_localizer.core.localizer - INFO - NMF converged at iteration 1
2025-11-14 18:45:14,804 - nmf_localizer.core.localizer - INFO - Factorization complete: 2 iterations, final loss: 0.075313
2025-11-14 18:45:14,804 - nmf_localizer.core.localizer - INFO - Computing group norms for localization
2025-11-14 18:45:14,807 - nmf_localizer.core.localizer - INFO - Localization result: [95.0] degrees
Evaluating:  85%|████████▍ | 157/185 [00:10<00:01, 16.13it/s]2025-11-14 18:45:14,807 - nmf_localizer.core.localizer - INFO - Starting NMF factorization
2025-11-14 18:45:14,807 - nmf_localizer.core.localizer - INFO - Input Y shape: torch.Size([346, 85])
2025-11-14 18:45:14,807 - nmf_localizer.core.localizer - INFO - A shape: torch.Size([346, 1850])
2025-11-14 18:45:14,807 - nmf_localizer.core.localizer - INFO - Using competitive sparse initialization
2025-11-14 18:45:14,811 - nmf_localizer.core.localizer - INFO - X initialized: shape=torch.Size([1850, 85]), min=0.000000, max=0.000297, mean=0.000090
2025-11-14 18:45:14,865 - nmf_localizer.core.localizer - INFO - NMF converged at iteration 1
2025-11-14 18:45:14,865 - nmf_localizer.core.localizer - INFO - Factorization complete: 2 iterations, final loss: 0.061204
2025-11-14 18:45:14,865 - nmf_localizer.core.localizer - INFO - Computing group norms for localization
2025-11-14 18:45:14,867 - nmf_localizer.core.localizer - INFO - Localization result: [0.0] degrees
2025-11-14 18:45:14,868 - nmf_localizer.core.localizer - INFO - Starting NMF factorization
2025-11-14 18:45:14,868 - nmf_localizer.core.localizer - INFO - Input Y shape: torch.Size([346, 83])
2025-11-14 18:45:14,868 - nmf_localizer.core.localizer - INFO - A shape: torch.Size([346, 1850])
2025-11-14 18:45:14,868 - nmf_localizer.core.localizer - INFO - Using competitive sparse initialization
2025-11-14 18:45:14,872 - nmf_localizer.core.localizer - INFO - X initialized: shape=torch.Size([1850, 83]), min=0.000000, max=0.000298, mean=0.000087
2025-11-14 18:45:14,927 - nmf_localizer.core.localizer - INFO - NMF converged at iteration 1
2025-11-14 18:45:14,927 - nmf_localizer.core.localizer - INFO - Factorization complete: 2 iterations, final loss: 0.097380
2025-11-14 18:45:14,927 - nmf_localizer.core.localizer - INFO - Computing group norms for localization
2025-11-14 18:45:14,930 - nmf_localizer.core.localizer - INFO - Localization result: [0.0] degrees
Evaluating:  86%|████████▌ | 159/185 [00:10<00:01, 16.16it/s]2025-11-14 18:45:14,930 - nmf_localizer.core.localizer - INFO - Starting NMF factorization
2025-11-14 18:45:14,930 - nmf_localizer.core.localizer - INFO - Input Y shape: torch.Size([346, 89])
2025-11-14 18:45:14,930 - nmf_localizer.core.localizer - INFO - A shape: torch.Size([346, 1850])
2025-11-14 18:45:14,930 - nmf_localizer.core.localizer - INFO - Using competitive sparse initialization
2025-11-14 18:45:14,934 - nmf_localizer.core.localizer - INFO - X initialized: shape=torch.Size([1850, 89]), min=0.000000, max=0.000258, mean=0.000076
2025-11-14 18:45:14,989 - nmf_localizer.core.localizer - INFO - NMF converged at iteration 1
2025-11-14 18:45:14,989 - nmf_localizer.core.localizer - INFO - Factorization complete: 2 iterations, final loss: 0.077609
2025-11-14 18:45:14,989 - nmf_localizer.core.localizer - INFO - Computing group norms for localization
2025-11-14 18:45:14,992 - nmf_localizer.core.localizer - INFO - Localization result: [100.0] degrees
2025-11-14 18:45:14,992 - nmf_localizer.core.localizer - INFO - Starting NMF factorization
2025-11-14 18:45:14,993 - nmf_localizer.core.localizer - INFO - Input Y shape: torch.Size([346, 88])
2025-11-14 18:45:14,993 - nmf_localizer.core.localizer - INFO - A shape: torch.Size([346, 1850])
2025-11-14 18:45:14,993 - nmf_localizer.core.localizer - INFO - Using competitive sparse initialization
2025-11-14 18:45:14,996 - nmf_localizer.core.localizer - INFO - X initialized: shape=torch.Size([1850, 88]), min=0.000000, max=0.000230, mean=0.000078
2025-11-14 18:45:15,047 - nmf_localizer.core.localizer - INFO - NMF converged at iteration 1
2025-11-14 18:45:15,047 - nmf_localizer.core.localizer - INFO - Factorization complete: 2 iterations, final loss: 0.059551
2025-11-14 18:45:15,047 - nmf_localizer.core.localizer - INFO - Computing group norms for localization
2025-11-14 18:45:15,050 - nmf_localizer.core.localizer - INFO - Localization result: [0.0] degrees
Evaluating:  87%|████████▋ | 161/185 [00:10<00:01, 16.30it/s]2025-11-14 18:45:15,051 - nmf_localizer.core.localizer - INFO - Starting NMF factorization
2025-11-14 18:45:15,051 - nmf_localizer.core.localizer - INFO - Input Y shape: torch.Size([346, 79])
2025-11-14 18:45:15,051 - nmf_localizer.core.localizer - INFO - A shape: torch.Size([346, 1850])
2025-11-14 18:45:15,051 - nmf_localizer.core.localizer - INFO - Using competitive sparse initialization
2025-11-14 18:45:15,054 - nmf_localizer.core.localizer - INFO - X initialized: shape=torch.Size([1850, 79]), min=0.000000, max=0.000261, mean=0.000079
2025-11-14 18:45:15,109 - nmf_localizer.core.localizer - INFO - NMF converged at iteration 1
2025-11-14 18:45:15,109 - nmf_localizer.core.localizer - INFO - Factorization complete: 2 iterations, final loss: 0.071897
2025-11-14 18:45:15,109 - nmf_localizer.core.localizer - INFO - Computing group norms for localization
2025-11-14 18:45:15,112 - nmf_localizer.core.localizer - INFO - Localization result: [0.0] degrees
2025-11-14 18:45:15,112 - nmf_localizer.core.localizer - INFO - Starting NMF factorization
2025-11-14 18:45:15,113 - nmf_localizer.core.localizer - INFO - Input Y shape: torch.Size([346, 85])
2025-11-14 18:45:15,113 - nmf_localizer.core.localizer - INFO - A shape: torch.Size([346, 1850])
2025-11-14 18:45:15,113 - nmf_localizer.core.localizer - INFO - Using competitive sparse initialization
2025-11-14 18:45:15,116 - nmf_localizer.core.localizer - INFO - X initialized: shape=torch.Size([1850, 85]), min=0.000000, max=0.000277, mean=0.000082
2025-11-14 18:45:15,171 - nmf_localizer.core.localizer - INFO - NMF converged at iteration 1
2025-11-14 18:45:15,171 - nmf_localizer.core.localizer - INFO - Factorization complete: 2 iterations, final loss: 0.060570
2025-11-14 18:45:15,171 - nmf_localizer.core.localizer - INFO - Computing group norms for localization
2025-11-14 18:45:15,173 - nmf_localizer.core.localizer - INFO - Localization result: [0.0] degrees
Evaluating:  88%|████████▊ | 163/185 [00:10<00:01, 16.27it/s]2025-11-14 18:45:15,174 - nmf_localizer.core.localizer - INFO - Starting NMF factorization
2025-11-14 18:45:15,174 - nmf_localizer.core.localizer - INFO - Input Y shape: torch.Size([346, 83])
2025-11-14 18:45:15,174 - nmf_localizer.core.localizer - INFO - A shape: torch.Size([346, 1850])
2025-11-14 18:45:15,174 - nmf_localizer.core.localizer - INFO - Using competitive sparse initialization
2025-11-14 18:45:15,178 - nmf_localizer.core.localizer - INFO - X initialized: shape=torch.Size([1850, 83]), min=0.000000, max=0.000305, mean=0.000099
2025-11-14 18:45:15,231 - nmf_localizer.core.localizer - INFO - NMF converged at iteration 1
2025-11-14 18:45:15,231 - nmf_localizer.core.localizer - INFO - Factorization complete: 2 iterations, final loss: 0.089260
2025-11-14 18:45:15,231 - nmf_localizer.core.localizer - INFO - Computing group norms for localization
2025-11-14 18:45:15,234 - nmf_localizer.core.localizer - INFO - Localization result: [0.0] degrees
2025-11-14 18:45:15,234 - nmf_localizer.core.localizer - INFO - Starting NMF factorization
2025-11-14 18:45:15,234 - nmf_localizer.core.localizer - INFO - Input Y shape: torch.Size([346, 89])
2025-11-14 18:45:15,234 - nmf_localizer.core.localizer - INFO - A shape: torch.Size([346, 1850])
2025-11-14 18:45:15,234 - nmf_localizer.core.localizer - INFO - Using competitive sparse initialization
2025-11-14 18:45:15,238 - nmf_localizer.core.localizer - INFO - X initialized: shape=torch.Size([1850, 89]), min=0.000000, max=0.000247, mean=0.000068
2025-11-14 18:45:15,294 - nmf_localizer.core.localizer - INFO - NMF converged at iteration 1
2025-11-14 18:45:15,294 - nmf_localizer.core.localizer - INFO - Factorization complete: 2 iterations, final loss: 0.072986
2025-11-14 18:45:15,294 - nmf_localizer.core.localizer - INFO - Computing group norms for localization
2025-11-14 18:45:15,296 - nmf_localizer.core.localizer - INFO - Localization result: [0.0] degrees
Evaluating:  89%|████████▉ | 165/185 [00:11<00:01, 16.28it/s]2025-11-14 18:45:15,297 - nmf_localizer.core.localizer - INFO - Starting NMF factorization
2025-11-14 18:45:15,297 - nmf_localizer.core.localizer - INFO - Input Y shape: torch.Size([346, 88])
2025-11-14 18:45:15,297 - nmf_localizer.core.localizer - INFO - A shape: torch.Size([346, 1850])
2025-11-14 18:45:15,297 - nmf_localizer.core.localizer - INFO - Using competitive sparse initialization
2025-11-14 18:45:15,301 - nmf_localizer.core.localizer - INFO - X initialized: shape=torch.Size([1850, 88]), min=0.000000, max=0.000237, mean=0.000081
2025-11-14 18:45:15,352 - nmf_localizer.core.localizer - INFO - NMF converged at iteration 1
2025-11-14 18:45:15,352 - nmf_localizer.core.localizer - INFO - Factorization complete: 2 iterations, final loss: 0.071448
2025-11-14 18:45:15,352 - nmf_localizer.core.localizer - INFO - Computing group norms for localization
2025-11-14 18:45:15,355 - nmf_localizer.core.localizer - INFO - Localization result: [0.0] degrees
2025-11-14 18:45:15,356 - nmf_localizer.core.localizer - INFO - Starting NMF factorization
2025-11-14 18:45:15,356 - nmf_localizer.core.localizer - INFO - Input Y shape: torch.Size([346, 79])
2025-11-14 18:45:15,356 - nmf_localizer.core.localizer - INFO - A shape: torch.Size([346, 1850])
2025-11-14 18:45:15,356 - nmf_localizer.core.localizer - INFO - Using competitive sparse initialization
2025-11-14 18:45:15,359 - nmf_localizer.core.localizer - INFO - X initialized: shape=torch.Size([1850, 79]), min=0.000000, max=0.000212, mean=0.000064
2025-11-14 18:45:15,414 - nmf_localizer.core.localizer - INFO - NMF converged at iteration 1
2025-11-14 18:45:15,414 - nmf_localizer.core.localizer - INFO - Factorization complete: 2 iterations, final loss: 0.063751
2025-11-14 18:45:15,414 - nmf_localizer.core.localizer - INFO - Computing group norms for localization
2025-11-14 18:45:15,417 - nmf_localizer.core.localizer - INFO - Localization result: [0.0] degrees
Evaluating:  90%|█████████ | 167/185 [00:11<00:01, 16.36it/s]2025-11-14 18:45:15,417 - nmf_localizer.core.localizer - INFO - Starting NMF factorization
2025-11-14 18:45:15,418 - nmf_localizer.core.localizer - INFO - Input Y shape: torch.Size([346, 85])
2025-11-14 18:45:15,418 - nmf_localizer.core.localizer - INFO - A shape: torch.Size([346, 1850])
2025-11-14 18:45:15,418 - nmf_localizer.core.localizer - INFO - Using competitive sparse initialization
2025-11-14 18:45:15,421 - nmf_localizer.core.localizer - INFO - X initialized: shape=torch.Size([1850, 85]), min=0.000000, max=0.000284, mean=0.000086
2025-11-14 18:45:15,476 - nmf_localizer.core.localizer - INFO - NMF converged at iteration 1
2025-11-14 18:45:15,476 - nmf_localizer.core.localizer - INFO - Factorization complete: 2 iterations, final loss: 0.068544
2025-11-14 18:45:15,476 - nmf_localizer.core.localizer - INFO - Computing group norms for localization
2025-11-14 18:45:15,478 - nmf_localizer.core.localizer - INFO - Localization result: [105.0] degrees
2025-11-14 18:45:15,479 - nmf_localizer.core.localizer - INFO - Starting NMF factorization
2025-11-14 18:45:15,479 - nmf_localizer.core.localizer - INFO - Input Y shape: torch.Size([346, 83])
2025-11-14 18:45:15,479 - nmf_localizer.core.localizer - INFO - A shape: torch.Size([346, 1850])
2025-11-14 18:45:15,479 - nmf_localizer.core.localizer - INFO - Using competitive sparse initialization
2025-11-14 18:45:15,483 - nmf_localizer.core.localizer - INFO - X initialized: shape=torch.Size([1850, 83]), min=0.000000, max=0.000313, mean=0.000092
2025-11-14 18:45:15,538 - nmf_localizer.core.localizer - INFO - NMF converged at iteration 1
2025-11-14 18:45:15,538 - nmf_localizer.core.localizer - INFO - Factorization complete: 2 iterations, final loss: 0.093856
2025-11-14 18:45:15,538 - nmf_localizer.core.localizer - INFO - Computing group norms for localization
2025-11-14 18:45:15,540 - nmf_localizer.core.localizer - INFO - Localization result: [0.0] degrees
Evaluating:  91%|█████████▏| 169/185 [00:11<00:00, 16.32it/s]2025-11-14 18:45:15,541 - nmf_localizer.core.localizer - INFO - Starting NMF factorization
2025-11-14 18:45:15,541 - nmf_localizer.core.localizer - INFO - Input Y shape: torch.Size([346, 89])
2025-11-14 18:45:15,541 - nmf_localizer.core.localizer - INFO - A shape: torch.Size([346, 1850])
2025-11-14 18:45:15,541 - nmf_localizer.core.localizer - INFO - Using competitive sparse initialization
2025-11-14 18:45:15,545 - nmf_localizer.core.localizer - INFO - X initialized: shape=torch.Size([1850, 89]), min=0.000000, max=0.000221, mean=0.000064
2025-11-14 18:45:15,600 - nmf_localizer.core.localizer - INFO - NMF converged at iteration 1
2025-11-14 18:45:15,600 - nmf_localizer.core.localizer - INFO - Factorization complete: 2 iterations, final loss: 0.071041
2025-11-14 18:45:15,600 - nmf_localizer.core.localizer - INFO - Computing group norms for localization
2025-11-14 18:45:15,602 - nmf_localizer.core.localizer - INFO - Localization result: [110.0] degrees
2025-11-14 18:45:15,603 - nmf_localizer.core.localizer - INFO - Starting NMF factorization
2025-11-14 18:45:15,603 - nmf_localizer.core.localizer - INFO - Input Y shape: torch.Size([346, 88])
2025-11-14 18:45:15,603 - nmf_localizer.core.localizer - INFO - A shape: torch.Size([346, 1850])
2025-11-14 18:45:15,603 - nmf_localizer.core.localizer - INFO - Using competitive sparse initialization
2025-11-14 18:45:15,606 - nmf_localizer.core.localizer - INFO - X initialized: shape=torch.Size([1850, 88]), min=0.000000, max=0.000278, mean=0.000086
2025-11-14 18:45:15,658 - nmf_localizer.core.localizer - INFO - NMF converged at iteration 1
2025-11-14 18:45:15,658 - nmf_localizer.core.localizer - INFO - Factorization complete: 2 iterations, final loss: 0.091497
2025-11-14 18:45:15,658 - nmf_localizer.core.localizer - INFO - Computing group norms for localization
2025-11-14 18:45:15,661 - nmf_localizer.core.localizer - INFO - Localization result: [0.0] degrees
Evaluating:  92%|█████████▏| 171/185 [00:11<00:00, 16.39it/s]2025-11-14 18:45:15,662 - nmf_localizer.core.localizer - INFO - Starting NMF factorization
2025-11-14 18:45:15,662 - nmf_localizer.core.localizer - INFO - Input Y shape: torch.Size([346, 79])
2025-11-14 18:45:15,662 - nmf_localizer.core.localizer - INFO - A shape: torch.Size([346, 1850])
2025-11-14 18:45:15,662 - nmf_localizer.core.localizer - INFO - Using competitive sparse initialization
2025-11-14 18:45:15,665 - nmf_localizer.core.localizer - INFO - X initialized: shape=torch.Size([1850, 79]), min=0.000000, max=0.000232, mean=0.000077
2025-11-14 18:45:15,718 - nmf_localizer.core.localizer - INFO - NMF converged at iteration 1
2025-11-14 18:45:15,718 - nmf_localizer.core.localizer - INFO - Factorization complete: 2 iterations, final loss: 0.064659
2025-11-14 18:45:15,718 - nmf_localizer.core.localizer - INFO - Computing group norms for localization
2025-11-14 18:45:15,721 - nmf_localizer.core.localizer - INFO - Localization result: [105.0] degrees
2025-11-14 18:45:15,721 - nmf_localizer.core.localizer - INFO - Starting NMF factorization
2025-11-14 18:45:15,721 - nmf_localizer.core.localizer - INFO - Input Y shape: torch.Size([346, 85])
2025-11-14 18:45:15,721 - nmf_localizer.core.localizer - INFO - A shape: torch.Size([346, 1850])
2025-11-14 18:45:15,721 - nmf_localizer.core.localizer - INFO - Using competitive sparse initialization
2025-11-14 18:45:15,725 - nmf_localizer.core.localizer - INFO - X initialized: shape=torch.Size([1850, 85]), min=0.000000, max=0.000317, mean=0.000100
2025-11-14 18:45:15,779 - nmf_localizer.core.localizer - INFO - NMF converged at iteration 1
2025-11-14 18:45:15,779 - nmf_localizer.core.localizer - INFO - Factorization complete: 2 iterations, final loss: 0.083703
2025-11-14 18:45:15,779 - nmf_localizer.core.localizer - INFO - Computing group norms for localization
2025-11-14 18:45:15,782 - nmf_localizer.core.localizer - INFO - Localization result: [0.0] degrees
Evaluating:  94%|█████████▎| 173/185 [00:11<00:00, 16.45it/s]2025-11-14 18:45:15,782 - nmf_localizer.core.localizer - INFO - Starting NMF factorization
2025-11-14 18:45:15,782 - nmf_localizer.core.localizer - INFO - Input Y shape: torch.Size([346, 83])
2025-11-14 18:45:15,782 - nmf_localizer.core.localizer - INFO - A shape: torch.Size([346, 1850])
2025-11-14 18:45:15,782 - nmf_localizer.core.localizer - INFO - Using competitive sparse initialization
2025-11-14 18:45:15,786 - nmf_localizer.core.localizer - INFO - X initialized: shape=torch.Size([1850, 83]), min=0.000000, max=0.000303, mean=0.000089
2025-11-14 18:45:15,841 - nmf_localizer.core.localizer - INFO - NMF converged at iteration 1
2025-11-14 18:45:15,841 - nmf_localizer.core.localizer - INFO - Factorization complete: 2 iterations, final loss: 0.103254
2025-11-14 18:45:15,841 - nmf_localizer.core.localizer - INFO - Computing group norms for localization
2025-11-14 18:45:15,844 - nmf_localizer.core.localizer - INFO - Localization result: [0.0] degrees
2025-11-14 18:45:15,844 - nmf_localizer.core.localizer - INFO - Starting NMF factorization
2025-11-14 18:45:15,844 - nmf_localizer.core.localizer - INFO - Input Y shape: torch.Size([346, 89])
2025-11-14 18:45:15,844 - nmf_localizer.core.localizer - INFO - A shape: torch.Size([346, 1850])
2025-11-14 18:45:15,844 - nmf_localizer.core.localizer - INFO - Using competitive sparse initialization
2025-11-14 18:45:15,848 - nmf_localizer.core.localizer - INFO - X initialized: shape=torch.Size([1850, 89]), min=0.000000, max=0.000247, mean=0.000071
2025-11-14 18:45:15,904 - nmf_localizer.core.localizer - INFO - NMF converged at iteration 1
2025-11-14 18:45:15,904 - nmf_localizer.core.localizer - INFO - Factorization complete: 2 iterations, final loss: 0.077641
2025-11-14 18:45:15,904 - nmf_localizer.core.localizer - INFO - Computing group norms for localization
2025-11-14 18:45:15,906 - nmf_localizer.core.localizer - INFO - Localization result: [105.0] degrees
Evaluating:  95%|█████████▍| 175/185 [00:11<00:00, 16.33it/s]2025-11-14 18:45:15,907 - nmf_localizer.core.localizer - INFO - Starting NMF factorization
2025-11-14 18:45:15,907 - nmf_localizer.core.localizer - INFO - Input Y shape: torch.Size([346, 88])
2025-11-14 18:45:15,907 - nmf_localizer.core.localizer - INFO - A shape: torch.Size([346, 1850])
2025-11-14 18:45:15,907 - nmf_localizer.core.localizer - INFO - Using competitive sparse initialization
2025-11-14 18:45:15,911 - nmf_localizer.core.localizer - INFO - X initialized: shape=torch.Size([1850, 88]), min=0.000000, max=0.000255, mean=0.000081
2025-11-14 18:45:15,964 - nmf_localizer.core.localizer - INFO - NMF converged at iteration 1
2025-11-14 18:45:15,964 - nmf_localizer.core.localizer - INFO - Factorization complete: 2 iterations, final loss: 0.073570
2025-11-14 18:45:15,964 - nmf_localizer.core.localizer - INFO - Computing group norms for localization
2025-11-14 18:45:15,966 - nmf_localizer.core.localizer - INFO - Localization result: [0.0] degrees
2025-11-14 18:45:15,967 - nmf_localizer.core.localizer - INFO - Starting NMF factorization
2025-11-14 18:45:15,967 - nmf_localizer.core.localizer - INFO - Input Y shape: torch.Size([346, 79])
2025-11-14 18:45:15,967 - nmf_localizer.core.localizer - INFO - A shape: torch.Size([346, 1850])
2025-11-14 18:45:15,967 - nmf_localizer.core.localizer - INFO - Using competitive sparse initialization
2025-11-14 18:45:15,971 - nmf_localizer.core.localizer - INFO - X initialized: shape=torch.Size([1850, 79]), min=0.000000, max=0.000215, mean=0.000064
2025-11-14 18:45:16,026 - nmf_localizer.core.localizer - INFO - NMF converged at iteration 1
2025-11-14 18:45:16,026 - nmf_localizer.core.localizer - INFO - Factorization complete: 2 iterations, final loss: 0.055598
2025-11-14 18:45:16,026 - nmf_localizer.core.localizer - INFO - Computing group norms for localization
2025-11-14 18:45:16,029 - nmf_localizer.core.localizer - INFO - Localization result: [0.0] degrees
Evaluating:  96%|█████████▌| 177/185 [00:11<00:00, 16.33it/s]2025-11-14 18:45:16,029 - nmf_localizer.core.localizer - INFO - Starting NMF factorization
2025-11-14 18:45:16,029 - nmf_localizer.core.localizer - INFO - Input Y shape: torch.Size([346, 85])
2025-11-14 18:45:16,029 - nmf_localizer.core.localizer - INFO - A shape: torch.Size([346, 1850])
2025-11-14 18:45:16,029 - nmf_localizer.core.localizer - INFO - Using competitive sparse initialization
2025-11-14 18:45:16,033 - nmf_localizer.core.localizer - INFO - X initialized: shape=torch.Size([1850, 85]), min=0.000000, max=0.000266, mean=0.000085
2025-11-14 18:45:16,086 - nmf_localizer.core.localizer - INFO - NMF converged at iteration 1
2025-11-14 18:45:16,086 - nmf_localizer.core.localizer - INFO - Factorization complete: 2 iterations, final loss: 0.070078
2025-11-14 18:45:16,086 - nmf_localizer.core.localizer - INFO - Computing group norms for localization
2025-11-14 18:45:16,089 - nmf_localizer.core.localizer - INFO - Localization result: [0.0] degrees
2025-11-14 18:45:16,089 - nmf_localizer.core.localizer - INFO - Starting NMF factorization
2025-11-14 18:45:16,089 - nmf_localizer.core.localizer - INFO - Input Y shape: torch.Size([346, 83])
2025-11-14 18:45:16,089 - nmf_localizer.core.localizer - INFO - A shape: torch.Size([346, 1850])
2025-11-14 18:45:16,089 - nmf_localizer.core.localizer - INFO - Using competitive sparse initialization
2025-11-14 18:45:16,093 - nmf_localizer.core.localizer - INFO - X initialized: shape=torch.Size([1850, 83]), min=0.000000, max=0.000371, mean=0.000106
2025-11-14 18:45:16,148 - nmf_localizer.core.localizer - INFO - NMF converged at iteration 1
2025-11-14 18:45:16,148 - nmf_localizer.core.localizer - INFO - Factorization complete: 2 iterations, final loss: 0.131004
2025-11-14 18:45:16,148 - nmf_localizer.core.localizer - INFO - Computing group norms for localization
2025-11-14 18:45:16,150 - nmf_localizer.core.localizer - INFO - Localization result: [110.0] degrees
Evaluating:  97%|█████████▋| 179/185 [00:11<00:00, 16.37it/s]2025-11-14 18:45:16,151 - nmf_localizer.core.localizer - INFO - Starting NMF factorization
2025-11-14 18:45:16,151 - nmf_localizer.core.localizer - INFO - Input Y shape: torch.Size([346, 89])
2025-11-14 18:45:16,151 - nmf_localizer.core.localizer - INFO - A shape: torch.Size([346, 1850])
2025-11-14 18:45:16,151 - nmf_localizer.core.localizer - INFO - Using competitive sparse initialization
2025-11-14 18:45:16,155 - nmf_localizer.core.localizer - INFO - X initialized: shape=torch.Size([1850, 89]), min=0.000000, max=0.000212, mean=0.000069
2025-11-14 18:45:16,207 - nmf_localizer.core.localizer - INFO - NMF converged at iteration 1
2025-11-14 18:45:16,207 - nmf_localizer.core.localizer - INFO - Factorization complete: 2 iterations, final loss: 0.080490
2025-11-14 18:45:16,207 - nmf_localizer.core.localizer - INFO - Computing group norms for localization
2025-11-14 18:45:16,209 - nmf_localizer.core.localizer - INFO - Localization result: [105.0] degrees
2025-11-14 18:45:16,210 - nmf_localizer.core.localizer - INFO - Starting NMF factorization
2025-11-14 18:45:16,210 - nmf_localizer.core.localizer - INFO - Input Y shape: torch.Size([346, 88])
2025-11-14 18:45:16,210 - nmf_localizer.core.localizer - INFO - A shape: torch.Size([346, 1850])
2025-11-14 18:45:16,210 - nmf_localizer.core.localizer - INFO - Using competitive sparse initialization
2025-11-14 18:45:16,214 - nmf_localizer.core.localizer - INFO - X initialized: shape=torch.Size([1850, 88]), min=0.000000, max=0.000274, mean=0.000084
2025-11-14 18:45:16,266 - nmf_localizer.core.localizer - INFO - NMF converged at iteration 1
2025-11-14 18:45:16,267 - nmf_localizer.core.localizer - INFO - Factorization complete: 2 iterations, final loss: 0.068255
2025-11-14 18:45:16,267 - nmf_localizer.core.localizer - INFO - Computing group norms for localization
2025-11-14 18:45:16,269 - nmf_localizer.core.localizer - INFO - Localization result: [0.0] degrees
Evaluating:  98%|█████████▊| 181/185 [00:11<00:00, 16.50it/s]2025-11-14 18:45:16,270 - nmf_localizer.core.localizer - INFO - Starting NMF factorization
2025-11-14 18:45:16,270 - nmf_localizer.core.localizer - INFO - Input Y shape: torch.Size([346, 79])
2025-11-14 18:45:16,270 - nmf_localizer.core.localizer - INFO - A shape: torch.Size([346, 1850])
2025-11-14 18:45:16,270 - nmf_localizer.core.localizer - INFO - Using competitive sparse initialization
2025-11-14 18:45:16,273 - nmf_localizer.core.localizer - INFO - X initialized: shape=torch.Size([1850, 79]), min=0.000000, max=0.000251, mean=0.000073
2025-11-14 18:45:16,328 - nmf_localizer.core.localizer - INFO - NMF converged at iteration 1
2025-11-14 18:45:16,328 - nmf_localizer.core.localizer - INFO - Factorization complete: 2 iterations, final loss: 0.067155
2025-11-14 18:45:16,328 - nmf_localizer.core.localizer - INFO - Computing group norms for localization
2025-11-14 18:45:16,330 - nmf_localizer.core.localizer - INFO - Localization result: [0.0] degrees
2025-11-14 18:45:16,331 - nmf_localizer.core.localizer - INFO - Starting NMF factorization
2025-11-14 18:45:16,331 - nmf_localizer.core.localizer - INFO - Input Y shape: torch.Size([346, 85])
2025-11-14 18:45:16,331 - nmf_localizer.core.localizer - INFO - A shape: torch.Size([346, 1850])
2025-11-14 18:45:16,331 - nmf_localizer.core.localizer - INFO - Using competitive sparse initialization
2025-11-14 18:45:16,335 - nmf_localizer.core.localizer - INFO - X initialized: shape=torch.Size([1850, 85]), min=0.000000, max=0.000325, mean=0.000100
2025-11-14 18:45:16,389 - nmf_localizer.core.localizer - INFO - NMF converged at iteration 1
2025-11-14 18:45:16,389 - nmf_localizer.core.localizer - INFO - Factorization complete: 2 iterations, final loss: 0.071259
2025-11-14 18:45:16,389 - nmf_localizer.core.localizer - INFO - Computing group norms for localization
2025-11-14 18:45:16,391 - nmf_localizer.core.localizer - INFO - Localization result: [0.0] degrees
Evaluating:  99%|█████████▉| 183/185 [00:12<00:00, 16.46it/s]2025-11-14 18:45:16,392 - nmf_localizer.core.localizer - INFO - Starting NMF factorization
2025-11-14 18:45:16,392 - nmf_localizer.core.localizer - INFO - Input Y shape: torch.Size([346, 83])
2025-11-14 18:45:16,392 - nmf_localizer.core.localizer - INFO - A shape: torch.Size([346, 1850])
2025-11-14 18:45:16,392 - nmf_localizer.core.localizer - INFO - Using competitive sparse initialization
2025-11-14 18:45:16,396 - nmf_localizer.core.localizer - INFO - X initialized: shape=torch.Size([1850, 83]), min=0.000000, max=0.000364, mean=0.000112
2025-11-14 18:45:16,450 - nmf_localizer.core.localizer - INFO - NMF converged at iteration 1
2025-11-14 18:45:16,450 - nmf_localizer.core.localizer - INFO - Factorization complete: 2 iterations, final loss: 0.112620
2025-11-14 18:45:16,450 - nmf_localizer.core.localizer - INFO - Computing group norms for localization
2025-11-14 18:45:16,453 - nmf_localizer.core.localizer - INFO - Localization result: [100.0] degrees
2025-11-14 18:45:16,453 - nmf_localizer.core.localizer - INFO - Starting NMF factorization
2025-11-14 18:45:16,453 - nmf_localizer.core.localizer - INFO - Input Y shape: torch.Size([346, 89])
2025-11-14 18:45:16,453 - nmf_localizer.core.localizer - INFO - A shape: torch.Size([346, 1850])
2025-11-14 18:45:16,453 - nmf_localizer.core.localizer - INFO - Using competitive sparse initialization
2025-11-14 18:45:16,457 - nmf_localizer.core.localizer - INFO - X initialized: shape=torch.Size([1850, 89]), min=0.000000, max=0.000271, mean=0.000081
2025-11-14 18:45:16,511 - nmf_localizer.core.localizer - INFO - NMF converged at iteration 1
2025-11-14 18:45:16,511 - nmf_localizer.core.localizer - INFO - Factorization complete: 2 iterations, final loss: 0.087327
2025-11-14 18:45:16,511 - nmf_localizer.core.localizer - INFO - Computing group norms for localization
2025-11-14 18:45:16,514 - nmf_localizer.core.localizer - INFO - Localization result: [0.0] degrees
Evaluating: 100%|██████████| 185/185 [00:12<00:00, 16.43it/s]Evaluating: 100%|██████████| 185/185 [00:12<00:00, 15.14it/s]
2025-11-14 18:45:16,515 - nmf_localizer.core.evaluator - INFO - === Evaluation Results ===
2025-11-14 18:45:16,515 - nmf_localizer.core.evaluator - INFO - Overall accuracy: 4.3%
2025-11-14 18:45:16,515 - nmf_localizer.core.evaluator - INFO - Mean error: 2.5°
2025-11-14 18:45:16,515 - nmf_localizer.core.evaluator - INFO - Per-source accuracy: 7.0%
2025-11-14 18:45:16,515 - nmf_localizer.core.evaluator - INFO - Success rate: 100.0%
2025-11-14 18:45:16,515 - nmf_localizer.core.evaluator - INFO - Mean processing time: 65.5ms
2025-11-14 18:45:16,515 - nmf_localizer.core.evaluator - INFO - Evaluation results saved to: doa_speech260_config_c_16k_smoke_mps_20251114_184322/evaluation/evaluation_results.pth
2025-11-14 18:45:16,516 - nmf_localizer.pipeline.full_pipeline - INFO - Results saved to: doa_speech260_config_c_16k_smoke_mps_20251114_184322/evaluation
2025-11-14 18:45:16,516 - nmf_localizer.pipeline.full_pipeline - INFO - Experiment summary saved
2025-11-14 18:45:16,516 - nmf_localizer.pipeline.full_pipeline - INFO - ============================================================
2025-11-14 18:45:16,516 - nmf_localizer.pipeline.full_pipeline - INFO - EXPERIMENT COMPLETED SUCCESSFULLY
2025-11-14 18:45:16,516 - nmf_localizer.pipeline.full_pipeline - INFO - Total time: 112.4s
2025-11-14 18:45:16,516 - nmf_localizer.pipeline.full_pipeline - INFO - Accuracy: 4.3%
2025-11-14 18:45:16,516 - nmf_localizer.pipeline.full_pipeline - INFO - Results saved to: doa_speech260_config_c_16k_smoke_mps_20251114_184322
2025-11-14 18:45:16,516 - nmf_localizer.pipeline.full_pipeline - INFO - ============================================================
2025-11-14 18:45:16,516 - __main__ - INFO - 
=== FINAL RESULTS ===
2025-11-14 18:45:16,516 - __main__ - INFO - Accuracy: 4.3% | Mean Error: 2.5° | Per-Source Acc: 7.0%
2025-11-14 18:45:16,516 - __main__ - INFO - Saved under: doa_speech260_config_c_16k_smoke_mps_20251114_184322
