2025-10-25 15:32:44,355 - INFO - Using synchronized X-Y spectrogram VAD threshold: 1.00e-05
2025-10-25 15:32:44,355 - INFO - STFT config: n_fft=2048, hop_length=512, freq_range=[300.0, 3000.0]
2025-10-25 15:32:44,355 - INFO - Found 37 common angles: ['angle_0', 'angle_10', 'angle_100', 'angle_105', 'angle_110', 'angle_115', 'angle_120', 'angle_125', 'angle_130', 'angle_135', 'angle_140', 'angle_145', 'angle_15', 'angle_150', 'angle_155', 'angle_160', 'angle_165', 'angle_170', 'angle_175', 'angle_180', 'angle_20', 'angle_25', 'angle_30', 'angle_35', 'angle_40', 'angle_45', 'angle_5', 'angle_50', 'angle_55', 'angle_60', 'angle_65', 'angle_70', 'angle_75', 'angle_80', 'angle_85', 'angle_90', 'angle_95']
2025-10-25 15:32:44,355 - INFO - Processing angle_0...
2025-10-25 15:32:44,356 - INFO - Starting synchronized X-Y VAD processing:
2025-10-25 15:32:44,356 - INFO -   X audio shape: (145920,), range: [-0.446686, 0.446655]
2025-10-25 15:32:44,356 - INFO -   Y audio shape: (145920,), range: [-0.068690, 0.063594]
2025-10-25 15:32:44,362 - INFO - Spectrogram shapes: X=(1025, 96), Y=(1025, 96)
2025-10-25 15:32:44,363 - INFO - Filtered spectrogram shapes: X=(116, 96), Y=(116, 96)
2025-10-25 15:32:44,365 - INFO - Original Y magnitude stats: mean=5.089582e-04, std=8.947712e-04
2025-10-25 15:32:44,365 - INFO - Original X magnitude stats: mean=6.078750e-03, std=3.299912e-03
2025-10-25 15:32:44,365 - INFO - Y values below threshold 1.00e-05: 0.4%
2025-10-25 15:32:44,365 - INFO - VAD mask applied: 99.6% time-frequency points retained
2025-10-25 15:32:44,365 - INFO - Y energy retained: 1.000
2025-10-25 15:32:44,365 - INFO - X energy retained: 0.997
2025-10-25 15:32:44,365 - INFO - Audio energy scaling: X=0.997, Y=1.000
2025-10-25 15:32:44,367 - INFO - Starting synchronized X-Y VAD processing:
2025-10-25 15:32:44,367 - INFO -   X audio shape: (145920,), range: [-0.446686, 0.446655]
2025-10-25 15:32:44,367 - INFO -   Y audio shape: (145920,), range: [-0.067764, 0.064073]
2025-10-25 15:32:44,371 - INFO - Spectrogram shapes: X=(1025, 96), Y=(1025, 96)
2025-10-25 15:32:44,371 - INFO - Filtered spectrogram shapes: X=(116, 96), Y=(116, 96)
2025-10-25 15:32:44,372 - INFO - Original Y magnitude stats: mean=5.032531e-04, std=8.827545e-04
2025-10-25 15:32:44,372 - INFO - Original X magnitude stats: mean=6.083817e-03, std=3.296814e-03
2025-10-25 15:32:44,372 - INFO - Y values below threshold 1.00e-05: 0.9%
2025-10-25 15:32:44,372 - INFO - VAD mask applied: 99.1% time-frequency points retained
2025-10-25 15:32:44,372 - INFO - Y energy retained: 1.000
2025-10-25 15:32:44,372 - INFO - X energy retained: 0.997
2025-10-25 15:32:44,372 - INFO - Audio energy scaling: X=0.997, Y=1.000
2025-10-25 15:32:44,375 - INFO - Starting synchronized X-Y VAD processing:
2025-10-25 15:32:44,375 - INFO -   X audio shape: (145920,), range: [-0.446686, 0.446686]
2025-10-25 15:32:44,375 - INFO -   Y audio shape: (145920,), range: [-0.068738, 0.063654]
2025-10-25 15:32:44,379 - INFO - Spectrogram shapes: X=(1025, 96), Y=(1025, 96)
2025-10-25 15:32:44,379 - INFO - Filtered spectrogram shapes: X=(116, 96), Y=(116, 96)
2025-10-25 15:32:44,379 - INFO - Original Y magnitude stats: mean=5.028016e-04, std=8.813034e-04
2025-10-25 15:32:44,379 - INFO - Original X magnitude stats: mean=6.089183e-03, std=3.295978e-03
2025-10-25 15:32:44,379 - INFO - Y values below threshold 1.00e-05: 0.9%
2025-10-25 15:32:44,379 - INFO - VAD mask applied: 99.1% time-frequency points retained
2025-10-25 15:32:44,379 - INFO - Y energy retained: 1.000
2025-10-25 15:32:44,379 - INFO - X energy retained: 0.997
2025-10-25 15:32:44,379 - INFO - Audio energy scaling: X=0.997, Y=1.000
2025-10-25 15:32:44,381 - INFO - Processing angle_10...
2025-10-25 15:32:44,382 - INFO - Starting synchronized X-Y VAD processing:
2025-10-25 15:32:44,382 - INFO -   X audio shape: (145920,), range: [-0.446686, 0.446655]
2025-10-25 15:32:44,382 - INFO -   Y audio shape: (145920,), range: [-0.065203, 0.060970]
2025-10-25 15:32:44,386 - INFO - Spectrogram shapes: X=(1025, 96), Y=(1025, 96)
2025-10-25 15:32:44,386 - INFO - Filtered spectrogram shapes: X=(116, 96), Y=(116, 96)
2025-10-25 15:32:44,386 - INFO - Original Y magnitude stats: mean=4.320729e-04, std=6.948474e-04
2025-10-25 15:32:44,386 - INFO - Original X magnitude stats: mean=6.078750e-03, std=3.299912e-03
2025-10-25 15:32:44,386 - INFO - Y values below threshold 1.00e-05: 0.8%
2025-10-25 15:32:44,386 - INFO - VAD mask applied: 99.2% time-frequency points retained
2025-10-25 15:32:44,386 - INFO - Y energy retained: 1.000
2025-10-25 15:32:44,387 - INFO - X energy retained: 0.994
2025-10-25 15:32:44,387 - INFO - Audio energy scaling: X=0.994, Y=1.000
2025-10-25 15:32:44,388 - INFO - Starting synchronized X-Y VAD processing:
2025-10-25 15:32:44,389 - INFO -   X audio shape: (145920,), range: [-0.446686, 0.446655]
2025-10-25 15:32:44,389 - INFO -   Y audio shape: (145920,), range: [-0.075565, 0.064708]
2025-10-25 15:32:44,392 - INFO - Spectrogram shapes: X=(1025, 96), Y=(1025, 96)
2025-10-25 15:32:44,392 - INFO - Filtered spectrogram shapes: X=(116, 96), Y=(116, 96)
2025-10-25 15:32:44,393 - INFO - Original Y magnitude stats: mean=4.273625e-04, std=6.889479e-04
2025-10-25 15:32:44,393 - INFO - Original X magnitude stats: mean=6.083817e-03, std=3.296814e-03
2025-10-25 15:32:44,393 - INFO - Y values below threshold 1.00e-05: 0.6%
2025-10-25 15:32:44,393 - INFO - VAD mask applied: 99.4% time-frequency points retained
2025-10-25 15:32:44,393 - INFO - Y energy retained: 1.000
2025-10-25 15:32:44,393 - INFO - X energy retained: 0.995
2025-10-25 15:32:44,393 - INFO - Audio energy scaling: X=0.995, Y=1.000
2025-10-25 15:32:44,395 - INFO - Starting synchronized X-Y VAD processing:
2025-10-25 15:32:44,395 - INFO -   X audio shape: (145920,), range: [-0.446686, 0.446686]
2025-10-25 15:32:44,395 - INFO -   Y audio shape: (145920,), range: [-0.056949, 0.054018]
2025-10-25 15:32:44,399 - INFO - Spectrogram shapes: X=(1025, 96), Y=(1025, 96)
2025-10-25 15:32:44,399 - INFO - Filtered spectrogram shapes: X=(116, 96), Y=(116, 96)
2025-10-25 15:32:44,399 - INFO - Original Y magnitude stats: mean=4.257781e-04, std=6.894780e-04
2025-10-25 15:32:44,399 - INFO - Original X magnitude stats: mean=6.089183e-03, std=3.295978e-03
2025-10-25 15:32:44,399 - INFO - Y values below threshold 1.00e-05: 0.6%
2025-10-25 15:32:44,399 - INFO - VAD mask applied: 99.4% time-frequency points retained
2025-10-25 15:32:44,399 - INFO - Y energy retained: 1.000
2025-10-25 15:32:44,399 - INFO - X energy retained: 0.995
2025-10-25 15:32:44,400 - INFO - Audio energy scaling: X=0.995, Y=1.000
2025-10-25 15:32:44,401 - INFO - Processing angle_100...
2025-10-25 15:32:44,402 - INFO - Starting synchronized X-Y VAD processing:
2025-10-25 15:32:44,402 - INFO -   X audio shape: (145920,), range: [-0.446686, 0.446655]
2025-10-25 15:32:44,402 - INFO -   Y audio shape: (145920,), range: [-0.070119, 0.081807]
2025-10-25 15:32:44,405 - INFO - Spectrogram shapes: X=(1025, 96), Y=(1025, 96)
2025-10-25 15:32:44,405 - INFO - Filtered spectrogram shapes: X=(116, 96), Y=(116, 96)
2025-10-25 15:32:44,405 - INFO - Original Y magnitude stats: mean=5.201754e-04, std=6.603255e-04
2025-10-25 15:32:44,405 - INFO - Original X magnitude stats: mean=6.078750e-03, std=3.299912e-03
2025-10-25 15:32:44,405 - INFO - Y values below threshold 1.00e-05: 0.3%
2025-10-25 15:32:44,406 - INFO - VAD mask applied: 99.7% time-frequency points retained
2025-10-25 15:32:44,406 - INFO - Y energy retained: 1.000
2025-10-25 15:32:44,406 - INFO - X energy retained: 0.997
2025-10-25 15:32:44,406 - INFO - Audio energy scaling: X=0.997, Y=1.000
2025-10-25 15:32:44,407 - INFO - Starting synchronized X-Y VAD processing:
2025-10-25 15:32:44,407 - INFO -   X audio shape: (145920,), range: [-0.446686, 0.446655]
2025-10-25 15:32:44,407 - INFO -   Y audio shape: (145920,), range: [-0.070920, 0.073452]
2025-10-25 15:32:44,410 - INFO - Spectrogram shapes: X=(1025, 96), Y=(1025, 96)
2025-10-25 15:32:44,410 - INFO - Filtered spectrogram shapes: X=(116, 96), Y=(116, 96)
2025-10-25 15:32:44,411 - INFO - Original Y magnitude stats: mean=5.146273e-04, std=6.513550e-04
2025-10-25 15:32:44,411 - INFO - Original X magnitude stats: mean=6.083817e-03, std=3.296814e-03
2025-10-25 15:32:44,411 - INFO - Y values below threshold 1.00e-05: 0.4%
2025-10-25 15:32:44,411 - INFO - VAD mask applied: 99.6% time-frequency points retained
2025-10-25 15:32:44,411 - INFO - Y energy retained: 1.000
2025-10-25 15:32:44,411 - INFO - X energy retained: 0.996
2025-10-25 15:32:44,411 - INFO - Audio energy scaling: X=0.996, Y=1.000
2025-10-25 15:32:44,413 - INFO - Starting synchronized X-Y VAD processing:
2025-10-25 15:32:44,413 - INFO -   X audio shape: (145920,), range: [-0.446686, 0.446686]
2025-10-25 15:32:44,413 - INFO -   Y audio shape: (145920,), range: [-0.065827, 0.068629]
2025-10-25 15:32:44,418 - INFO - Spectrogram shapes: X=(1025, 96), Y=(1025, 96)
2025-10-25 15:32:44,418 - INFO - Filtered spectrogram shapes: X=(116, 96), Y=(116, 96)
2025-10-25 15:32:44,418 - INFO - Original Y magnitude stats: mean=5.142021e-04, std=6.520423e-04
2025-10-25 15:32:44,418 - INFO - Original X magnitude stats: mean=6.089183e-03, std=3.295978e-03
2025-10-25 15:32:44,418 - INFO - Y values below threshold 1.00e-05: 1.1%
2025-10-25 15:32:44,418 - INFO - VAD mask applied: 98.9% time-frequency points retained
2025-10-25 15:32:44,418 - INFO - Y energy retained: 1.000
2025-10-25 15:32:44,418 - INFO - X energy retained: 0.997
2025-10-25 15:32:44,418 - INFO - Audio energy scaling: X=0.997, Y=1.000
2025-10-25 15:32:44,420 - INFO - Processing angle_105...
2025-10-25 15:32:44,421 - INFO - Starting synchronized X-Y VAD processing:
2025-10-25 15:32:44,421 - INFO -   X audio shape: (145920,), range: [-0.446686, 0.446655]
2025-10-25 15:32:44,421 - INFO -   Y audio shape: (145920,), range: [-0.083311, 0.069404]
2025-10-25 15:32:44,425 - INFO - Spectrogram shapes: X=(1025, 96), Y=(1025, 96)
2025-10-25 15:32:44,425 - INFO - Filtered spectrogram shapes: X=(116, 96), Y=(116, 96)
2025-10-25 15:32:44,425 - INFO - Original Y magnitude stats: mean=4.163844e-04, std=5.923612e-04
2025-10-25 15:32:44,425 - INFO - Original X magnitude stats: mean=6.078750e-03, std=3.299912e-03
2025-10-25 15:32:44,425 - INFO - Y values below threshold 1.00e-05: 0.4%
2025-10-25 15:32:44,425 - INFO - VAD mask applied: 99.6% time-frequency points retained
2025-10-25 15:32:44,425 - INFO - Y energy retained: 1.000
2025-10-25 15:32:44,425 - INFO - X energy retained: 0.997
2025-10-25 15:32:44,425 - INFO - Audio energy scaling: X=0.997, Y=1.000
2025-10-25 15:32:44,427 - INFO - Starting synchronized X-Y VAD processing:
2025-10-25 15:32:44,427 - INFO -   X audio shape: (145920,), range: [-0.446686, 0.446655]
2025-10-25 15:32:44,427 - INFO -   Y audio shape: (145920,), range: [-0.067322, 0.069449]
2025-10-25 15:32:44,431 - INFO - Spectrogram shapes: X=(1025, 96), Y=(1025, 96)
2025-10-25 15:32:44,431 - INFO - Filtered spectrogram shapes: X=(116, 96), Y=(116, 96)
2025-10-25 15:32:44,431 - INFO - Original Y magnitude stats: mean=4.098799e-04, std=5.821234e-04
2025-10-25 15:32:44,431 - INFO - Original X magnitude stats: mean=6.083817e-03, std=3.296814e-03
2025-10-25 15:32:44,431 - INFO - Y values below threshold 1.00e-05: 0.4%
2025-10-25 15:32:44,431 - INFO - VAD mask applied: 99.6% time-frequency points retained
2025-10-25 15:32:44,431 - INFO - Y energy retained: 1.000
2025-10-25 15:32:44,431 - INFO - X energy retained: 0.997
2025-10-25 15:32:44,432 - INFO - Audio energy scaling: X=0.997, Y=1.000
2025-10-25 15:32:44,434 - INFO - Starting synchronized X-Y VAD processing:
2025-10-25 15:32:44,434 - INFO -   X audio shape: (145920,), range: [-0.446686, 0.446686]
2025-10-25 15:32:44,434 - INFO -   Y audio shape: (145920,), range: [-0.069647, 0.061086]
2025-10-25 15:32:44,439 - INFO - Spectrogram shapes: X=(1025, 96), Y=(1025, 96)
2025-10-25 15:32:44,439 - INFO - Filtered spectrogram shapes: X=(116, 96), Y=(116, 96)
2025-10-25 15:32:44,439 - INFO - Original Y magnitude stats: mean=4.110237e-04, std=5.828127e-04
2025-10-25 15:32:44,439 - INFO - Original X magnitude stats: mean=6.089183e-03, std=3.295978e-03
2025-10-25 15:32:44,439 - INFO - Y values below threshold 1.00e-05: 1.2%
2025-10-25 15:32:44,439 - INFO - VAD mask applied: 98.8% time-frequency points retained
2025-10-25 15:32:44,439 - INFO - Y energy retained: 1.000
2025-10-25 15:32:44,439 - INFO - X energy retained: 0.997
2025-10-25 15:32:44,440 - INFO - Audio energy scaling: X=0.997, Y=1.000
2025-10-25 15:32:44,441 - INFO - Processing angle_110...
2025-10-25 15:32:44,442 - INFO - Starting synchronized X-Y VAD processing:
2025-10-25 15:32:44,442 - INFO -   X audio shape: (145920,), range: [-0.446686, 0.446655]
2025-10-25 15:32:44,442 - INFO -   Y audio shape: (145920,), range: [-0.065108, 0.071315]
2025-10-25 15:32:44,445 - INFO - Spectrogram shapes: X=(1025, 96), Y=(1025, 96)
2025-10-25 15:32:44,445 - INFO - Filtered spectrogram shapes: X=(116, 96), Y=(116, 96)
2025-10-25 15:32:44,446 - INFO - Original Y magnitude stats: mean=4.442967e-04, std=6.828075e-04
2025-10-25 15:32:44,446 - INFO - Original X magnitude stats: mean=6.078750e-03, std=3.299912e-03
2025-10-25 15:32:44,446 - INFO - Y values below threshold 1.00e-05: 1.2%
2025-10-25 15:32:44,446 - INFO - VAD mask applied: 98.8% time-frequency points retained
2025-10-25 15:32:44,446 - INFO - Y energy retained: 1.000
2025-10-25 15:32:44,446 - INFO - X energy retained: 0.997
2025-10-25 15:32:44,446 - INFO - Audio energy scaling: X=0.997, Y=1.000
2025-10-25 15:32:44,448 - INFO - Starting synchronized X-Y VAD processing:
2025-10-25 15:32:44,448 - INFO -   X audio shape: (145920,), range: [-0.446686, 0.446655]
2025-10-25 15:32:44,448 - INFO -   Y audio shape: (145920,), range: [-0.070719, 0.068071]
2025-10-25 15:32:44,452 - INFO - Spectrogram shapes: X=(1025, 96), Y=(1025, 96)
2025-10-25 15:32:44,452 - INFO - Filtered spectrogram shapes: X=(116, 96), Y=(116, 96)
2025-10-25 15:32:44,453 - INFO - Original Y magnitude stats: mean=4.389221e-04, std=6.728343e-04
2025-10-25 15:32:44,453 - INFO - Original X magnitude stats: mean=6.083817e-03, std=3.296814e-03
2025-10-25 15:32:44,453 - INFO - Y values below threshold 1.00e-05: 0.9%
2025-10-25 15:32:44,453 - INFO - VAD mask applied: 99.1% time-frequency points retained
2025-10-25 15:32:44,453 - INFO - Y energy retained: 1.000
2025-10-25 15:32:44,453 - INFO - X energy retained: 0.998
2025-10-25 15:32:44,453 - INFO - Audio energy scaling: X=0.998, Y=1.000
2025-10-25 15:32:44,455 - INFO - Starting synchronized X-Y VAD processing:
2025-10-25 15:32:44,455 - INFO -   X audio shape: (145920,), range: [-0.446686, 0.446686]
2025-10-25 15:32:44,455 - INFO -   Y audio shape: (145920,), range: [-0.059151, 0.064094]
2025-10-25 15:32:44,459 - INFO - Spectrogram shapes: X=(1025, 96), Y=(1025, 96)
2025-10-25 15:32:44,459 - INFO - Filtered spectrogram shapes: X=(116, 96), Y=(116, 96)
2025-10-25 15:32:44,459 - INFO - Original Y magnitude stats: mean=4.393840e-04, std=6.709492e-04
2025-10-25 15:32:44,459 - INFO - Original X magnitude stats: mean=6.089183e-03, std=3.295978e-03
2025-10-25 15:32:44,459 - INFO - Y values below threshold 1.00e-05: 0.8%
2025-10-25 15:32:44,460 - INFO - VAD mask applied: 99.2% time-frequency points retained
2025-10-25 15:32:44,460 - INFO - Y energy retained: 1.000
2025-10-25 15:32:44,460 - INFO - X energy retained: 0.998
2025-10-25 15:32:44,460 - INFO - Audio energy scaling: X=0.998, Y=1.000
2025-10-25 15:32:44,461 - INFO - Processing angle_115...
2025-10-25 15:32:44,461 - INFO - Starting synchronized X-Y VAD processing:
2025-10-25 15:32:44,461 - INFO -   X audio shape: (145920,), range: [-0.446686, 0.446655]
2025-10-25 15:32:44,461 - INFO -   Y audio shape: (145920,), range: [-0.073856, 0.064348]
2025-10-25 15:32:44,465 - INFO - Spectrogram shapes: X=(1025, 96), Y=(1025, 96)
2025-10-25 15:32:44,465 - INFO - Filtered spectrogram shapes: X=(116, 96), Y=(116, 96)
2025-10-25 15:32:44,466 - INFO - Original Y magnitude stats: mean=3.774021e-04, std=5.727193e-04
2025-10-25 15:32:44,466 - INFO - Original X magnitude stats: mean=6.078750e-03, std=3.299912e-03
2025-10-25 15:32:44,466 - INFO - Y values below threshold 1.00e-05: 0.4%
2025-10-25 15:32:44,466 - INFO - VAD mask applied: 99.6% time-frequency points retained
2025-10-25 15:32:44,466 - INFO - Y energy retained: 1.000
2025-10-25 15:32:44,466 - INFO - X energy retained: 0.997
2025-10-25 15:32:44,466 - INFO - Audio energy scaling: X=0.997, Y=1.000
2025-10-25 15:32:44,468 - INFO - Starting synchronized X-Y VAD processing:
2025-10-25 15:32:44,468 - INFO -   X audio shape: (145920,), range: [-0.446686, 0.446655]
2025-10-25 15:32:44,468 - INFO -   Y audio shape: (145920,), range: [-0.066503, 0.069499]
2025-10-25 15:32:44,471 - INFO - Spectrogram shapes: X=(1025, 96), Y=(1025, 96)
2025-10-25 15:32:44,471 - INFO - Filtered spectrogram shapes: X=(116, 96), Y=(116, 96)
2025-10-25 15:32:44,471 - INFO - Original Y magnitude stats: mean=3.722961e-04, std=5.644374e-04
2025-10-25 15:32:44,471 - INFO - Original X magnitude stats: mean=6.083817e-03, std=3.296814e-03
2025-10-25 15:32:44,471 - INFO - Y values below threshold 1.00e-05: 0.5%
2025-10-25 15:32:44,471 - INFO - VAD mask applied: 99.5% time-frequency points retained
2025-10-25 15:32:44,471 - INFO - Y energy retained: 1.000
2025-10-25 15:32:44,471 - INFO - X energy retained: 0.997
2025-10-25 15:32:44,472 - INFO - Audio energy scaling: X=0.997, Y=1.000
2025-10-25 15:32:44,473 - INFO - Starting synchronized X-Y VAD processing:
2025-10-25 15:32:44,473 - INFO -   X audio shape: (145920,), range: [-0.446686, 0.446686]
2025-10-25 15:32:44,473 - INFO -   Y audio shape: (145920,), range: [-0.061409, 0.061612]
2025-10-25 15:32:44,477 - INFO - Spectrogram shapes: X=(1025, 96), Y=(1025, 96)
2025-10-25 15:32:44,477 - INFO - Filtered spectrogram shapes: X=(116, 96), Y=(116, 96)
2025-10-25 15:32:44,478 - INFO - Original Y magnitude stats: mean=3.723286e-04, std=5.612256e-04
2025-10-25 15:32:44,478 - INFO - Original X magnitude stats: mean=6.089183e-03, std=3.295978e-03
2025-10-25 15:32:44,478 - INFO - Y values below threshold 1.00e-05: 0.4%
2025-10-25 15:32:44,478 - INFO - VAD mask applied: 99.6% time-frequency points retained
2025-10-25 15:32:44,478 - INFO - Y energy retained: 1.000
2025-10-25 15:32:44,478 - INFO - X energy retained: 0.996
2025-10-25 15:32:44,478 - INFO - Audio energy scaling: X=0.996, Y=1.000
2025-10-25 15:32:44,479 - INFO - Processing angle_120...
2025-10-25 15:32:44,480 - INFO - Starting synchronized X-Y VAD processing:
2025-10-25 15:32:44,480 - INFO -   X audio shape: (145920,), range: [-0.446686, 0.446655]
2025-10-25 15:32:44,480 - INFO -   Y audio shape: (145920,), range: [-0.055104, 0.054467]
2025-10-25 15:32:44,484 - INFO - Spectrogram shapes: X=(1025, 96), Y=(1025, 96)
2025-10-25 15:32:44,484 - INFO - Filtered spectrogram shapes: X=(116, 96), Y=(116, 96)
2025-10-25 15:32:44,485 - INFO - Original Y magnitude stats: mean=3.628935e-04, std=4.875078e-04
2025-10-25 15:32:44,485 - INFO - Original X magnitude stats: mean=6.078750e-03, std=3.299912e-03
2025-10-25 15:32:44,485 - INFO - Y values below threshold 1.00e-05: 0.6%
2025-10-25 15:32:44,485 - INFO - VAD mask applied: 99.4% time-frequency points retained
2025-10-25 15:32:44,485 - INFO - Y energy retained: 1.000
2025-10-25 15:32:44,485 - INFO - X energy retained: 0.998
2025-10-25 15:32:44,485 - INFO - Audio energy scaling: X=0.998, Y=1.000
2025-10-25 15:32:44,487 - INFO - Starting synchronized X-Y VAD processing:
2025-10-25 15:32:44,487 - INFO -   X audio shape: (145920,), range: [-0.446686, 0.446655]
2025-10-25 15:32:44,487 - INFO -   Y audio shape: (145920,), range: [-0.055193, 0.054771]
2025-10-25 15:32:44,491 - INFO - Spectrogram shapes: X=(1025, 96), Y=(1025, 96)
2025-10-25 15:32:44,491 - INFO - Filtered spectrogram shapes: X=(116, 96), Y=(116, 96)
2025-10-25 15:32:44,492 - INFO - Original Y magnitude stats: mean=3.580483e-04, std=4.813095e-04
2025-10-25 15:32:44,492 - INFO - Original X magnitude stats: mean=6.083817e-03, std=3.296814e-03
2025-10-25 15:32:44,492 - INFO - Y values below threshold 1.00e-05: 1.1%
2025-10-25 15:32:44,492 - INFO - VAD mask applied: 98.9% time-frequency points retained
2025-10-25 15:32:44,492 - INFO - Y energy retained: 1.000
2025-10-25 15:32:44,492 - INFO - X energy retained: 0.997
2025-10-25 15:32:44,492 - INFO - Audio energy scaling: X=0.997, Y=1.000
2025-10-25 15:32:44,494 - INFO - Starting synchronized X-Y VAD processing:
2025-10-25 15:32:44,494 - INFO -   X audio shape: (145920,), range: [-0.446686, 0.446686]
2025-10-25 15:32:44,494 - INFO -   Y audio shape: (145920,), range: [-0.059178, 0.061522]
2025-10-25 15:32:44,498 - INFO - Spectrogram shapes: X=(1025, 96), Y=(1025, 96)
2025-10-25 15:32:44,498 - INFO - Filtered spectrogram shapes: X=(116, 96), Y=(116, 96)
2025-10-25 15:32:44,499 - INFO - Original Y magnitude stats: mean=3.583324e-04, std=4.815100e-04
2025-10-25 15:32:44,499 - INFO - Original X magnitude stats: mean=6.089183e-03, std=3.295978e-03
2025-10-25 15:32:44,499 - INFO - Y values below threshold 1.00e-05: 0.3%
2025-10-25 15:32:44,499 - INFO - VAD mask applied: 99.7% time-frequency points retained
2025-10-25 15:32:44,499 - INFO - Y energy retained: 1.000
2025-10-25 15:32:44,499 - INFO - X energy retained: 0.998
2025-10-25 15:32:44,499 - INFO - Audio energy scaling: X=0.998, Y=1.000
2025-10-25 15:32:44,500 - INFO - Processing angle_125...
2025-10-25 15:32:44,501 - INFO - Starting synchronized X-Y VAD processing:
2025-10-25 15:32:44,501 - INFO -   X audio shape: (145920,), range: [-0.446686, 0.446655]
2025-10-25 15:32:44,501 - INFO -   Y audio shape: (145920,), range: [-0.055213, 0.054802]
2025-10-25 15:32:44,505 - INFO - Spectrogram shapes: X=(1025, 96), Y=(1025, 96)
2025-10-25 15:32:44,505 - INFO - Filtered spectrogram shapes: X=(116, 96), Y=(116, 96)
2025-10-25 15:32:44,506 - INFO - Original Y magnitude stats: mean=3.440985e-04, std=4.669748e-04
2025-10-25 15:32:44,506 - INFO - Original X magnitude stats: mean=6.078750e-03, std=3.299912e-03
2025-10-25 15:32:44,506 - INFO - Y values below threshold 1.00e-05: 0.5%
2025-10-25 15:32:44,506 - INFO - VAD mask applied: 99.5% time-frequency points retained
2025-10-25 15:32:44,506 - INFO - Y energy retained: 1.000
2025-10-25 15:32:44,506 - INFO - X energy retained: 0.997
2025-10-25 15:32:44,506 - INFO - Audio energy scaling: X=0.997, Y=1.000
2025-10-25 15:32:44,508 - INFO - Starting synchronized X-Y VAD processing:
2025-10-25 15:32:44,508 - INFO -   X audio shape: (145920,), range: [-0.446686, 0.446655]
2025-10-25 15:32:44,508 - INFO -   Y audio shape: (145920,), range: [-0.055017, 0.058053]
2025-10-25 15:32:44,511 - INFO - Spectrogram shapes: X=(1025, 96), Y=(1025, 96)
2025-10-25 15:32:44,511 - INFO - Filtered spectrogram shapes: X=(116, 96), Y=(116, 96)
2025-10-25 15:32:44,512 - INFO - Original Y magnitude stats: mean=3.403733e-04, std=4.610909e-04
2025-10-25 15:32:44,512 - INFO - Original X magnitude stats: mean=6.083817e-03, std=3.296814e-03
2025-10-25 15:32:44,512 - INFO - Y values below threshold 1.00e-05: 0.6%
2025-10-25 15:32:44,512 - INFO - VAD mask applied: 99.4% time-frequency points retained
2025-10-25 15:32:44,512 - INFO - Y energy retained: 1.000
2025-10-25 15:32:44,512 - INFO - X energy retained: 0.996
2025-10-25 15:32:44,512 - INFO - Audio energy scaling: X=0.996, Y=1.000
2025-10-25 15:32:44,513 - INFO - Starting synchronized X-Y VAD processing:
2025-10-25 15:32:44,513 - INFO -   X audio shape: (145920,), range: [-0.446686, 0.446686]
2025-10-25 15:32:44,513 - INFO -   Y audio shape: (145920,), range: [-0.051227, 0.052124]
2025-10-25 15:32:44,517 - INFO - Spectrogram shapes: X=(1025, 96), Y=(1025, 96)
2025-10-25 15:32:44,517 - INFO - Filtered spectrogram shapes: X=(116, 96), Y=(116, 96)
2025-10-25 15:32:44,517 - INFO - Original Y magnitude stats: mean=3.426681e-04, std=4.625082e-04
2025-10-25 15:32:44,517 - INFO - Original X magnitude stats: mean=6.089183e-03, std=3.295978e-03
2025-10-25 15:32:44,518 - INFO - Y values below threshold 1.00e-05: 0.5%
2025-10-25 15:32:44,518 - INFO - VAD mask applied: 99.5% time-frequency points retained
2025-10-25 15:32:44,518 - INFO - Y energy retained: 1.000
2025-10-25 15:32:44,518 - INFO - X energy retained: 0.997
2025-10-25 15:32:44,518 - INFO - Audio energy scaling: X=0.997, Y=1.000
2025-10-25 15:32:44,519 - INFO - Processing angle_130...
2025-10-25 15:32:44,520 - INFO - Starting synchronized X-Y VAD processing:
2025-10-25 15:32:44,520 - INFO -   X audio shape: (145920,), range: [-0.446686, 0.446655]
2025-10-25 15:32:44,520 - INFO -   Y audio shape: (145920,), range: [-0.056093, 0.053165]
2025-10-25 15:32:44,523 - INFO - Spectrogram shapes: X=(1025, 96), Y=(1025, 96)
2025-10-25 15:32:44,523 - INFO - Filtered spectrogram shapes: X=(116, 96), Y=(116, 96)
2025-10-25 15:32:44,524 - INFO - Original Y magnitude stats: mean=3.502697e-04, std=4.611920e-04
2025-10-25 15:32:44,524 - INFO - Original X magnitude stats: mean=6.078750e-03, std=3.299912e-03
2025-10-25 15:32:44,524 - INFO - Y values below threshold 1.00e-05: 0.5%
2025-10-25 15:32:44,524 - INFO - VAD mask applied: 99.5% time-frequency points retained
2025-10-25 15:32:44,524 - INFO - Y energy retained: 1.000
2025-10-25 15:32:44,524 - INFO - X energy retained: 0.996
2025-10-25 15:32:44,524 - INFO - Audio energy scaling: X=0.996, Y=1.000
2025-10-25 15:32:44,526 - INFO - Starting synchronized X-Y VAD processing:
2025-10-25 15:32:44,526 - INFO -   X audio shape: (145920,), range: [-0.446686, 0.446655]
2025-10-25 15:32:44,526 - INFO -   Y audio shape: (145920,), range: [-0.051289, 0.048728]
2025-10-25 15:32:44,529 - INFO - Spectrogram shapes: X=(1025, 96), Y=(1025, 96)
2025-10-25 15:32:44,530 - INFO - Filtered spectrogram shapes: X=(116, 96), Y=(116, 96)
2025-10-25 15:32:44,530 - INFO - Original Y magnitude stats: mean=3.447382e-04, std=4.548024e-04
2025-10-25 15:32:44,530 - INFO - Original X magnitude stats: mean=6.083817e-03, std=3.296814e-03
2025-10-25 15:32:44,530 - INFO - Y values below threshold 1.00e-05: 0.5%
2025-10-25 15:32:44,530 - INFO - VAD mask applied: 99.5% time-frequency points retained
2025-10-25 15:32:44,530 - INFO - Y energy retained: 1.000
2025-10-25 15:32:44,530 - INFO - X energy retained: 0.996
2025-10-25 15:32:44,531 - INFO - Audio energy scaling: X=0.996, Y=1.000
2025-10-25 15:32:44,533 - INFO - Starting synchronized X-Y VAD processing:
2025-10-25 15:32:44,533 - INFO -   X audio shape: (145920,), range: [-0.446686, 0.446686]
2025-10-25 15:32:44,533 - INFO -   Y audio shape: (145920,), range: [-0.060507, 0.058797]
2025-10-25 15:32:44,537 - INFO - Spectrogram shapes: X=(1025, 96), Y=(1025, 96)
2025-10-25 15:32:44,537 - INFO - Filtered spectrogram shapes: X=(116, 96), Y=(116, 96)
2025-10-25 15:32:44,538 - INFO - Original Y magnitude stats: mean=3.440712e-04, std=4.529144e-04
2025-10-25 15:32:44,538 - INFO - Original X magnitude stats: mean=6.089183e-03, std=3.295978e-03
2025-10-25 15:32:44,538 - INFO - Y values below threshold 1.00e-05: 0.5%
2025-10-25 15:32:44,538 - INFO - VAD mask applied: 99.5% time-frequency points retained
2025-10-25 15:32:44,538 - INFO - Y energy retained: 1.000
2025-10-25 15:32:44,538 - INFO - X energy retained: 0.996
2025-10-25 15:32:44,538 - INFO - Audio energy scaling: X=0.996, Y=1.000
2025-10-25 15:32:44,540 - INFO - Processing angle_135...
2025-10-25 15:32:44,541 - INFO - Starting synchronized X-Y VAD processing:
2025-10-25 15:32:44,541 - INFO -   X audio shape: (145920,), range: [-0.446686, 0.446655]
2025-10-25 15:32:44,541 - INFO -   Y audio shape: (145920,), range: [-0.051359, 0.051556]
2025-10-25 15:32:44,544 - INFO - Spectrogram shapes: X=(1025, 96), Y=(1025, 96)
2025-10-25 15:32:44,545 - INFO - Filtered spectrogram shapes: X=(116, 96), Y=(116, 96)
2025-10-25 15:32:44,545 - INFO - Original Y magnitude stats: mean=3.189663e-04, std=4.048955e-04
2025-10-25 15:32:44,545 - INFO - Original X magnitude stats: mean=6.078750e-03, std=3.299912e-03
2025-10-25 15:32:44,545 - INFO - Y values below threshold 1.00e-05: 1.0%
2025-10-25 15:32:44,545 - INFO - VAD mask applied: 99.0% time-frequency points retained
2025-10-25 15:32:44,545 - INFO - Y energy retained: 1.000
2025-10-25 15:32:44,545 - INFO - X energy retained: 0.997
2025-10-25 15:32:44,545 - INFO - Audio energy scaling: X=0.997, Y=1.000
2025-10-25 15:32:44,547 - INFO - Starting synchronized X-Y VAD processing:
2025-10-25 15:32:44,547 - INFO -   X audio shape: (145920,), range: [-0.446686, 0.446655]
2025-10-25 15:32:44,547 - INFO -   Y audio shape: (145920,), range: [-0.050044, 0.045569]
2025-10-25 15:32:44,551 - INFO - Spectrogram shapes: X=(1025, 96), Y=(1025, 96)
2025-10-25 15:32:44,551 - INFO - Filtered spectrogram shapes: X=(116, 96), Y=(116, 96)
2025-10-25 15:32:44,551 - INFO - Original Y magnitude stats: mean=3.158971e-04, std=4.009413e-04
2025-10-25 15:32:44,551 - INFO - Original X magnitude stats: mean=6.083817e-03, std=3.296814e-03
2025-10-25 15:32:44,551 - INFO - Y values below threshold 1.00e-05: 0.4%
2025-10-25 15:32:44,551 - INFO - VAD mask applied: 99.6% time-frequency points retained
2025-10-25 15:32:44,551 - INFO - Y energy retained: 1.000
2025-10-25 15:32:44,551 - INFO - X energy retained: 0.998
2025-10-25 15:32:44,551 - INFO - Audio energy scaling: X=0.998, Y=1.000
2025-10-25 15:32:44,557 - INFO - Starting synchronized X-Y VAD processing:
2025-10-25 15:32:44,557 - INFO -   X audio shape: (145920,), range: [-0.446686, 0.446686]
2025-10-25 15:32:44,557 - INFO -   Y audio shape: (145920,), range: [-0.045998, 0.046245]
2025-10-25 15:32:44,561 - INFO - Spectrogram shapes: X=(1025, 96), Y=(1025, 96)
2025-10-25 15:32:44,561 - INFO - Filtered spectrogram shapes: X=(116, 96), Y=(116, 96)
2025-10-25 15:32:44,562 - INFO - Original Y magnitude stats: mean=3.142080e-04, std=3.992911e-04
2025-10-25 15:32:44,562 - INFO - Original X magnitude stats: mean=6.089183e-03, std=3.295978e-03
2025-10-25 15:32:44,562 - INFO - Y values below threshold 1.00e-05: 0.3%
2025-10-25 15:32:44,562 - INFO - VAD mask applied: 99.7% time-frequency points retained
2025-10-25 15:32:44,562 - INFO - Y energy retained: 1.000
2025-10-25 15:32:44,562 - INFO - X energy retained: 0.998
2025-10-25 15:32:44,562 - INFO - Audio energy scaling: X=0.998, Y=1.000
2025-10-25 15:32:44,563 - INFO - Processing angle_140...
2025-10-25 15:32:44,564 - INFO - Starting synchronized X-Y VAD processing:
2025-10-25 15:32:44,564 - INFO -   X audio shape: (145920,), range: [-0.446686, 0.446655]
2025-10-25 15:32:44,564 - INFO -   Y audio shape: (145920,), range: [-0.046757, 0.059848]
2025-10-25 15:32:44,568 - INFO - Spectrogram shapes: X=(1025, 96), Y=(1025, 96)
2025-10-25 15:32:44,568 - INFO - Filtered spectrogram shapes: X=(116, 96), Y=(116, 96)
2025-10-25 15:32:44,569 - INFO - Original Y magnitude stats: mean=3.249540e-04, std=4.270048e-04
2025-10-25 15:32:44,569 - INFO - Original X magnitude stats: mean=6.078750e-03, std=3.299912e-03
2025-10-25 15:32:44,569 - INFO - Y values below threshold 1.00e-05: 0.4%
2025-10-25 15:32:44,569 - INFO - VAD mask applied: 99.6% time-frequency points retained
2025-10-25 15:32:44,569 - INFO - Y energy retained: 1.000
2025-10-25 15:32:44,569 - INFO - X energy retained: 0.996
2025-10-25 15:32:44,569 - INFO - Audio energy scaling: X=0.996, Y=1.000
2025-10-25 15:32:44,571 - INFO - Starting synchronized X-Y VAD processing:
2025-10-25 15:32:44,571 - INFO -   X audio shape: (145920,), range: [-0.446686, 0.446655]
2025-10-25 15:32:44,571 - INFO -   Y audio shape: (145920,), range: [-0.045524, 0.044472]
2025-10-25 15:32:44,574 - INFO - Spectrogram shapes: X=(1025, 96), Y=(1025, 96)
2025-10-25 15:32:44,574 - INFO - Filtered spectrogram shapes: X=(116, 96), Y=(116, 96)
2025-10-25 15:32:44,575 - INFO - Original Y magnitude stats: mean=3.214975e-04, std=4.241887e-04
2025-10-25 15:32:44,575 - INFO - Original X magnitude stats: mean=6.083817e-03, std=3.296814e-03
2025-10-25 15:32:44,575 - INFO - Y values below threshold 1.00e-05: 0.8%
2025-10-25 15:32:44,575 - INFO - VAD mask applied: 99.2% time-frequency points retained
2025-10-25 15:32:44,575 - INFO - Y energy retained: 1.000
2025-10-25 15:32:44,575 - INFO - X energy retained: 0.996
2025-10-25 15:32:44,575 - INFO - Audio energy scaling: X=0.996, Y=1.000
2025-10-25 15:32:44,577 - INFO - Starting synchronized X-Y VAD processing:
2025-10-25 15:32:44,577 - INFO -   X audio shape: (145920,), range: [-0.446686, 0.446686]
2025-10-25 15:32:44,577 - INFO -   Y audio shape: (145920,), range: [-0.045707, 0.044270]
2025-10-25 15:32:44,581 - INFO - Spectrogram shapes: X=(1025, 96), Y=(1025, 96)
2025-10-25 15:32:44,581 - INFO - Filtered spectrogram shapes: X=(116, 96), Y=(116, 96)
2025-10-25 15:32:44,582 - INFO - Original Y magnitude stats: mean=3.207933e-04, std=4.239525e-04
2025-10-25 15:32:44,582 - INFO - Original X magnitude stats: mean=6.089183e-03, std=3.295978e-03
2025-10-25 15:32:44,582 - INFO - Y values below threshold 1.00e-05: 1.1%
2025-10-25 15:32:44,582 - INFO - VAD mask applied: 98.9% time-frequency points retained
2025-10-25 15:32:44,582 - INFO - Y energy retained: 1.000
2025-10-25 15:32:44,582 - INFO - X energy retained: 0.996
2025-10-25 15:32:44,582 - INFO - Audio energy scaling: X=0.996, Y=1.000
2025-10-25 15:32:44,583 - INFO - Processing angle_145...
2025-10-25 15:32:44,584 - INFO - Starting synchronized X-Y VAD processing:
2025-10-25 15:32:44,584 - INFO -   X audio shape: (145920,), range: [-0.446686, 0.446655]
2025-10-25 15:32:44,584 - INFO -   Y audio shape: (145920,), range: [-0.048112, 0.048114]
2025-10-25 15:32:44,588 - INFO - Spectrogram shapes: X=(1025, 96), Y=(1025, 96)
2025-10-25 15:32:44,588 - INFO - Filtered spectrogram shapes: X=(116, 96), Y=(116, 96)
2025-10-25 15:32:44,589 - INFO - Original Y magnitude stats: mean=2.893835e-04, std=4.091697e-04
2025-10-25 15:32:44,589 - INFO - Original X magnitude stats: mean=6.078750e-03, std=3.299912e-03
2025-10-25 15:32:44,589 - INFO - Y values below threshold 1.00e-05: 0.8%
2025-10-25 15:32:44,589 - INFO - VAD mask applied: 99.2% time-frequency points retained
2025-10-25 15:32:44,589 - INFO - Y energy retained: 1.000
2025-10-25 15:32:44,589 - INFO - X energy retained: 0.996
2025-10-25 15:32:44,589 - INFO - Audio energy scaling: X=0.996, Y=1.000
2025-10-25 15:32:44,591 - INFO - Starting synchronized X-Y VAD processing:
2025-10-25 15:32:44,591 - INFO -   X audio shape: (145920,), range: [-0.446686, 0.446655]
2025-10-25 15:32:44,591 - INFO -   Y audio shape: (145920,), range: [-0.056671, 0.052745]
2025-10-25 15:32:44,594 - INFO - Spectrogram shapes: X=(1025, 96), Y=(1025, 96)
2025-10-25 15:32:44,594 - INFO - Filtered spectrogram shapes: X=(116, 96), Y=(116, 96)
2025-10-25 15:32:44,595 - INFO - Original Y magnitude stats: mean=2.862457e-04, std=4.049761e-04
2025-10-25 15:32:44,595 - INFO - Original X magnitude stats: mean=6.083817e-03, std=3.296814e-03
2025-10-25 15:32:44,595 - INFO - Y values below threshold 1.00e-05: 1.0%
2025-10-25 15:32:44,595 - INFO - VAD mask applied: 99.0% time-frequency points retained
2025-10-25 15:32:44,595 - INFO - Y energy retained: 1.000
2025-10-25 15:32:44,595 - INFO - X energy retained: 0.996
2025-10-25 15:32:44,595 - INFO - Audio energy scaling: X=0.996, Y=1.000
2025-10-25 15:32:44,597 - INFO - Starting synchronized X-Y VAD processing:
2025-10-25 15:32:44,597 - INFO -   X audio shape: (145920,), range: [-0.446686, 0.446686]
2025-10-25 15:32:44,597 - INFO -   Y audio shape: (145920,), range: [-0.055184, 0.045743]
2025-10-25 15:32:44,601 - INFO - Spectrogram shapes: X=(1025, 96), Y=(1025, 96)
2025-10-25 15:32:44,601 - INFO - Filtered spectrogram shapes: X=(116, 96), Y=(116, 96)
2025-10-25 15:32:44,601 - INFO - Original Y magnitude stats: mean=2.857904e-04, std=4.044016e-04
2025-10-25 15:32:44,601 - INFO - Original X magnitude stats: mean=6.089183e-03, std=3.295978e-03
2025-10-25 15:32:44,601 - INFO - Y values below threshold 1.00e-05: 0.5%
2025-10-25 15:32:44,601 - INFO - VAD mask applied: 99.5% time-frequency points retained
2025-10-25 15:32:44,601 - INFO - Y energy retained: 1.000
2025-10-25 15:32:44,601 - INFO - X energy retained: 0.996
2025-10-25 15:32:44,601 - INFO - Audio energy scaling: X=0.996, Y=1.000
2025-10-25 15:32:44,603 - INFO - Processing angle_15...
2025-10-25 15:32:44,603 - INFO - Starting synchronized X-Y VAD processing:
2025-10-25 15:32:44,603 - INFO -   X audio shape: (145920,), range: [-0.446686, 0.446655]
2025-10-25 15:32:44,603 - INFO -   Y audio shape: (145920,), range: [-0.062337, 0.052473]
2025-10-25 15:32:44,607 - INFO - Spectrogram shapes: X=(1025, 96), Y=(1025, 96)
2025-10-25 15:32:44,607 - INFO - Filtered spectrogram shapes: X=(116, 96), Y=(116, 96)
2025-10-25 15:32:44,607 - INFO - Original Y magnitude stats: mean=4.096296e-04, std=6.746617e-04
2025-10-25 15:32:44,607 - INFO - Original X magnitude stats: mean=6.078750e-03, std=3.299912e-03
2025-10-25 15:32:44,607 - INFO - Y values below threshold 1.00e-05: 1.3%
2025-10-25 15:32:44,608 - INFO - VAD mask applied: 98.7% time-frequency points retained
2025-10-25 15:32:44,608 - INFO - Y energy retained: 1.000
2025-10-25 15:32:44,608 - INFO - X energy retained: 0.993
2025-10-25 15:32:44,608 - INFO - Audio energy scaling: X=0.993, Y=1.000
2025-10-25 15:32:44,609 - INFO - Starting synchronized X-Y VAD processing:
2025-10-25 15:32:44,609 - INFO -   X audio shape: (145920,), range: [-0.446686, 0.446655]
2025-10-25 15:32:44,609 - INFO -   Y audio shape: (145920,), range: [-0.059148, 0.055667]
2025-10-25 15:32:44,613 - INFO - Spectrogram shapes: X=(1025, 96), Y=(1025, 96)
2025-10-25 15:32:44,613 - INFO - Filtered spectrogram shapes: X=(116, 96), Y=(116, 96)
2025-10-25 15:32:44,614 - INFO - Original Y magnitude stats: mean=4.108209e-04, std=6.721726e-04
2025-10-25 15:32:44,614 - INFO - Original X magnitude stats: mean=6.083817e-03, std=3.296814e-03
2025-10-25 15:32:44,614 - INFO - Y values below threshold 1.00e-05: 1.5%
2025-10-25 15:32:44,614 - INFO - VAD mask applied: 98.5% time-frequency points retained
2025-10-25 15:32:44,614 - INFO - Y energy retained: 1.000
2025-10-25 15:32:44,614 - INFO - X energy retained: 0.994
2025-10-25 15:32:44,614 - INFO - Audio energy scaling: X=0.994, Y=1.000
2025-10-25 15:32:44,616 - INFO - Starting synchronized X-Y VAD processing:
2025-10-25 15:32:44,616 - INFO -   X audio shape: (145920,), range: [-0.446686, 0.446686]
2025-10-25 15:32:44,616 - INFO -   Y audio shape: (145920,), range: [-0.064029, 0.058160]
2025-10-25 15:32:44,620 - INFO - Spectrogram shapes: X=(1025, 96), Y=(1025, 96)
2025-10-25 15:32:44,620 - INFO - Filtered spectrogram shapes: X=(116, 96), Y=(116, 96)
2025-10-25 15:32:44,621 - INFO - Original Y magnitude stats: mean=4.149134e-04, std=6.805350e-04
2025-10-25 15:32:44,621 - INFO - Original X magnitude stats: mean=6.089183e-03, std=3.295978e-03
2025-10-25 15:32:44,621 - INFO - Y values below threshold 1.00e-05: 0.7%
2025-10-25 15:32:44,621 - INFO - VAD mask applied: 99.3% time-frequency points retained
2025-10-25 15:32:44,621 - INFO - Y energy retained: 1.000
2025-10-25 15:32:44,621 - INFO - X energy retained: 0.994
2025-10-25 15:32:44,621 - INFO - Audio energy scaling: X=0.994, Y=1.000
2025-10-25 15:32:44,622 - INFO - Processing angle_150...
2025-10-25 15:32:44,623 - INFO - Starting synchronized X-Y VAD processing:
2025-10-25 15:32:44,623 - INFO -   X audio shape: (145920,), range: [-0.446686, 0.446655]
2025-10-25 15:32:44,623 - INFO -   Y audio shape: (145920,), range: [-0.054531, 0.046109]
2025-10-25 15:32:44,627 - INFO - Spectrogram shapes: X=(1025, 96), Y=(1025, 96)
2025-10-25 15:32:44,627 - INFO - Filtered spectrogram shapes: X=(116, 96), Y=(116, 96)
2025-10-25 15:32:44,627 - INFO - Original Y magnitude stats: mean=3.313587e-04, std=4.979935e-04
2025-10-25 15:32:44,627 - INFO - Original X magnitude stats: mean=6.078750e-03, std=3.299912e-03
2025-10-25 15:32:44,627 - INFO - Y values below threshold 1.00e-05: 0.4%
2025-10-25 15:32:44,628 - INFO - VAD mask applied: 99.6% time-frequency points retained
2025-10-25 15:32:44,628 - INFO - Y energy retained: 1.000
2025-10-25 15:32:44,628 - INFO - X energy retained: 0.996
2025-10-25 15:32:44,628 - INFO - Audio energy scaling: X=0.996, Y=1.000
2025-10-25 15:32:44,630 - INFO - Starting synchronized X-Y VAD processing:
2025-10-25 15:32:44,630 - INFO -   X audio shape: (145920,), range: [-0.446686, 0.446655]
2025-10-25 15:32:44,630 - INFO -   Y audio shape: (145920,), range: [-0.051781, 0.051378]
2025-10-25 15:32:44,633 - INFO - Spectrogram shapes: X=(1025, 96), Y=(1025, 96)
2025-10-25 15:32:44,633 - INFO - Filtered spectrogram shapes: X=(116, 96), Y=(116, 96)
2025-10-25 15:32:44,634 - INFO - Original Y magnitude stats: mean=3.276377e-04, std=4.938555e-04
2025-10-25 15:32:44,634 - INFO - Original X magnitude stats: mean=6.083817e-03, std=3.296814e-03
2025-10-25 15:32:44,634 - INFO - Y values below threshold 1.00e-05: 0.8%
2025-10-25 15:32:44,634 - INFO - VAD mask applied: 99.2% time-frequency points retained
2025-10-25 15:32:44,634 - INFO - Y energy retained: 1.000
2025-10-25 15:32:44,634 - INFO - X energy retained: 0.996
2025-10-25 15:32:44,634 - INFO - Audio energy scaling: X=0.996, Y=1.000
2025-10-25 15:32:44,635 - INFO - Starting synchronized X-Y VAD processing:
2025-10-25 15:32:44,636 - INFO -   X audio shape: (145920,), range: [-0.446686, 0.446686]
2025-10-25 15:32:44,636 - INFO -   Y audio shape: (145920,), range: [-0.045387, 0.048070]
2025-10-25 15:32:44,639 - INFO - Spectrogram shapes: X=(1025, 96), Y=(1025, 96)
2025-10-25 15:32:44,639 - INFO - Filtered spectrogram shapes: X=(116, 96), Y=(116, 96)
2025-10-25 15:32:44,639 - INFO - Original Y magnitude stats: mean=3.270700e-04, std=4.937864e-04
2025-10-25 15:32:44,639 - INFO - Original X magnitude stats: mean=6.089183e-03, std=3.295978e-03
2025-10-25 15:32:44,639 - INFO - Y values below threshold 1.00e-05: 0.4%
2025-10-25 15:32:44,640 - INFO - VAD mask applied: 99.6% time-frequency points retained
2025-10-25 15:32:44,640 - INFO - Y energy retained: 1.000
2025-10-25 15:32:44,640 - INFO - X energy retained: 0.996
2025-10-25 15:32:44,640 - INFO - Audio energy scaling: X=0.996, Y=1.000
2025-10-25 15:32:44,641 - INFO - Processing angle_155...
2025-10-25 15:32:44,642 - INFO - Starting synchronized X-Y VAD processing:
2025-10-25 15:32:44,642 - INFO -   X audio shape: (145920,), range: [-0.446686, 0.446655]
2025-10-25 15:32:44,642 - INFO -   Y audio shape: (145920,), range: [-0.048473, 0.050468]
2025-10-25 15:32:44,645 - INFO - Spectrogram shapes: X=(1025, 96), Y=(1025, 96)
2025-10-25 15:32:44,646 - INFO - Filtered spectrogram shapes: X=(116, 96), Y=(116, 96)
2025-10-25 15:32:44,646 - INFO - Original Y magnitude stats: mean=3.396308e-04, std=4.616801e-04
2025-10-25 15:32:44,646 - INFO - Original X magnitude stats: mean=6.078750e-03, std=3.299912e-03
2025-10-25 15:32:44,646 - INFO - Y values below threshold 1.00e-05: 0.6%
2025-10-25 15:32:44,646 - INFO - VAD mask applied: 99.4% time-frequency points retained
2025-10-25 15:32:44,646 - INFO - Y energy retained: 1.000
2025-10-25 15:32:44,646 - INFO - X energy retained: 0.996
2025-10-25 15:32:44,646 - INFO - Audio energy scaling: X=0.996, Y=1.000
2025-10-25 15:32:44,648 - INFO - Starting synchronized X-Y VAD processing:
2025-10-25 15:32:44,648 - INFO -   X audio shape: (145920,), range: [-0.446686, 0.446655]
2025-10-25 15:32:44,648 - INFO -   Y audio shape: (145920,), range: [-0.047176, 0.049881]
2025-10-25 15:32:44,652 - INFO - Spectrogram shapes: X=(1025, 96), Y=(1025, 96)
2025-10-25 15:32:44,653 - INFO - Filtered spectrogram shapes: X=(116, 96), Y=(116, 96)
2025-10-25 15:32:44,653 - INFO - Original Y magnitude stats: mean=3.352706e-04, std=4.551825e-04
2025-10-25 15:32:44,653 - INFO - Original X magnitude stats: mean=6.083817e-03, std=3.296814e-03
2025-10-25 15:32:44,653 - INFO - Y values below threshold 1.00e-05: 0.7%
2025-10-25 15:32:44,653 - INFO - VAD mask applied: 99.3% time-frequency points retained
2025-10-25 15:32:44,653 - INFO - Y energy retained: 1.000
2025-10-25 15:32:44,653 - INFO - X energy retained: 0.996
2025-10-25 15:32:44,653 - INFO - Audio energy scaling: X=0.996, Y=1.000
2025-10-25 15:32:44,655 - INFO - Starting synchronized X-Y VAD processing:
2025-10-25 15:32:44,655 - INFO -   X audio shape: (145920,), range: [-0.446686, 0.446686]
2025-10-25 15:32:44,655 - INFO -   Y audio shape: (145920,), range: [-0.049856, 0.053586]
2025-10-25 15:32:44,659 - INFO - Spectrogram shapes: X=(1025, 96), Y=(1025, 96)
2025-10-25 15:32:44,659 - INFO - Filtered spectrogram shapes: X=(116, 96), Y=(116, 96)
2025-10-25 15:32:44,660 - INFO - Original Y magnitude stats: mean=3.338285e-04, std=4.520165e-04
2025-10-25 15:32:44,660 - INFO - Original X magnitude stats: mean=6.089183e-03, std=3.295978e-03
2025-10-25 15:32:44,660 - INFO - Y values below threshold 1.00e-05: 0.6%
2025-10-25 15:32:44,660 - INFO - VAD mask applied: 99.4% time-frequency points retained
2025-10-25 15:32:44,660 - INFO - Y energy retained: 1.000
2025-10-25 15:32:44,660 - INFO - X energy retained: 0.996
2025-10-25 15:32:44,660 - INFO - Audio energy scaling: X=0.996, Y=1.000
2025-10-25 15:32:44,661 - INFO - Processing angle_160...
2025-10-25 15:32:44,661 - INFO - Starting synchronized X-Y VAD processing:
2025-10-25 15:32:44,661 - INFO -   X audio shape: (145920,), range: [-0.446686, 0.446655]
2025-10-25 15:32:44,661 - INFO -   Y audio shape: (145920,), range: [-0.071606, 0.073764]
2025-10-25 15:32:44,666 - INFO - Spectrogram shapes: X=(1025, 96), Y=(1025, 96)
2025-10-25 15:32:44,666 - INFO - Filtered spectrogram shapes: X=(116, 96), Y=(116, 96)
2025-10-25 15:32:44,666 - INFO - Original Y magnitude stats: mean=4.933425e-04, std=7.494127e-04
2025-10-25 15:32:44,666 - INFO - Original X magnitude stats: mean=6.078750e-03, std=3.299912e-03
2025-10-25 15:32:44,666 - INFO - Y values below threshold 1.00e-05: 0.4%
2025-10-25 15:32:44,666 - INFO - VAD mask applied: 99.6% time-frequency points retained
2025-10-25 15:32:44,666 - INFO - Y energy retained: 1.000
2025-10-25 15:32:44,666 - INFO - X energy retained: 0.998
2025-10-25 15:32:44,666 - INFO - Audio energy scaling: X=0.998, Y=1.000
2025-10-25 15:32:44,670 - INFO - Starting synchronized X-Y VAD processing:
2025-10-25 15:32:44,670 - INFO -   X audio shape: (145920,), range: [-0.446686, 0.446655]
2025-10-25 15:32:44,670 - INFO -   Y audio shape: (145920,), range: [-0.074946, 0.074767]
2025-10-25 15:32:44,673 - INFO - Spectrogram shapes: X=(1025, 96), Y=(1025, 96)
2025-10-25 15:32:44,674 - INFO - Filtered spectrogram shapes: X=(116, 96), Y=(116, 96)
2025-10-25 15:32:44,674 - INFO - Original Y magnitude stats: mean=4.865374e-04, std=7.356988e-04
2025-10-25 15:32:44,674 - INFO - Original X magnitude stats: mean=6.083817e-03, std=3.296814e-03
2025-10-25 15:32:44,674 - INFO - Y values below threshold 1.00e-05: 0.2%
2025-10-25 15:32:44,674 - INFO - VAD mask applied: 99.8% time-frequency points retained
2025-10-25 15:32:44,674 - INFO - Y energy retained: 1.000
2025-10-25 15:32:44,674 - INFO - X energy retained: 0.998
2025-10-25 15:32:44,674 - INFO - Audio energy scaling: X=0.998, Y=1.000
2025-10-25 15:32:44,676 - INFO - Starting synchronized X-Y VAD processing:
2025-10-25 15:32:44,676 - INFO -   X audio shape: (145920,), range: [-0.446686, 0.446686]
2025-10-25 15:32:44,676 - INFO -   Y audio shape: (145920,), range: [-0.073510, 0.070910]
2025-10-25 15:32:44,679 - INFO - Spectrogram shapes: X=(1025, 96), Y=(1025, 96)
2025-10-25 15:32:44,680 - INFO - Filtered spectrogram shapes: X=(116, 96), Y=(116, 96)
2025-10-25 15:32:44,680 - INFO - Original Y magnitude stats: mean=4.867337e-04, std=7.365014e-04
2025-10-25 15:32:44,680 - INFO - Original X magnitude stats: mean=6.089183e-03, std=3.295978e-03
2025-10-25 15:32:44,680 - INFO - Y values below threshold 1.00e-05: 0.9%
2025-10-25 15:32:44,680 - INFO - VAD mask applied: 99.1% time-frequency points retained
2025-10-25 15:32:44,680 - INFO - Y energy retained: 1.000
2025-10-25 15:32:44,680 - INFO - X energy retained: 0.997
2025-10-25 15:32:44,680 - INFO - Audio energy scaling: X=0.997, Y=1.000
2025-10-25 15:32:44,681 - INFO - Processing angle_165...
2025-10-25 15:32:44,682 - INFO - Starting synchronized X-Y VAD processing:
2025-10-25 15:32:44,682 - INFO -   X audio shape: (145920,), range: [-0.446686, 0.446655]
2025-10-25 15:32:44,682 - INFO -   Y audio shape: (145920,), range: [-0.070924, 0.078615]
2025-10-25 15:32:44,686 - INFO - Spectrogram shapes: X=(1025, 96), Y=(1025, 96)
2025-10-25 15:32:44,686 - INFO - Filtered spectrogram shapes: X=(116, 96), Y=(116, 96)
2025-10-25 15:32:44,686 - INFO - Original Y magnitude stats: mean=4.882589e-04, std=7.047158e-04
2025-10-25 15:32:44,686 - INFO - Original X magnitude stats: mean=6.078750e-03, std=3.299912e-03
2025-10-25 15:32:44,686 - INFO - Y values below threshold 1.00e-05: 0.4%
2025-10-25 15:32:44,686 - INFO - VAD mask applied: 99.6% time-frequency points retained
2025-10-25 15:32:44,686 - INFO - Y energy retained: 1.000
2025-10-25 15:32:44,686 - INFO - X energy retained: 0.998
2025-10-25 15:32:44,686 - INFO - Audio energy scaling: X=0.998, Y=1.000
2025-10-25 15:32:44,688 - INFO - Starting synchronized X-Y VAD processing:
2025-10-25 15:32:44,688 - INFO -   X audio shape: (145920,), range: [-0.446686, 0.446655]
2025-10-25 15:32:44,688 - INFO -   Y audio shape: (145920,), range: [-0.069079, 0.067813]
2025-10-25 15:32:44,691 - INFO - Spectrogram shapes: X=(1025, 96), Y=(1025, 96)
2025-10-25 15:32:44,691 - INFO - Filtered spectrogram shapes: X=(116, 96), Y=(116, 96)
2025-10-25 15:32:44,691 - INFO - Original Y magnitude stats: mean=4.794287e-04, std=6.899329e-04
2025-10-25 15:32:44,691 - INFO - Original X magnitude stats: mean=6.083817e-03, std=3.296814e-03
2025-10-25 15:32:44,691 - INFO - Y values below threshold 1.00e-05: 0.3%
2025-10-25 15:32:44,691 - INFO - VAD mask applied: 99.7% time-frequency points retained
2025-10-25 15:32:44,691 - INFO - Y energy retained: 1.000
2025-10-25 15:32:44,691 - INFO - X energy retained: 0.998
2025-10-25 15:32:44,692 - INFO - Audio energy scaling: X=0.998, Y=1.000
2025-10-25 15:32:44,693 - INFO - Starting synchronized X-Y VAD processing:
2025-10-25 15:32:44,693 - INFO -   X audio shape: (145920,), range: [-0.446686, 0.446686]
2025-10-25 15:32:44,693 - INFO -   Y audio shape: (145920,), range: [-0.076212, 0.077018]
2025-10-25 15:32:44,696 - INFO - Spectrogram shapes: X=(1025, 96), Y=(1025, 96)
2025-10-25 15:32:44,696 - INFO - Filtered spectrogram shapes: X=(116, 96), Y=(116, 96)
2025-10-25 15:32:44,696 - INFO - Original Y magnitude stats: mean=4.797294e-04, std=6.888183e-04
2025-10-25 15:32:44,696 - INFO - Original X magnitude stats: mean=6.089183e-03, std=3.295978e-03
2025-10-25 15:32:44,696 - INFO - Y values below threshold 1.00e-05: 0.3%
2025-10-25 15:32:44,696 - INFO - VAD mask applied: 99.7% time-frequency points retained
2025-10-25 15:32:44,697 - INFO - Y energy retained: 1.000
2025-10-25 15:32:44,697 - INFO - X energy retained: 0.998
2025-10-25 15:32:44,697 - INFO - Audio energy scaling: X=0.998, Y=1.000
2025-10-25 15:32:44,698 - INFO - Processing angle_170...
2025-10-25 15:32:44,699 - INFO - Starting synchronized X-Y VAD processing:
2025-10-25 15:32:44,699 - INFO -   X audio shape: (145920,), range: [-0.446686, 0.446655]
2025-10-25 15:32:44,699 - INFO -   Y audio shape: (145920,), range: [-0.091844, 0.067975]
2025-10-25 15:32:44,703 - INFO - Spectrogram shapes: X=(1025, 96), Y=(1025, 96)
2025-10-25 15:32:44,703 - INFO - Filtered spectrogram shapes: X=(116, 96), Y=(116, 96)
2025-10-25 15:32:44,703 - INFO - Original Y magnitude stats: mean=4.639281e-04, std=7.078121e-04
2025-10-25 15:32:44,703 - INFO - Original X magnitude stats: mean=6.078750e-03, std=3.299912e-03
2025-10-25 15:32:44,703 - INFO - Y values below threshold 1.00e-05: 0.6%
2025-10-25 15:32:44,703 - INFO - VAD mask applied: 99.4% time-frequency points retained
2025-10-25 15:32:44,703 - INFO - Y energy retained: 1.000
2025-10-25 15:32:44,703 - INFO - X energy retained: 0.996
2025-10-25 15:32:44,703 - INFO - Audio energy scaling: X=0.996, Y=1.000
2025-10-25 15:32:44,705 - INFO - Starting synchronized X-Y VAD processing:
2025-10-25 15:32:44,705 - INFO -   X audio shape: (145920,), range: [-0.446686, 0.446655]
2025-10-25 15:32:44,705 - INFO -   Y audio shape: (145920,), range: [-0.077794, 0.072766]
2025-10-25 15:32:44,709 - INFO - Spectrogram shapes: X=(1025, 96), Y=(1025, 96)
2025-10-25 15:32:44,709 - INFO - Filtered spectrogram shapes: X=(116, 96), Y=(116, 96)
2025-10-25 15:32:44,709 - INFO - Original Y magnitude stats: mean=4.568231e-04, std=6.974782e-04
2025-10-25 15:32:44,709 - INFO - Original X magnitude stats: mean=6.083817e-03, std=3.296814e-03
2025-10-25 15:32:44,709 - INFO - Y values below threshold 1.00e-05: 0.9%
2025-10-25 15:32:44,709 - INFO - VAD mask applied: 99.1% time-frequency points retained
2025-10-25 15:32:44,709 - INFO - Y energy retained: 1.000
2025-10-25 15:32:44,709 - INFO - X energy retained: 0.997
2025-10-25 15:32:44,709 - INFO - Audio energy scaling: X=0.997, Y=1.000
2025-10-25 15:32:44,711 - INFO - Starting synchronized X-Y VAD processing:
2025-10-25 15:32:44,711 - INFO -   X audio shape: (145920,), range: [-0.446686, 0.446686]
2025-10-25 15:32:44,711 - INFO -   Y audio shape: (145920,), range: [-0.074011, 0.072013]
2025-10-25 15:32:44,714 - INFO - Spectrogram shapes: X=(1025, 96), Y=(1025, 96)
2025-10-25 15:32:44,715 - INFO - Filtered spectrogram shapes: X=(116, 96), Y=(116, 96)
2025-10-25 15:32:44,715 - INFO - Original Y magnitude stats: mean=4.559834e-04, std=6.967317e-04
2025-10-25 15:32:44,715 - INFO - Original X magnitude stats: mean=6.089183e-03, std=3.295978e-03
2025-10-25 15:32:44,715 - INFO - Y values below threshold 1.00e-05: 0.8%
2025-10-25 15:32:44,715 - INFO - VAD mask applied: 99.2% time-frequency points retained
2025-10-25 15:32:44,715 - INFO - Y energy retained: 1.000
2025-10-25 15:32:44,715 - INFO - X energy retained: 0.996
2025-10-25 15:32:44,715 - INFO - Audio energy scaling: X=0.996, Y=1.000
2025-10-25 15:32:44,717 - INFO - Processing angle_175...
2025-10-25 15:32:44,718 - INFO - Starting synchronized X-Y VAD processing:
2025-10-25 15:32:44,718 - INFO -   X audio shape: (145920,), range: [-0.446686, 0.446655]
2025-10-25 15:32:44,718 - INFO -   Y audio shape: (145920,), range: [-0.086770, 0.097439]
2025-10-25 15:32:44,722 - INFO - Spectrogram shapes: X=(1025, 96), Y=(1025, 96)
2025-10-25 15:32:44,722 - INFO - Filtered spectrogram shapes: X=(116, 96), Y=(116, 96)
2025-10-25 15:32:44,722 - INFO - Original Y magnitude stats: mean=4.991526e-04, std=8.094294e-04
2025-10-25 15:32:44,722 - INFO - Original X magnitude stats: mean=6.078750e-03, std=3.299912e-03
2025-10-25 15:32:44,722 - INFO - Y values below threshold 1.00e-05: 1.3%
2025-10-25 15:32:44,722 - INFO - VAD mask applied: 98.7% time-frequency points retained
2025-10-25 15:32:44,722 - INFO - Y energy retained: 1.000
2025-10-25 15:32:44,722 - INFO - X energy retained: 0.989
2025-10-25 15:32:44,722 - INFO - Audio energy scaling: X=0.989, Y=1.000
2025-10-25 15:32:44,724 - INFO - Starting synchronized X-Y VAD processing:
2025-10-25 15:32:44,724 - INFO -   X audio shape: (145920,), range: [-0.446686, 0.446655]
2025-10-25 15:32:44,724 - INFO -   Y audio shape: (145920,), range: [-0.086579, 0.088378]
2025-10-25 15:32:44,728 - INFO - Spectrogram shapes: X=(1025, 96), Y=(1025, 96)
2025-10-25 15:32:44,728 - INFO - Filtered spectrogram shapes: X=(116, 96), Y=(116, 96)
2025-10-25 15:32:44,728 - INFO - Original Y magnitude stats: mean=4.932254e-04, std=8.014003e-04
2025-10-25 15:32:44,728 - INFO - Original X magnitude stats: mean=6.083817e-03, std=3.296814e-03
2025-10-25 15:32:44,728 - INFO - Y values below threshold 1.00e-05: 2.0%
2025-10-25 15:32:44,728 - INFO - VAD mask applied: 98.0% time-frequency points retained
2025-10-25 15:32:44,728 - INFO - Y energy retained: 1.000
2025-10-25 15:32:44,728 - INFO - X energy retained: 0.988
2025-10-25 15:32:44,728 - INFO - Audio energy scaling: X=0.988, Y=1.000
2025-10-25 15:32:44,730 - INFO - Starting synchronized X-Y VAD processing:
2025-10-25 15:32:44,730 - INFO -   X audio shape: (145920,), range: [-0.446686, 0.446686]
2025-10-25 15:32:44,730 - INFO -   Y audio shape: (145920,), range: [-0.080336, 0.087319]
2025-10-25 15:32:44,734 - INFO - Spectrogram shapes: X=(1025, 96), Y=(1025, 96)
2025-10-25 15:32:44,734 - INFO - Filtered spectrogram shapes: X=(116, 96), Y=(116, 96)
2025-10-25 15:32:44,734 - INFO - Original Y magnitude stats: mean=4.964258e-04, std=8.061201e-04
2025-10-25 15:32:44,734 - INFO - Original X magnitude stats: mean=6.089183e-03, std=3.295978e-03
2025-10-25 15:32:44,734 - INFO - Y values below threshold 1.00e-05: 1.2%
2025-10-25 15:32:44,734 - INFO - VAD mask applied: 98.8% time-frequency points retained
2025-10-25 15:32:44,734 - INFO - Y energy retained: 1.000
2025-10-25 15:32:44,734 - INFO - X energy retained: 0.989
2025-10-25 15:32:44,735 - INFO - Audio energy scaling: X=0.989, Y=1.000
2025-10-25 15:32:44,735 - INFO - Processing angle_180...
2025-10-25 15:32:44,736 - INFO - Starting synchronized X-Y VAD processing:
2025-10-25 15:32:44,736 - INFO -   X audio shape: (145920,), range: [-0.446686, 0.446655]
2025-10-25 15:32:44,736 - INFO -   Y audio shape: (145920,), range: [-0.089296, 0.082946]
2025-10-25 15:32:44,739 - INFO - Spectrogram shapes: X=(1025, 96), Y=(1025, 96)
2025-10-25 15:32:44,739 - INFO - Filtered spectrogram shapes: X=(116, 96), Y=(116, 96)
2025-10-25 15:32:44,740 - INFO - Original Y magnitude stats: mean=4.882526e-04, std=8.244625e-04
2025-10-25 15:32:44,740 - INFO - Original X magnitude stats: mean=6.078750e-03, std=3.299912e-03
2025-10-25 15:32:44,740 - INFO - Y values below threshold 1.00e-05: 0.7%
2025-10-25 15:32:44,740 - INFO - VAD mask applied: 99.3% time-frequency points retained
2025-10-25 15:32:44,740 - INFO - Y energy retained: 1.000
2025-10-25 15:32:44,740 - INFO - X energy retained: 0.997
2025-10-25 15:32:44,740 - INFO - Audio energy scaling: X=0.997, Y=1.000
2025-10-25 15:32:44,741 - INFO - Starting synchronized X-Y VAD processing:
2025-10-25 15:32:44,741 - INFO -   X audio shape: (145920,), range: [-0.446686, 0.446655]
2025-10-25 15:32:44,741 - INFO -   Y audio shape: (145920,), range: [-0.075448, 0.093293]
2025-10-25 15:32:44,745 - INFO - Spectrogram shapes: X=(1025, 96), Y=(1025, 96)
2025-10-25 15:32:44,745 - INFO - Filtered spectrogram shapes: X=(116, 96), Y=(116, 96)
2025-10-25 15:32:44,745 - INFO - Original Y magnitude stats: mean=4.818244e-04, std=8.123642e-04
2025-10-25 15:32:44,745 - INFO - Original X magnitude stats: mean=6.083817e-03, std=3.296814e-03
2025-10-25 15:32:44,745 - INFO - Y values below threshold 1.00e-05: 0.4%
2025-10-25 15:32:44,745 - INFO - VAD mask applied: 99.6% time-frequency points retained
2025-10-25 15:32:44,745 - INFO - Y energy retained: 1.000
2025-10-25 15:32:44,745 - INFO - X energy retained: 0.997
2025-10-25 15:32:44,745 - INFO - Audio energy scaling: X=0.997, Y=1.000
2025-10-25 15:32:44,751 - INFO - Starting synchronized X-Y VAD processing:
2025-10-25 15:32:44,751 - INFO -   X audio shape: (145920,), range: [-0.446686, 0.446686]
2025-10-25 15:32:44,751 - INFO -   Y audio shape: (145920,), range: [-0.071589, 0.080916]
2025-10-25 15:32:44,755 - INFO - Spectrogram shapes: X=(1025, 96), Y=(1025, 96)
2025-10-25 15:32:44,755 - INFO - Filtered spectrogram shapes: X=(116, 96), Y=(116, 96)
2025-10-25 15:32:44,756 - INFO - Original Y magnitude stats: mean=4.810305e-04, std=8.132203e-04
2025-10-25 15:32:44,756 - INFO - Original X magnitude stats: mean=6.089183e-03, std=3.295978e-03
2025-10-25 15:32:44,756 - INFO - Y values below threshold 1.00e-05: 0.6%
2025-10-25 15:32:44,756 - INFO - VAD mask applied: 99.4% time-frequency points retained
2025-10-25 15:32:44,756 - INFO - Y energy retained: 1.000
2025-10-25 15:32:44,756 - INFO - X energy retained: 0.996
2025-10-25 15:32:44,756 - INFO - Audio energy scaling: X=0.996, Y=1.000
2025-10-25 15:32:44,757 - INFO - Processing angle_20...
2025-10-25 15:32:44,757 - INFO - Starting synchronized X-Y VAD processing:
2025-10-25 15:32:44,757 - INFO -   X audio shape: (145920,), range: [-0.446686, 0.446655]
2025-10-25 15:32:44,757 - INFO -   Y audio shape: (145920,), range: [-0.050094, 0.047828]
2025-10-25 15:32:44,761 - INFO - Spectrogram shapes: X=(1025, 96), Y=(1025, 96)
2025-10-25 15:32:44,761 - INFO - Filtered spectrogram shapes: X=(116, 96), Y=(116, 96)
2025-10-25 15:32:44,761 - INFO - Original Y magnitude stats: mean=4.084419e-04, std=5.528930e-04
2025-10-25 15:32:44,761 - INFO - Original X magnitude stats: mean=6.078750e-03, std=3.299912e-03
2025-10-25 15:32:44,761 - INFO - Y values below threshold 1.00e-05: 1.0%
2025-10-25 15:32:44,761 - INFO - VAD mask applied: 99.0% time-frequency points retained
2025-10-25 15:32:44,761 - INFO - Y energy retained: 1.000
2025-10-25 15:32:44,761 - INFO - X energy retained: 0.997
2025-10-25 15:32:44,762 - INFO - Audio energy scaling: X=0.997, Y=1.000
2025-10-25 15:32:44,763 - INFO - Starting synchronized X-Y VAD processing:
2025-10-25 15:32:44,763 - INFO -   X audio shape: (145920,), range: [-0.446686, 0.446655]
2025-10-25 15:32:44,763 - INFO -   Y audio shape: (145920,), range: [-0.051692, 0.042460]
2025-10-25 15:32:44,767 - INFO - Spectrogram shapes: X=(1025, 96), Y=(1025, 96)
2025-10-25 15:32:44,767 - INFO - Filtered spectrogram shapes: X=(116, 96), Y=(116, 96)
2025-10-25 15:32:44,767 - INFO - Original Y magnitude stats: mean=4.054917e-04, std=5.474170e-04
2025-10-25 15:32:44,767 - INFO - Original X magnitude stats: mean=6.083817e-03, std=3.296814e-03
2025-10-25 15:32:44,767 - INFO - Y values below threshold 1.00e-05: 0.4%
2025-10-25 15:32:44,767 - INFO - VAD mask applied: 99.6% time-frequency points retained
2025-10-25 15:32:44,767 - INFO - Y energy retained: 1.000
2025-10-25 15:32:44,767 - INFO - X energy retained: 0.997
2025-10-25 15:32:44,768 - INFO - Audio energy scaling: X=0.997, Y=1.000
2025-10-25 15:32:44,769 - INFO - Starting synchronized X-Y VAD processing:
2025-10-25 15:32:44,769 - INFO -   X audio shape: (145920,), range: [-0.446686, 0.446686]
2025-10-25 15:32:44,769 - INFO -   Y audio shape: (145920,), range: [-0.052299, 0.050899]
2025-10-25 15:32:44,773 - INFO - Spectrogram shapes: X=(1025, 96), Y=(1025, 96)
2025-10-25 15:32:44,774 - INFO - Filtered spectrogram shapes: X=(116, 96), Y=(116, 96)
2025-10-25 15:32:44,774 - INFO - Original Y magnitude stats: mean=4.042869e-04, std=5.460619e-04
2025-10-25 15:32:44,774 - INFO - Original X magnitude stats: mean=6.089183e-03, std=3.295978e-03
2025-10-25 15:32:44,774 - INFO - Y values below threshold 1.00e-05: 0.5%
2025-10-25 15:32:44,774 - INFO - VAD mask applied: 99.5% time-frequency points retained
2025-10-25 15:32:44,774 - INFO - Y energy retained: 1.000
2025-10-25 15:32:44,774 - INFO - X energy retained: 0.997
2025-10-25 15:32:44,774 - INFO - Audio energy scaling: X=0.997, Y=1.000
2025-10-25 15:32:44,775 - INFO - Processing angle_25...
2025-10-25 15:32:44,776 - INFO - Starting synchronized X-Y VAD processing:
2025-10-25 15:32:44,776 - INFO -   X audio shape: (145920,), range: [-0.446686, 0.446655]
2025-10-25 15:32:44,776 - INFO -   Y audio shape: (145920,), range: [-0.060432, 0.064499]
2025-10-25 15:32:44,780 - INFO - Spectrogram shapes: X=(1025, 96), Y=(1025, 96)
2025-10-25 15:32:44,780 - INFO - Filtered spectrogram shapes: X=(116, 96), Y=(116, 96)
2025-10-25 15:32:44,780 - INFO - Original Y magnitude stats: mean=4.582299e-04, std=7.214873e-04
2025-10-25 15:32:44,780 - INFO - Original X magnitude stats: mean=6.078750e-03, std=3.299912e-03
2025-10-25 15:32:44,780 - INFO - Y values below threshold 1.00e-05: 0.4%
2025-10-25 15:32:44,781 - INFO - VAD mask applied: 99.6% time-frequency points retained
2025-10-25 15:32:44,781 - INFO - Y energy retained: 1.000
2025-10-25 15:32:44,781 - INFO - X energy retained: 0.997
2025-10-25 15:32:44,781 - INFO - Audio energy scaling: X=0.997, Y=1.000
2025-10-25 15:32:44,783 - INFO - Starting synchronized X-Y VAD processing:
2025-10-25 15:32:44,783 - INFO -   X audio shape: (145920,), range: [-0.446686, 0.446655]
2025-10-25 15:32:44,783 - INFO -   Y audio shape: (145920,), range: [-0.058679, 0.049399]
2025-10-25 15:32:44,786 - INFO - Spectrogram shapes: X=(1025, 96), Y=(1025, 96)
2025-10-25 15:32:44,786 - INFO - Filtered spectrogram shapes: X=(116, 96), Y=(116, 96)
2025-10-25 15:32:44,787 - INFO - Original Y magnitude stats: mean=4.515360e-04, std=7.128014e-04
2025-10-25 15:32:44,787 - INFO - Original X magnitude stats: mean=6.083817e-03, std=3.296814e-03
2025-10-25 15:32:44,787 - INFO - Y values below threshold 1.00e-05: 0.4%
2025-10-25 15:32:44,787 - INFO - VAD mask applied: 99.6% time-frequency points retained
2025-10-25 15:32:44,787 - INFO - Y energy retained: 1.000
2025-10-25 15:32:44,787 - INFO - X energy retained: 0.996
2025-10-25 15:32:44,787 - INFO - Audio energy scaling: X=0.996, Y=1.000
2025-10-25 15:32:44,789 - INFO - Starting synchronized X-Y VAD processing:
2025-10-25 15:32:44,789 - INFO -   X audio shape: (145920,), range: [-0.446686, 0.446686]
2025-10-25 15:32:44,789 - INFO -   Y audio shape: (145920,), range: [-0.060594, 0.054064]
2025-10-25 15:32:44,794 - INFO - Spectrogram shapes: X=(1025, 96), Y=(1025, 96)
2025-10-25 15:32:44,794 - INFO - Filtered spectrogram shapes: X=(116, 96), Y=(116, 96)
2025-10-25 15:32:44,795 - INFO - Original Y magnitude stats: mean=4.511552e-04, std=7.154118e-04
2025-10-25 15:32:44,795 - INFO - Original X magnitude stats: mean=6.089183e-03, std=3.295978e-03
2025-10-25 15:32:44,795 - INFO - Y values below threshold 1.00e-05: 1.1%
2025-10-25 15:32:44,795 - INFO - VAD mask applied: 98.9% time-frequency points retained
2025-10-25 15:32:44,795 - INFO - Y energy retained: 1.000
2025-10-25 15:32:44,795 - INFO - X energy retained: 0.996
2025-10-25 15:32:44,795 - INFO - Audio energy scaling: X=0.996, Y=1.000
2025-10-25 15:32:44,796 - INFO - Processing angle_30...
2025-10-25 15:32:44,797 - INFO - Starting synchronized X-Y VAD processing:
2025-10-25 15:32:44,797 - INFO -   X audio shape: (145920,), range: [-0.446686, 0.446655]
2025-10-25 15:32:44,798 - INFO -   Y audio shape: (145920,), range: [-0.046212, 0.046300]
2025-10-25 15:32:44,802 - INFO - Spectrogram shapes: X=(1025, 96), Y=(1025, 96)
2025-10-25 15:32:44,802 - INFO - Filtered spectrogram shapes: X=(116, 96), Y=(116, 96)
2025-10-25 15:32:44,802 - INFO - Original Y magnitude stats: mean=3.435224e-04, std=5.316713e-04
2025-10-25 15:32:44,802 - INFO - Original X magnitude stats: mean=6.078750e-03, std=3.299912e-03
2025-10-25 15:32:44,802 - INFO - Y values below threshold 1.00e-05: 1.5%
2025-10-25 15:32:44,802 - INFO - VAD mask applied: 98.5% time-frequency points retained
2025-10-25 15:32:44,803 - INFO - Y energy retained: 1.000
2025-10-25 15:32:44,803 - INFO - X energy retained: 0.990
2025-10-25 15:32:44,803 - INFO - Audio energy scaling: X=0.990, Y=1.000
2025-10-25 15:32:44,804 - INFO - Starting synchronized X-Y VAD processing:
2025-10-25 15:32:44,804 - INFO -   X audio shape: (145920,), range: [-0.446686, 0.446655]
2025-10-25 15:32:44,804 - INFO -   Y audio shape: (145920,), range: [-0.046588, 0.044482]
2025-10-25 15:32:44,808 - INFO - Spectrogram shapes: X=(1025, 96), Y=(1025, 96)
2025-10-25 15:32:44,808 - INFO - Filtered spectrogram shapes: X=(116, 96), Y=(116, 96)
2025-10-25 15:32:44,809 - INFO - Original Y magnitude stats: mean=3.389295e-04, std=5.257892e-04
2025-10-25 15:32:44,809 - INFO - Original X magnitude stats: mean=6.083817e-03, std=3.296814e-03
2025-10-25 15:32:44,809 - INFO - Y values below threshold 1.00e-05: 2.0%
2025-10-25 15:32:44,809 - INFO - VAD mask applied: 98.0% time-frequency points retained
2025-10-25 15:32:44,809 - INFO - Y energy retained: 1.000
2025-10-25 15:32:44,809 - INFO - X energy retained: 0.990
2025-10-25 15:32:44,809 - INFO - Audio energy scaling: X=0.990, Y=1.000
2025-10-25 15:32:44,811 - INFO - Starting synchronized X-Y VAD processing:
2025-10-25 15:32:44,811 - INFO -   X audio shape: (145920,), range: [-0.446686, 0.446686]
2025-10-25 15:32:44,811 - INFO -   Y audio shape: (145920,), range: [-0.047158, 0.044459]
2025-10-25 15:32:44,815 - INFO - Spectrogram shapes: X=(1025, 96), Y=(1025, 96)
2025-10-25 15:32:44,815 - INFO - Filtered spectrogram shapes: X=(116, 96), Y=(116, 96)
2025-10-25 15:32:44,816 - INFO - Original Y magnitude stats: mean=3.370654e-04, std=5.233738e-04
2025-10-25 15:32:44,816 - INFO - Original X magnitude stats: mean=6.089183e-03, std=3.295978e-03
2025-10-25 15:32:44,816 - INFO - Y values below threshold 1.00e-05: 2.0%
2025-10-25 15:32:44,816 - INFO - VAD mask applied: 98.0% time-frequency points retained
2025-10-25 15:32:44,816 - INFO - Y energy retained: 1.000
2025-10-25 15:32:44,816 - INFO - X energy retained: 0.990
2025-10-25 15:32:44,816 - INFO - Audio energy scaling: X=0.990, Y=1.000
2025-10-25 15:32:44,817 - INFO - Processing angle_35...
2025-10-25 15:32:44,819 - INFO - Starting synchronized X-Y VAD processing:
2025-10-25 15:32:44,819 - INFO -   X audio shape: (145920,), range: [-0.446686, 0.446655]
2025-10-25 15:32:44,819 - INFO -   Y audio shape: (145920,), range: [-0.049374, 0.047171]
2025-10-25 15:32:44,822 - INFO - Spectrogram shapes: X=(1025, 96), Y=(1025, 96)
2025-10-25 15:32:44,822 - INFO - Filtered spectrogram shapes: X=(116, 96), Y=(116, 96)
2025-10-25 15:32:44,823 - INFO - Original Y magnitude stats: mean=3.821917e-04, std=6.181550e-04
2025-10-25 15:32:44,823 - INFO - Original X magnitude stats: mean=6.078750e-03, std=3.299912e-03
2025-10-25 15:32:44,823 - INFO - Y values below threshold 1.00e-05: 0.9%
2025-10-25 15:32:44,823 - INFO - VAD mask applied: 99.1% time-frequency points retained
2025-10-25 15:32:44,823 - INFO - Y energy retained: 1.000
2025-10-25 15:32:44,823 - INFO - X energy retained: 0.992
2025-10-25 15:32:44,823 - INFO - Audio energy scaling: X=0.992, Y=1.000
2025-10-25 15:32:44,825 - INFO - Starting synchronized X-Y VAD processing:
2025-10-25 15:32:44,825 - INFO -   X audio shape: (145920,), range: [-0.446686, 0.446655]
2025-10-25 15:32:44,825 - INFO -   Y audio shape: (145920,), range: [-0.047827, 0.054511]
2025-10-25 15:32:44,829 - INFO - Spectrogram shapes: X=(1025, 96), Y=(1025, 96)
2025-10-25 15:32:44,829 - INFO - Filtered spectrogram shapes: X=(116, 96), Y=(116, 96)
2025-10-25 15:32:44,830 - INFO - Original Y magnitude stats: mean=3.778739e-04, std=6.109941e-04
2025-10-25 15:32:44,830 - INFO - Original X magnitude stats: mean=6.083817e-03, std=3.296814e-03
2025-10-25 15:32:44,830 - INFO - Y values below threshold 1.00e-05: 0.9%
2025-10-25 15:32:44,830 - INFO - VAD mask applied: 99.1% time-frequency points retained
2025-10-25 15:32:44,830 - INFO - Y energy retained: 1.000
2025-10-25 15:32:44,830 - INFO - X energy retained: 0.992
2025-10-25 15:32:44,830 - INFO - Audio energy scaling: X=0.992, Y=1.000
2025-10-25 15:32:44,832 - INFO - Starting synchronized X-Y VAD processing:
2025-10-25 15:32:44,832 - INFO -   X audio shape: (145920,), range: [-0.446686, 0.446686]
2025-10-25 15:32:44,832 - INFO -   Y audio shape: (145920,), range: [-0.051284, 0.051693]
2025-10-25 15:32:44,836 - INFO - Spectrogram shapes: X=(1025, 96), Y=(1025, 96)
2025-10-25 15:32:44,836 - INFO - Filtered spectrogram shapes: X=(116, 96), Y=(116, 96)
2025-10-25 15:32:44,837 - INFO - Original Y magnitude stats: mean=3.786587e-04, std=6.121531e-04
2025-10-25 15:32:44,837 - INFO - Original X magnitude stats: mean=6.089183e-03, std=3.295978e-03
2025-10-25 15:32:44,837 - INFO - Y values below threshold 1.00e-05: 0.9%
2025-10-25 15:32:44,837 - INFO - VAD mask applied: 99.1% time-frequency points retained
2025-10-25 15:32:44,837 - INFO - Y energy retained: 1.000
2025-10-25 15:32:44,837 - INFO - X energy retained: 0.992
2025-10-25 15:32:44,837 - INFO - Audio energy scaling: X=0.992, Y=1.000
2025-10-25 15:32:44,842 - INFO - Processing angle_40...
2025-10-25 15:32:44,843 - INFO - Starting synchronized X-Y VAD processing:
2025-10-25 15:32:44,843 - INFO -   X audio shape: (145920,), range: [-0.446686, 0.446655]
2025-10-25 15:32:44,843 - INFO -   Y audio shape: (145920,), range: [-0.057292, 0.058185]
2025-10-25 15:32:44,847 - INFO - Spectrogram shapes: X=(1025, 96), Y=(1025, 96)
2025-10-25 15:32:44,847 - INFO - Filtered spectrogram shapes: X=(116, 96), Y=(116, 96)
2025-10-25 15:32:44,847 - INFO - Original Y magnitude stats: mean=4.479198e-04, std=6.800206e-04
2025-10-25 15:32:44,847 - INFO - Original X magnitude stats: mean=6.078750e-03, std=3.299912e-03
2025-10-25 15:32:44,847 - INFO - Y values below threshold 1.00e-05: 1.3%
2025-10-25 15:32:44,848 - INFO - VAD mask applied: 98.7% time-frequency points retained
2025-10-25 15:32:44,848 - INFO - Y energy retained: 1.000
2025-10-25 15:32:44,848 - INFO - X energy retained: 0.996
2025-10-25 15:32:44,848 - INFO - Audio energy scaling: X=0.996, Y=1.000
2025-10-25 15:32:44,850 - INFO - Starting synchronized X-Y VAD processing:
2025-10-25 15:32:44,850 - INFO -   X audio shape: (145920,), range: [-0.446686, 0.446655]
2025-10-25 15:32:44,850 - INFO -   Y audio shape: (145920,), range: [-0.055919, 0.061713]
2025-10-25 15:32:44,854 - INFO - Spectrogram shapes: X=(1025, 96), Y=(1025, 96)
2025-10-25 15:32:44,854 - INFO - Filtered spectrogram shapes: X=(116, 96), Y=(116, 96)
2025-10-25 15:32:44,855 - INFO - Original Y magnitude stats: mean=4.430286e-04, std=6.720960e-04
2025-10-25 15:32:44,855 - INFO - Original X magnitude stats: mean=6.083817e-03, std=3.296814e-03
2025-10-25 15:32:44,855 - INFO - Y values below threshold 1.00e-05: 0.4%
2025-10-25 15:32:44,855 - INFO - VAD mask applied: 99.6% time-frequency points retained
2025-10-25 15:32:44,855 - INFO - Y energy retained: 1.000
2025-10-25 15:32:44,855 - INFO - X energy retained: 0.996
2025-10-25 15:32:44,855 - INFO - Audio energy scaling: X=0.996, Y=1.000
2025-10-25 15:32:44,856 - INFO - Starting synchronized X-Y VAD processing:
2025-10-25 15:32:44,856 - INFO -   X audio shape: (145920,), range: [-0.446686, 0.446686]
2025-10-25 15:32:44,856 - INFO -   Y audio shape: (145920,), range: [-0.066652, 0.053849]
2025-10-25 15:32:44,860 - INFO - Spectrogram shapes: X=(1025, 96), Y=(1025, 96)
2025-10-25 15:32:44,860 - INFO - Filtered spectrogram shapes: X=(116, 96), Y=(116, 96)
2025-10-25 15:32:44,861 - INFO - Original Y magnitude stats: mean=4.431653e-04, std=6.721211e-04
2025-10-25 15:32:44,861 - INFO - Original X magnitude stats: mean=6.089183e-03, std=3.295978e-03
2025-10-25 15:32:44,861 - INFO - Y values below threshold 1.00e-05: 0.5%
2025-10-25 15:32:44,861 - INFO - VAD mask applied: 99.5% time-frequency points retained
2025-10-25 15:32:44,861 - INFO - Y energy retained: 1.000
2025-10-25 15:32:44,861 - INFO - X energy retained: 0.995
2025-10-25 15:32:44,861 - INFO - Audio energy scaling: X=0.995, Y=1.000
2025-10-25 15:32:44,862 - INFO - Processing angle_45...
2025-10-25 15:32:44,863 - INFO - Starting synchronized X-Y VAD processing:
2025-10-25 15:32:44,863 - INFO -   X audio shape: (145920,), range: [-0.446686, 0.446655]
2025-10-25 15:32:44,863 - INFO -   Y audio shape: (145920,), range: [-0.038201, 0.038535]
2025-10-25 15:32:44,867 - INFO - Spectrogram shapes: X=(1025, 96), Y=(1025, 96)
2025-10-25 15:32:44,867 - INFO - Filtered spectrogram shapes: X=(116, 96), Y=(116, 96)
2025-10-25 15:32:44,867 - INFO - Original Y magnitude stats: mean=2.940921e-04, std=4.022673e-04
2025-10-25 15:32:44,867 - INFO - Original X magnitude stats: mean=6.078750e-03, std=3.299912e-03
2025-10-25 15:32:44,867 - INFO - Y values below threshold 1.00e-05: 0.8%
2025-10-25 15:32:44,867 - INFO - VAD mask applied: 99.2% time-frequency points retained
2025-10-25 15:32:44,867 - INFO - Y energy retained: 1.000
2025-10-25 15:32:44,867 - INFO - X energy retained: 0.996
2025-10-25 15:32:44,867 - INFO - Audio energy scaling: X=0.996, Y=1.000
2025-10-25 15:32:44,869 - INFO - Starting synchronized X-Y VAD processing:
2025-10-25 15:32:44,869 - INFO -   X audio shape: (145920,), range: [-0.446686, 0.446655]
2025-10-25 15:32:44,869 - INFO -   Y audio shape: (145920,), range: [-0.035806, 0.036605]
2025-10-25 15:32:44,873 - INFO - Spectrogram shapes: X=(1025, 96), Y=(1025, 96)
2025-10-25 15:32:44,873 - INFO - Filtered spectrogram shapes: X=(116, 96), Y=(116, 96)
2025-10-25 15:32:44,873 - INFO - Original Y magnitude stats: mean=2.914867e-04, std=3.975766e-04
2025-10-25 15:32:44,873 - INFO - Original X magnitude stats: mean=6.083817e-03, std=3.296814e-03
2025-10-25 15:32:44,873 - INFO - Y values below threshold 1.00e-05: 0.5%
2025-10-25 15:32:44,873 - INFO - VAD mask applied: 99.5% time-frequency points retained
2025-10-25 15:32:44,873 - INFO - Y energy retained: 1.000
2025-10-25 15:32:44,873 - INFO - X energy retained: 0.997
2025-10-25 15:32:44,874 - INFO - Audio energy scaling: X=0.997, Y=1.000
2025-10-25 15:32:44,875 - INFO - Starting synchronized X-Y VAD processing:
2025-10-25 15:32:44,875 - INFO -   X audio shape: (145920,), range: [-0.446686, 0.446686]
2025-10-25 15:32:44,875 - INFO -   Y audio shape: (145920,), range: [-0.042125, 0.036658]
2025-10-25 15:32:44,879 - INFO - Spectrogram shapes: X=(1025, 96), Y=(1025, 96)
2025-10-25 15:32:44,879 - INFO - Filtered spectrogram shapes: X=(116, 96), Y=(116, 96)
2025-10-25 15:32:44,879 - INFO - Original Y magnitude stats: mean=2.911428e-04, std=3.961818e-04
2025-10-25 15:32:44,879 - INFO - Original X magnitude stats: mean=6.089183e-03, std=3.295978e-03
2025-10-25 15:32:44,879 - INFO - Y values below threshold 1.00e-05: 0.4%
2025-10-25 15:32:44,879 - INFO - VAD mask applied: 99.6% time-frequency points retained
2025-10-25 15:32:44,880 - INFO - Y energy retained: 1.000
2025-10-25 15:32:44,880 - INFO - X energy retained: 0.997
2025-10-25 15:32:44,880 - INFO - Audio energy scaling: X=0.997, Y=1.000
2025-10-25 15:32:44,881 - INFO - Processing angle_5...
2025-10-25 15:32:44,882 - INFO - Starting synchronized X-Y VAD processing:
2025-10-25 15:32:44,882 - INFO -   X audio shape: (145920,), range: [-0.446686, 0.446655]
2025-10-25 15:32:44,882 - INFO -   Y audio shape: (145920,), range: [-0.084107, 0.069739]
2025-10-25 15:32:44,886 - INFO - Spectrogram shapes: X=(1025, 96), Y=(1025, 96)
2025-10-25 15:32:44,886 - INFO - Filtered spectrogram shapes: X=(116, 96), Y=(116, 96)
2025-10-25 15:32:44,887 - INFO - Original Y magnitude stats: mean=5.320551e-04, std=1.056017e-03
2025-10-25 15:32:44,887 - INFO - Original X magnitude stats: mean=6.078750e-03, std=3.299912e-03
2025-10-25 15:32:44,887 - INFO - Y values below threshold 1.00e-05: 0.3%
2025-10-25 15:32:44,887 - INFO - VAD mask applied: 99.7% time-frequency points retained
2025-10-25 15:32:44,887 - INFO - Y energy retained: 1.000
2025-10-25 15:32:44,887 - INFO - X energy retained: 0.998
2025-10-25 15:32:44,887 - INFO - Audio energy scaling: X=0.998, Y=1.000
2025-10-25 15:32:44,894 - INFO - Starting synchronized X-Y VAD processing:
2025-10-25 15:32:44,894 - INFO -   X audio shape: (145920,), range: [-0.446686, 0.446655]
2025-10-25 15:32:44,894 - INFO -   Y audio shape: (145920,), range: [-0.077555, 0.079423]
2025-10-25 15:32:44,899 - INFO - Spectrogram shapes: X=(1025, 96), Y=(1025, 96)
2025-10-25 15:32:44,899 - INFO - Filtered spectrogram shapes: X=(116, 96), Y=(116, 96)
2025-10-25 15:32:44,899 - INFO - Original Y magnitude stats: mean=5.252220e-04, std=1.040156e-03
2025-10-25 15:32:44,899 - INFO - Original X magnitude stats: mean=6.083817e-03, std=3.296814e-03
2025-10-25 15:32:44,899 - INFO - Y values below threshold 1.00e-05: 1.0%
2025-10-25 15:32:44,899 - INFO - VAD mask applied: 99.0% time-frequency points retained
2025-10-25 15:32:44,900 - INFO - Y energy retained: 1.000
2025-10-25 15:32:44,900 - INFO - X energy retained: 0.997
2025-10-25 15:32:44,900 - INFO - Audio energy scaling: X=0.997, Y=1.000
2025-10-25 15:32:44,902 - INFO - Starting synchronized X-Y VAD processing:
2025-10-25 15:32:44,902 - INFO -   X audio shape: (145920,), range: [-0.446686, 0.446686]
2025-10-25 15:32:44,902 - INFO -   Y audio shape: (145920,), range: [-0.076588, 0.075924]
2025-10-25 15:32:44,906 - INFO - Spectrogram shapes: X=(1025, 96), Y=(1025, 96)
2025-10-25 15:32:44,906 - INFO - Filtered spectrogram shapes: X=(116, 96), Y=(116, 96)
2025-10-25 15:32:44,907 - INFO - Original Y magnitude stats: mean=5.270407e-04, std=1.039502e-03
2025-10-25 15:32:44,907 - INFO - Original X magnitude stats: mean=6.089183e-03, std=3.295978e-03
2025-10-25 15:32:44,907 - INFO - Y values below threshold 1.00e-05: 0.3%
2025-10-25 15:32:44,907 - INFO - VAD mask applied: 99.7% time-frequency points retained
2025-10-25 15:32:44,907 - INFO - Y energy retained: 1.000
2025-10-25 15:32:44,907 - INFO - X energy retained: 0.998
2025-10-25 15:32:44,907 - INFO - Audio energy scaling: X=0.998, Y=1.000
2025-10-25 15:32:44,909 - INFO - Processing angle_50...
2025-10-25 15:32:44,912 - INFO - Starting synchronized X-Y VAD processing:
2025-10-25 15:32:44,912 - INFO -   X audio shape: (145920,), range: [-0.446686, 0.446655]
2025-10-25 15:32:44,912 - INFO -   Y audio shape: (145920,), range: [-0.083581, 0.085305]
2025-10-25 15:32:44,916 - INFO - Spectrogram shapes: X=(1025, 96), Y=(1025, 96)
2025-10-25 15:32:44,916 - INFO - Filtered spectrogram shapes: X=(116, 96), Y=(116, 96)
2025-10-25 15:32:44,917 - INFO - Original Y magnitude stats: mean=3.916780e-04, std=6.402673e-04
2025-10-25 15:32:44,917 - INFO - Original X magnitude stats: mean=6.078750e-03, std=3.299912e-03
2025-10-25 15:32:44,917 - INFO - Y values below threshold 1.00e-05: 0.5%
2025-10-25 15:32:44,917 - INFO - VAD mask applied: 99.5% time-frequency points retained
2025-10-25 15:32:44,917 - INFO - Y energy retained: 1.000
2025-10-25 15:32:44,917 - INFO - X energy retained: 0.996
2025-10-25 15:32:44,917 - INFO - Audio energy scaling: X=0.996, Y=1.000
2025-10-25 15:32:44,919 - INFO - Starting synchronized X-Y VAD processing:
2025-10-25 15:32:44,919 - INFO -   X audio shape: (145920,), range: [-0.446686, 0.446655]
2025-10-25 15:32:44,919 - INFO -   Y audio shape: (145920,), range: [-0.067227, 0.059858]
2025-10-25 15:32:44,923 - INFO - Spectrogram shapes: X=(1025, 96), Y=(1025, 96)
2025-10-25 15:32:44,923 - INFO - Filtered spectrogram shapes: X=(116, 96), Y=(116, 96)
2025-10-25 15:32:44,923 - INFO - Original Y magnitude stats: mean=3.890406e-04, std=6.325805e-04
2025-10-25 15:32:44,923 - INFO - Original X magnitude stats: mean=6.083817e-03, std=3.296814e-03
2025-10-25 15:32:44,923 - INFO - Y values below threshold 1.00e-05: 0.5%
2025-10-25 15:32:44,924 - INFO - VAD mask applied: 99.5% time-frequency points retained
2025-10-25 15:32:44,924 - INFO - Y energy retained: 1.000
2025-10-25 15:32:44,924 - INFO - X energy retained: 0.996
2025-10-25 15:32:44,924 - INFO - Audio energy scaling: X=0.996, Y=1.000
2025-10-25 15:32:44,925 - INFO - Starting synchronized X-Y VAD processing:
2025-10-25 15:32:44,925 - INFO -   X audio shape: (145920,), range: [-0.446686, 0.446686]
2025-10-25 15:32:44,925 - INFO -   Y audio shape: (145920,), range: [-0.091026, 0.098206]
2025-10-25 15:32:44,929 - INFO - Spectrogram shapes: X=(1025, 96), Y=(1025, 96)
2025-10-25 15:32:44,929 - INFO - Filtered spectrogram shapes: X=(116, 96), Y=(116, 96)
2025-10-25 15:32:44,930 - INFO - Original Y magnitude stats: mean=3.913603e-04, std=6.327549e-04
2025-10-25 15:32:44,930 - INFO - Original X magnitude stats: mean=6.089183e-03, std=3.295978e-03
2025-10-25 15:32:44,930 - INFO - Y values below threshold 1.00e-05: 0.6%
2025-10-25 15:32:44,930 - INFO - VAD mask applied: 99.4% time-frequency points retained
2025-10-25 15:32:44,930 - INFO - Y energy retained: 1.000
2025-10-25 15:32:44,930 - INFO - X energy retained: 0.995
2025-10-25 15:32:44,930 - INFO - Audio energy scaling: X=0.995, Y=1.000
2025-10-25 15:32:44,931 - INFO - Processing angle_55...
2025-10-25 15:32:44,932 - INFO - Starting synchronized X-Y VAD processing:
2025-10-25 15:32:44,932 - INFO -   X audio shape: (145920,), range: [-0.446686, 0.446655]
2025-10-25 15:32:44,932 - INFO -   Y audio shape: (145920,), range: [-0.057359, 0.049387]
2025-10-25 15:32:44,936 - INFO - Spectrogram shapes: X=(1025, 96), Y=(1025, 96)
2025-10-25 15:32:44,936 - INFO - Filtered spectrogram shapes: X=(116, 96), Y=(116, 96)
2025-10-25 15:32:44,937 - INFO - Original Y magnitude stats: mean=3.938208e-04, std=6.370154e-04
2025-10-25 15:32:44,937 - INFO - Original X magnitude stats: mean=6.078750e-03, std=3.299912e-03
2025-10-25 15:32:44,937 - INFO - Y values below threshold 1.00e-05: 1.1%
2025-10-25 15:32:44,937 - INFO - VAD mask applied: 98.9% time-frequency points retained
2025-10-25 15:32:44,937 - INFO - Y energy retained: 1.000
2025-10-25 15:32:44,937 - INFO - X energy retained: 0.996
2025-10-25 15:32:44,937 - INFO - Audio energy scaling: X=0.996, Y=1.000
2025-10-25 15:32:44,939 - INFO - Starting synchronized X-Y VAD processing:
2025-10-25 15:32:44,939 - INFO -   X audio shape: (145920,), range: [-0.446686, 0.446655]
2025-10-25 15:32:44,939 - INFO -   Y audio shape: (145920,), range: [-0.079364, 0.064710]
2025-10-25 15:32:44,943 - INFO - Spectrogram shapes: X=(1025, 96), Y=(1025, 96)
2025-10-25 15:32:44,943 - INFO - Filtered spectrogram shapes: X=(116, 96), Y=(116, 96)
2025-10-25 15:32:44,943 - INFO - Original Y magnitude stats: mean=3.887659e-04, std=6.298558e-04
2025-10-25 15:32:44,943 - INFO - Original X magnitude stats: mean=6.083817e-03, std=3.296814e-03
2025-10-25 15:32:44,943 - INFO - Y values below threshold 1.00e-05: 1.1%
2025-10-25 15:32:44,943 - INFO - VAD mask applied: 98.9% time-frequency points retained
2025-10-25 15:32:44,943 - INFO - Y energy retained: 1.000
2025-10-25 15:32:44,943 - INFO - X energy retained: 0.997
2025-10-25 15:32:44,943 - INFO - Audio energy scaling: X=0.997, Y=1.000
2025-10-25 15:32:44,945 - INFO - Starting synchronized X-Y VAD processing:
2025-10-25 15:32:44,945 - INFO -   X audio shape: (145920,), range: [-0.446686, 0.446686]
2025-10-25 15:32:44,945 - INFO -   Y audio shape: (145920,), range: [-0.052542, 0.055770]
2025-10-25 15:32:44,948 - INFO - Spectrogram shapes: X=(1025, 96), Y=(1025, 96)
2025-10-25 15:32:44,948 - INFO - Filtered spectrogram shapes: X=(116, 96), Y=(116, 96)
2025-10-25 15:32:44,949 - INFO - Original Y magnitude stats: mean=3.875487e-04, std=6.282357e-04
2025-10-25 15:32:44,949 - INFO - Original X magnitude stats: mean=6.089183e-03, std=3.295978e-03
2025-10-25 15:32:44,949 - INFO - Y values below threshold 1.00e-05: 0.5%
2025-10-25 15:32:44,949 - INFO - VAD mask applied: 99.5% time-frequency points retained
2025-10-25 15:32:44,949 - INFO - Y energy retained: 1.000
2025-10-25 15:32:44,949 - INFO - X energy retained: 0.996
2025-10-25 15:32:44,949 - INFO - Audio energy scaling: X=0.996, Y=1.000
2025-10-25 15:32:44,950 - INFO - Processing angle_60...
2025-10-25 15:32:44,951 - INFO - Starting synchronized X-Y VAD processing:
2025-10-25 15:32:44,951 - INFO -   X audio shape: (145920,), range: [-0.446686, 0.446655]
2025-10-25 15:32:44,951 - INFO -   Y audio shape: (145920,), range: [-0.065285, 0.062519]
2025-10-25 15:32:44,954 - INFO - Spectrogram shapes: X=(1025, 96), Y=(1025, 96)
2025-10-25 15:32:44,954 - INFO - Filtered spectrogram shapes: X=(116, 96), Y=(116, 96)
2025-10-25 15:32:44,955 - INFO - Original Y magnitude stats: mean=4.052915e-04, std=6.161464e-04
2025-10-25 15:32:44,955 - INFO - Original X magnitude stats: mean=6.078750e-03, std=3.299912e-03
2025-10-25 15:32:44,955 - INFO - Y values below threshold 1.00e-05: 0.7%
2025-10-25 15:32:44,955 - INFO - VAD mask applied: 99.3% time-frequency points retained
2025-10-25 15:32:44,955 - INFO - Y energy retained: 1.000
2025-10-25 15:32:44,955 - INFO - X energy retained: 0.996
2025-10-25 15:32:44,955 - INFO - Audio energy scaling: X=0.996, Y=1.000
2025-10-25 15:32:44,957 - INFO - Starting synchronized X-Y VAD processing:
2025-10-25 15:32:44,957 - INFO -   X audio shape: (145920,), range: [-0.446686, 0.446655]
2025-10-25 15:32:44,957 - INFO -   Y audio shape: (145920,), range: [-0.060474, 0.053253]
2025-10-25 15:32:44,961 - INFO - Spectrogram shapes: X=(1025, 96), Y=(1025, 96)
2025-10-25 15:32:44,961 - INFO - Filtered spectrogram shapes: X=(116, 96), Y=(116, 96)
2025-10-25 15:32:44,961 - INFO - Original Y magnitude stats: mean=4.006096e-04, std=6.091156e-04
2025-10-25 15:32:44,961 - INFO - Original X magnitude stats: mean=6.083817e-03, std=3.296814e-03
2025-10-25 15:32:44,961 - INFO - Y values below threshold 1.00e-05: 0.4%
2025-10-25 15:32:44,961 - INFO - VAD mask applied: 99.6% time-frequency points retained
2025-10-25 15:32:44,961 - INFO - Y energy retained: 1.000
2025-10-25 15:32:44,961 - INFO - X energy retained: 0.996
2025-10-25 15:32:44,961 - INFO - Audio energy scaling: X=0.996, Y=1.000
2025-10-25 15:32:44,963 - INFO - Starting synchronized X-Y VAD processing:
2025-10-25 15:32:44,963 - INFO -   X audio shape: (145920,), range: [-0.446686, 0.446686]
2025-10-25 15:32:44,963 - INFO -   Y audio shape: (145920,), range: [-0.057633, 0.061917]
2025-10-25 15:32:44,967 - INFO - Spectrogram shapes: X=(1025, 96), Y=(1025, 96)
2025-10-25 15:32:44,968 - INFO - Filtered spectrogram shapes: X=(116, 96), Y=(116, 96)
2025-10-25 15:32:44,968 - INFO - Original Y magnitude stats: mean=4.006894e-04, std=6.093048e-04
2025-10-25 15:32:44,968 - INFO - Original X magnitude stats: mean=6.089183e-03, std=3.295978e-03
2025-10-25 15:32:44,968 - INFO - Y values below threshold 1.00e-05: 0.5%
2025-10-25 15:32:44,968 - INFO - VAD mask applied: 99.5% time-frequency points retained
2025-10-25 15:32:44,968 - INFO - Y energy retained: 1.000
2025-10-25 15:32:44,968 - INFO - X energy retained: 0.996
2025-10-25 15:32:44,968 - INFO - Audio energy scaling: X=0.996, Y=1.000
2025-10-25 15:32:44,969 - INFO - Processing angle_65...
2025-10-25 15:32:44,970 - INFO - Starting synchronized X-Y VAD processing:
2025-10-25 15:32:44,970 - INFO -   X audio shape: (145920,), range: [-0.446686, 0.446655]
2025-10-25 15:32:44,970 - INFO -   Y audio shape: (145920,), range: [-0.052403, 0.049253]
2025-10-25 15:32:44,975 - INFO - Spectrogram shapes: X=(1025, 96), Y=(1025, 96)
2025-10-25 15:32:44,975 - INFO - Filtered spectrogram shapes: X=(116, 96), Y=(116, 96)
2025-10-25 15:32:44,975 - INFO - Original Y magnitude stats: mean=3.680888e-04, std=5.514639e-04
2025-10-25 15:32:44,975 - INFO - Original X magnitude stats: mean=6.078750e-03, std=3.299912e-03
2025-10-25 15:32:44,975 - INFO - Y values below threshold 1.00e-05: 0.9%
2025-10-25 15:32:44,975 - INFO - VAD mask applied: 99.1% time-frequency points retained
2025-10-25 15:32:44,975 - INFO - Y energy retained: 1.000
2025-10-25 15:32:44,975 - INFO - X energy retained: 0.997
2025-10-25 15:32:44,976 - INFO - Audio energy scaling: X=0.997, Y=1.000
2025-10-25 15:32:44,977 - INFO - Starting synchronized X-Y VAD processing:
2025-10-25 15:32:44,977 - INFO -   X audio shape: (145920,), range: [-0.446686, 0.446655]
2025-10-25 15:32:44,977 - INFO -   Y audio shape: (145920,), range: [-0.056706, 0.052534]
2025-10-25 15:32:44,982 - INFO - Spectrogram shapes: X=(1025, 96), Y=(1025, 96)
2025-10-25 15:32:44,982 - INFO - Filtered spectrogram shapes: X=(116, 96), Y=(116, 96)
2025-10-25 15:32:44,982 - INFO - Original Y magnitude stats: mean=3.696272e-04, std=5.537054e-04
2025-10-25 15:32:44,982 - INFO - Original X magnitude stats: mean=6.083817e-03, std=3.296814e-03
2025-10-25 15:32:44,982 - INFO - Y values below threshold 1.00e-05: 0.6%
2025-10-25 15:32:44,982 - INFO - VAD mask applied: 99.4% time-frequency points retained
2025-10-25 15:32:44,982 - INFO - Y energy retained: 1.000
2025-10-25 15:32:44,982 - INFO - X energy retained: 0.996
2025-10-25 15:32:44,982 - INFO - Audio energy scaling: X=0.996, Y=1.000
2025-10-25 15:32:44,985 - INFO - Starting synchronized X-Y VAD processing:
2025-10-25 15:32:44,985 - INFO -   X audio shape: (145920,), range: [-0.446686, 0.446686]
2025-10-25 15:32:44,985 - INFO -   Y audio shape: (145920,), range: [-0.053932, 0.048310]
2025-10-25 15:32:44,988 - INFO - Spectrogram shapes: X=(1025, 96), Y=(1025, 96)
2025-10-25 15:32:44,989 - INFO - Filtered spectrogram shapes: X=(116, 96), Y=(116, 96)
2025-10-25 15:32:44,989 - INFO - Original Y magnitude stats: mean=3.672121e-04, std=5.506286e-04
2025-10-25 15:32:44,989 - INFO - Original X magnitude stats: mean=6.089183e-03, std=3.295978e-03
2025-10-25 15:32:44,989 - INFO - Y values below threshold 1.00e-05: 1.3%
2025-10-25 15:32:44,989 - INFO - VAD mask applied: 98.7% time-frequency points retained
2025-10-25 15:32:44,989 - INFO - Y energy retained: 1.000
2025-10-25 15:32:44,989 - INFO - X energy retained: 0.996
2025-10-25 15:32:44,989 - INFO - Audio energy scaling: X=0.996, Y=1.000
2025-10-25 15:32:44,994 - INFO - Processing angle_70...
2025-10-25 15:32:44,995 - INFO - Starting synchronized X-Y VAD processing:
2025-10-25 15:32:44,995 - INFO -   X audio shape: (145920,), range: [-0.446686, 0.446655]
2025-10-25 15:32:44,995 - INFO -   Y audio shape: (145920,), range: [-0.058009, 0.058214]
2025-10-25 15:32:44,999 - INFO - Spectrogram shapes: X=(1025, 96), Y=(1025, 96)
2025-10-25 15:32:45,000 - INFO - Filtered spectrogram shapes: X=(116, 96), Y=(116, 96)
2025-10-25 15:32:45,000 - INFO - Original Y magnitude stats: mean=3.962325e-04, std=6.000465e-04
2025-10-25 15:32:45,000 - INFO - Original X magnitude stats: mean=6.078750e-03, std=3.299912e-03
2025-10-25 15:32:45,000 - INFO - Y values below threshold 1.00e-05: 1.0%
2025-10-25 15:32:45,000 - INFO - VAD mask applied: 99.0% time-frequency points retained
2025-10-25 15:32:45,000 - INFO - Y energy retained: 1.000
2025-10-25 15:32:45,000 - INFO - X energy retained: 0.996
2025-10-25 15:32:45,000 - INFO - Audio energy scaling: X=0.996, Y=1.000
2025-10-25 15:32:45,002 - INFO - Starting synchronized X-Y VAD processing:
2025-10-25 15:32:45,002 - INFO -   X audio shape: (145920,), range: [-0.446686, 0.446655]
2025-10-25 15:32:45,002 - INFO -   Y audio shape: (145920,), range: [-0.060076, 0.065524]
2025-10-25 15:32:45,007 - INFO - Spectrogram shapes: X=(1025, 96), Y=(1025, 96)
2025-10-25 15:32:45,007 - INFO - Filtered spectrogram shapes: X=(116, 96), Y=(116, 96)
2025-10-25 15:32:45,007 - INFO - Original Y magnitude stats: mean=3.915826e-04, std=5.916179e-04
2025-10-25 15:32:45,007 - INFO - Original X magnitude stats: mean=6.083817e-03, std=3.296814e-03
2025-10-25 15:32:45,007 - INFO - Y values below threshold 1.00e-05: 0.5%
2025-10-25 15:32:45,007 - INFO - VAD mask applied: 99.5% time-frequency points retained
2025-10-25 15:32:45,007 - INFO - Y energy retained: 1.000
2025-10-25 15:32:45,007 - INFO - X energy retained: 0.997
2025-10-25 15:32:45,007 - INFO - Audio energy scaling: X=0.997, Y=1.000
2025-10-25 15:32:45,009 - INFO - Starting synchronized X-Y VAD processing:
2025-10-25 15:32:45,009 - INFO -   X audio shape: (145920,), range: [-0.446686, 0.446686]
2025-10-25 15:32:45,009 - INFO -   Y audio shape: (145920,), range: [-0.068624, 0.066604]
2025-10-25 15:32:45,013 - INFO - Spectrogram shapes: X=(1025, 96), Y=(1025, 96)
2025-10-25 15:32:45,013 - INFO - Filtered spectrogram shapes: X=(116, 96), Y=(116, 96)
2025-10-25 15:32:45,013 - INFO - Original Y magnitude stats: mean=3.920012e-04, std=5.911248e-04
2025-10-25 15:32:45,013 - INFO - Original X magnitude stats: mean=6.089183e-03, std=3.295978e-03
2025-10-25 15:32:45,013 - INFO - Y values below threshold 1.00e-05: 0.5%
2025-10-25 15:32:45,013 - INFO - VAD mask applied: 99.5% time-frequency points retained
2025-10-25 15:32:45,013 - INFO - Y energy retained: 1.000
2025-10-25 15:32:45,013 - INFO - X energy retained: 0.997
2025-10-25 15:32:45,014 - INFO - Audio energy scaling: X=0.997, Y=1.000
2025-10-25 15:32:45,015 - INFO - Processing angle_75...
2025-10-25 15:32:45,016 - INFO - Starting synchronized X-Y VAD processing:
2025-10-25 15:32:45,016 - INFO -   X audio shape: (145920,), range: [-0.446686, 0.446655]
2025-10-25 15:32:45,016 - INFO -   Y audio shape: (145920,), range: [-0.050824, 0.054489]
2025-10-25 15:32:45,020 - INFO - Spectrogram shapes: X=(1025, 96), Y=(1025, 96)
2025-10-25 15:32:45,020 - INFO - Filtered spectrogram shapes: X=(116, 96), Y=(116, 96)
2025-10-25 15:32:45,020 - INFO - Original Y magnitude stats: mean=4.018240e-04, std=5.925936e-04
2025-10-25 15:32:45,020 - INFO - Original X magnitude stats: mean=6.078750e-03, std=3.299912e-03
2025-10-25 15:32:45,020 - INFO - Y values below threshold 1.00e-05: 1.6%
2025-10-25 15:32:45,020 - INFO - VAD mask applied: 98.4% time-frequency points retained
2025-10-25 15:32:45,020 - INFO - Y energy retained: 1.000
2025-10-25 15:32:45,020 - INFO - X energy retained: 0.993
2025-10-25 15:32:45,020 - INFO - Audio energy scaling: X=0.993, Y=1.000
2025-10-25 15:32:45,022 - INFO - Starting synchronized X-Y VAD processing:
2025-10-25 15:32:45,022 - INFO -   X audio shape: (145920,), range: [-0.446686, 0.446655]
2025-10-25 15:32:45,022 - INFO -   Y audio shape: (145920,), range: [-0.062380, 0.054328]
2025-10-25 15:32:45,025 - INFO - Spectrogram shapes: X=(1025, 96), Y=(1025, 96)
2025-10-25 15:32:45,025 - INFO - Filtered spectrogram shapes: X=(116, 96), Y=(116, 96)
2025-10-25 15:32:45,026 - INFO - Original Y magnitude stats: mean=3.968560e-04, std=5.845341e-04
2025-10-25 15:32:45,026 - INFO - Original X magnitude stats: mean=6.083817e-03, std=3.296814e-03
2025-10-25 15:32:45,026 - INFO - Y values below threshold 1.00e-05: 1.5%
2025-10-25 15:32:45,026 - INFO - VAD mask applied: 98.5% time-frequency points retained
2025-10-25 15:32:45,026 - INFO - Y energy retained: 1.000
2025-10-25 15:32:45,026 - INFO - X energy retained: 0.993
2025-10-25 15:32:45,026 - INFO - Audio energy scaling: X=0.993, Y=1.000
2025-10-25 15:32:45,028 - INFO - Starting synchronized X-Y VAD processing:
2025-10-25 15:32:45,028 - INFO -   X audio shape: (145920,), range: [-0.446686, 0.446686]
2025-10-25 15:32:45,028 - INFO -   Y audio shape: (145920,), range: [-0.058558, 0.053524]
2025-10-25 15:32:45,031 - INFO - Spectrogram shapes: X=(1025, 96), Y=(1025, 96)
2025-10-25 15:32:45,031 - INFO - Filtered spectrogram shapes: X=(116, 96), Y=(116, 96)
2025-10-25 15:32:45,032 - INFO - Original Y magnitude stats: mean=3.989270e-04, std=5.866479e-04
2025-10-25 15:32:45,032 - INFO - Original X magnitude stats: mean=6.089183e-03, std=3.295978e-03
2025-10-25 15:32:45,032 - INFO - Y values below threshold 1.00e-05: 0.8%
2025-10-25 15:32:45,032 - INFO - VAD mask applied: 99.2% time-frequency points retained
2025-10-25 15:32:45,032 - INFO - Y energy retained: 1.000
2025-10-25 15:32:45,032 - INFO - X energy retained: 0.994
2025-10-25 15:32:45,032 - INFO - Audio energy scaling: X=0.994, Y=1.000
2025-10-25 15:32:45,033 - INFO - Processing angle_80...
2025-10-25 15:32:45,033 - INFO - Starting synchronized X-Y VAD processing:
2025-10-25 15:32:45,033 - INFO -   X audio shape: (145920,), range: [-0.446686, 0.446655]
2025-10-25 15:32:45,033 - INFO -   Y audio shape: (145920,), range: [-0.068928, 0.070221]
2025-10-25 15:32:45,037 - INFO - Spectrogram shapes: X=(1025, 96), Y=(1025, 96)
2025-10-25 15:32:45,037 - INFO - Filtered spectrogram shapes: X=(116, 96), Y=(116, 96)
2025-10-25 15:32:45,037 - INFO - Original Y magnitude stats: mean=4.903208e-04, std=7.440921e-04
2025-10-25 15:32:45,037 - INFO - Original X magnitude stats: mean=6.078750e-03, std=3.299912e-03
2025-10-25 15:32:45,037 - INFO - Y values below threshold 1.00e-05: 0.3%
2025-10-25 15:32:45,038 - INFO - VAD mask applied: 99.7% time-frequency points retained
2025-10-25 15:32:45,038 - INFO - Y energy retained: 1.000
2025-10-25 15:32:45,038 - INFO - X energy retained: 0.998
2025-10-25 15:32:45,038 - INFO - Audio energy scaling: X=0.998, Y=1.000
2025-10-25 15:32:45,039 - INFO - Starting synchronized X-Y VAD processing:
2025-10-25 15:32:45,039 - INFO -   X audio shape: (145920,), range: [-0.446686, 0.446655]
2025-10-25 15:32:45,039 - INFO -   Y audio shape: (145920,), range: [-0.082052, 0.072176]
2025-10-25 15:32:45,043 - INFO - Spectrogram shapes: X=(1025, 96), Y=(1025, 96)
2025-10-25 15:32:45,043 - INFO - Filtered spectrogram shapes: X=(116, 96), Y=(116, 96)
2025-10-25 15:32:45,043 - INFO - Original Y magnitude stats: mean=4.852966e-04, std=7.373618e-04
2025-10-25 15:32:45,043 - INFO - Original X magnitude stats: mean=6.083817e-03, std=3.296814e-03
2025-10-25 15:32:45,043 - INFO - Y values below threshold 1.00e-05: 0.4%
2025-10-25 15:32:45,043 - INFO - VAD mask applied: 99.6% time-frequency points retained
2025-10-25 15:32:45,043 - INFO - Y energy retained: 1.000
2025-10-25 15:32:45,044 - INFO - X energy retained: 0.996
2025-10-25 15:32:45,044 - INFO - Audio energy scaling: X=0.996, Y=1.000
2025-10-25 15:32:45,046 - INFO - Starting synchronized X-Y VAD processing:
2025-10-25 15:32:45,046 - INFO -   X audio shape: (145920,), range: [-0.446686, 0.446686]
2025-10-25 15:32:45,046 - INFO -   Y audio shape: (145920,), range: [-0.068215, 0.061965]
2025-10-25 15:32:45,050 - INFO - Spectrogram shapes: X=(1025, 96), Y=(1025, 96)
2025-10-25 15:32:45,050 - INFO - Filtered spectrogram shapes: X=(116, 96), Y=(116, 96)
2025-10-25 15:32:45,051 - INFO - Original Y magnitude stats: mean=4.852300e-04, std=7.371011e-04
2025-10-25 15:32:45,051 - INFO - Original X magnitude stats: mean=6.089183e-03, std=3.295978e-03
2025-10-25 15:32:45,051 - INFO - Y values below threshold 1.00e-05: 0.4%
2025-10-25 15:32:45,051 - INFO - VAD mask applied: 99.6% time-frequency points retained
2025-10-25 15:32:45,051 - INFO - Y energy retained: 1.000
2025-10-25 15:32:45,051 - INFO - X energy retained: 0.996
2025-10-25 15:32:45,051 - INFO - Audio energy scaling: X=0.996, Y=1.000
2025-10-25 15:32:45,052 - INFO - Processing angle_85...
2025-10-25 15:32:45,053 - INFO - Starting synchronized X-Y VAD processing:
2025-10-25 15:32:45,053 - INFO -   X audio shape: (145920,), range: [-0.446686, 0.446655]
2025-10-25 15:32:45,053 - INFO -   Y audio shape: (145920,), range: [-0.070258, 0.074767]
2025-10-25 15:32:45,057 - INFO - Spectrogram shapes: X=(1025, 96), Y=(1025, 96)
2025-10-25 15:32:45,057 - INFO - Filtered spectrogram shapes: X=(116, 96), Y=(116, 96)
2025-10-25 15:32:45,057 - INFO - Original Y magnitude stats: mean=5.334198e-04, std=7.352620e-04
2025-10-25 15:32:45,057 - INFO - Original X magnitude stats: mean=6.078750e-03, std=3.299912e-03
2025-10-25 15:32:45,057 - INFO - Y values below threshold 1.00e-05: 0.5%
2025-10-25 15:32:45,057 - INFO - VAD mask applied: 99.5% time-frequency points retained
2025-10-25 15:32:45,057 - INFO - Y energy retained: 1.000
2025-10-25 15:32:45,057 - INFO - X energy retained: 0.997
2025-10-25 15:32:45,058 - INFO - Audio energy scaling: X=0.997, Y=1.000
2025-10-25 15:32:45,059 - INFO - Starting synchronized X-Y VAD processing:
2025-10-25 15:32:45,059 - INFO -   X audio shape: (145920,), range: [-0.446686, 0.446655]
2025-10-25 15:32:45,059 - INFO -   Y audio shape: (145920,), range: [-0.074066, 0.083866]
2025-10-25 15:32:45,063 - INFO - Spectrogram shapes: X=(1025, 96), Y=(1025, 96)
2025-10-25 15:32:45,063 - INFO - Filtered spectrogram shapes: X=(116, 96), Y=(116, 96)
2025-10-25 15:32:45,063 - INFO - Original Y magnitude stats: mean=5.253187e-04, std=7.206966e-04
2025-10-25 15:32:45,063 - INFO - Original X magnitude stats: mean=6.083817e-03, std=3.296814e-03
2025-10-25 15:32:45,063 - INFO - Y values below threshold 1.00e-05: 0.5%
2025-10-25 15:32:45,063 - INFO - VAD mask applied: 99.5% time-frequency points retained
2025-10-25 15:32:45,063 - INFO - Y energy retained: 1.000
2025-10-25 15:32:45,063 - INFO - X energy retained: 0.997
2025-10-25 15:32:45,063 - INFO - Audio energy scaling: X=0.997, Y=1.000
2025-10-25 15:32:45,065 - INFO - Starting synchronized X-Y VAD processing:
2025-10-25 15:32:45,065 - INFO -   X audio shape: (145920,), range: [-0.446686, 0.446686]
2025-10-25 15:32:45,065 - INFO -   Y audio shape: (145920,), range: [-0.081582, 0.087496]
2025-10-25 15:32:45,068 - INFO - Spectrogram shapes: X=(1025, 96), Y=(1025, 96)
2025-10-25 15:32:45,069 - INFO - Filtered spectrogram shapes: X=(116, 96), Y=(116, 96)
2025-10-25 15:32:45,069 - INFO - Original Y magnitude stats: mean=5.253972e-04, std=7.189566e-04
2025-10-25 15:32:45,069 - INFO - Original X magnitude stats: mean=6.089183e-03, std=3.295978e-03
2025-10-25 15:32:45,069 - INFO - Y values below threshold 1.00e-05: 0.5%
2025-10-25 15:32:45,069 - INFO - VAD mask applied: 99.5% time-frequency points retained
2025-10-25 15:32:45,069 - INFO - Y energy retained: 1.000
2025-10-25 15:32:45,069 - INFO - X energy retained: 0.997
2025-10-25 15:32:45,069 - INFO - Audio energy scaling: X=0.997, Y=1.000
2025-10-25 15:32:45,070 - INFO - Processing angle_90...
2025-10-25 15:32:45,071 - INFO - Starting synchronized X-Y VAD processing:
2025-10-25 15:32:45,071 - INFO -   X audio shape: (145920,), range: [-0.446686, 0.446655]
2025-10-25 15:32:45,071 - INFO -   Y audio shape: (145920,), range: [-0.057002, 0.058990]
2025-10-25 15:32:45,075 - INFO - Spectrogram shapes: X=(1025, 96), Y=(1025, 96)
2025-10-25 15:32:45,075 - INFO - Filtered spectrogram shapes: X=(116, 96), Y=(116, 96)
2025-10-25 15:32:45,075 - INFO - Original Y magnitude stats: mean=3.915454e-04, std=5.464187e-04
2025-10-25 15:32:45,075 - INFO - Original X magnitude stats: mean=6.078750e-03, std=3.299912e-03
2025-10-25 15:32:45,075 - INFO - Y values below threshold 1.00e-05: 0.5%
2025-10-25 15:32:45,075 - INFO - VAD mask applied: 99.5% time-frequency points retained
2025-10-25 15:32:45,075 - INFO - Y energy retained: 1.000
2025-10-25 15:32:45,075 - INFO - X energy retained: 0.997
2025-10-25 15:32:45,076 - INFO - Audio energy scaling: X=0.997, Y=1.000
2025-10-25 15:32:45,079 - INFO - Starting synchronized X-Y VAD processing:
2025-10-25 15:32:45,079 - INFO -   X audio shape: (145920,), range: [-0.446686, 0.446655]
2025-10-25 15:32:45,079 - INFO -   Y audio shape: (145920,), range: [-0.047430, 0.057062]
2025-10-25 15:32:45,084 - INFO - Spectrogram shapes: X=(1025, 96), Y=(1025, 96)
2025-10-25 15:32:45,084 - INFO - Filtered spectrogram shapes: X=(116, 96), Y=(116, 96)
2025-10-25 15:32:45,084 - INFO - Original Y magnitude stats: mean=3.888378e-04, std=5.395683e-04
2025-10-25 15:32:45,084 - INFO - Original X magnitude stats: mean=6.083817e-03, std=3.296814e-03
2025-10-25 15:32:45,084 - INFO - Y values below threshold 1.00e-05: 0.6%
2025-10-25 15:32:45,084 - INFO - VAD mask applied: 99.4% time-frequency points retained
2025-10-25 15:32:45,084 - INFO - Y energy retained: 1.000
2025-10-25 15:32:45,084 - INFO - X energy retained: 0.996
2025-10-25 15:32:45,085 - INFO - Audio energy scaling: X=0.996, Y=1.000
2025-10-25 15:32:45,086 - INFO - Starting synchronized X-Y VAD processing:
2025-10-25 15:32:45,086 - INFO -   X audio shape: (145920,), range: [-0.446686, 0.446686]
2025-10-25 15:32:45,086 - INFO -   Y audio shape: (145920,), range: [-0.051023, 0.056904]
2025-10-25 15:32:45,090 - INFO - Spectrogram shapes: X=(1025, 96), Y=(1025, 96)
2025-10-25 15:32:45,090 - INFO - Filtered spectrogram shapes: X=(116, 96), Y=(116, 96)
2025-10-25 15:32:45,091 - INFO - Original Y magnitude stats: mean=3.880366e-04, std=5.355513e-04
2025-10-25 15:32:45,091 - INFO - Original X magnitude stats: mean=6.089183e-03, std=3.295978e-03
2025-10-25 15:32:45,091 - INFO - Y values below threshold 1.00e-05: 0.4%
2025-10-25 15:32:45,091 - INFO - VAD mask applied: 99.6% time-frequency points retained
2025-10-25 15:32:45,091 - INFO - Y energy retained: 1.000
2025-10-25 15:32:45,091 - INFO - X energy retained: 0.997
2025-10-25 15:32:45,091 - INFO - Audio energy scaling: X=0.997, Y=1.000
2025-10-25 15:32:45,092 - INFO - Processing angle_95...
2025-10-25 15:32:45,093 - INFO - Starting synchronized X-Y VAD processing:
2025-10-25 15:32:45,093 - INFO -   X audio shape: (145920,), range: [-0.446686, 0.446655]
2025-10-25 15:32:45,093 - INFO -   Y audio shape: (145920,), range: [-0.069125, 0.062099]
2025-10-25 15:32:45,096 - INFO - Spectrogram shapes: X=(1025, 96), Y=(1025, 96)
2025-10-25 15:32:45,096 - INFO - Filtered spectrogram shapes: X=(116, 96), Y=(116, 96)
2025-10-25 15:32:45,096 - INFO - Original Y magnitude stats: mean=5.212260e-04, std=6.574848e-04
2025-10-25 15:32:45,096 - INFO - Original X magnitude stats: mean=6.078750e-03, std=3.299912e-03
2025-10-25 15:32:45,097 - INFO - Y values below threshold 1.00e-05: 0.9%
2025-10-25 15:32:45,097 - INFO - VAD mask applied: 99.1% time-frequency points retained
2025-10-25 15:32:45,097 - INFO - Y energy retained: 1.000
2025-10-25 15:32:45,097 - INFO - X energy retained: 0.998
2025-10-25 15:32:45,097 - INFO - Audio energy scaling: X=0.998, Y=1.000
2025-10-25 15:32:45,099 - INFO - Starting synchronized X-Y VAD processing:
2025-10-25 15:32:45,099 - INFO -   X audio shape: (145920,), range: [-0.446686, 0.446655]
2025-10-25 15:32:45,099 - INFO -   Y audio shape: (145920,), range: [-0.069684, 0.067680]
2025-10-25 15:32:45,104 - INFO - Spectrogram shapes: X=(1025, 96), Y=(1025, 96)
2025-10-25 15:32:45,104 - INFO - Filtered spectrogram shapes: X=(116, 96), Y=(116, 96)
2025-10-25 15:32:45,104 - INFO - Original Y magnitude stats: mean=5.160543e-04, std=6.497282e-04
2025-10-25 15:32:45,104 - INFO - Original X magnitude stats: mean=6.083817e-03, std=3.296814e-03
2025-10-25 15:32:45,104 - INFO - Y values below threshold 1.00e-05: 0.3%
2025-10-25 15:32:45,104 - INFO - VAD mask applied: 99.7% time-frequency points retained
2025-10-25 15:32:45,104 - INFO - Y energy retained: 1.000
2025-10-25 15:32:45,105 - INFO - X energy retained: 0.998
2025-10-25 15:32:45,105 - INFO - Audio energy scaling: X=0.998, Y=1.000
2025-10-25 15:32:45,107 - INFO - Starting synchronized X-Y VAD processing:
2025-10-25 15:32:45,107 - INFO -   X audio shape: (145920,), range: [-0.446686, 0.446686]
2025-10-25 15:32:45,107 - INFO -   Y audio shape: (145920,), range: [-0.058891, 0.066141]
2025-10-25 15:32:45,111 - INFO - Spectrogram shapes: X=(1025, 96), Y=(1025, 96)
2025-10-25 15:32:45,111 - INFO - Filtered spectrogram shapes: X=(116, 96), Y=(116, 96)
2025-10-25 15:32:45,111 - INFO - Original Y magnitude stats: mean=5.152838e-04, std=6.480736e-04
2025-10-25 15:32:45,111 - INFO - Original X magnitude stats: mean=6.089183e-03, std=3.295978e-03
2025-10-25 15:32:45,111 - INFO - Y values below threshold 1.00e-05: 0.2%
2025-10-25 15:32:45,112 - INFO - VAD mask applied: 99.8% time-frequency points retained
2025-10-25 15:32:45,112 - INFO - Y energy retained: 1.000
2025-10-25 15:32:45,112 - INFO - X energy retained: 0.999
2025-10-25 15:32:45,112 - INFO - Audio energy scaling: X=0.999, Y=1.000
2025-10-25 15:32:45,113 - INFO - Synchronized X-Y VAD processing complete:
2025-10-25 15:32:45,113 - INFO -   Files processed: 111
2025-10-25 15:32:45,113 - INFO -   Common angles: 37
2025-10-25 15:32:45,113 - INFO -   Average X energy retained: 0.996
2025-10-25 15:32:45,113 - INFO -   Average Y energy retained: 1.000
2025-10-25 15:32:45,113 - INFO -   Synchronization success rate: 100.0%

======================================================================
SYNCHRONIZED X-Y SPECTROGRAM VAD PROCESSING SUMMARY
======================================================================
X input directory: /Users/sbplab/LDV-data-processed/white_noise_original_data_no_edge_for_vad
Y input directory: /Users/sbplab/LDV-data-processed/white_noise_box_data_no_edge
X output directory: /Users/sbplab/LDV-data-processed/white_noise_original_data_no_edge_sync_vad
Y output directory: /Users/sbplab/LDV-data-processed/white_noise_box_data_no_edge_sync_vad
VAD threshold: 1.00e-05
VAD method: soft
Files processed: 111
Common angles: 37
Average X energy retained: 99.6%
Average Y energy retained: 100.0%
Synchronization success rate: 100.0%

Ready for NMF reconstruction testing with synchronized VAD-processed X-Y data!
